[
  {
    "name": "Application Start",
    "start": 1565003894639,
    "end": 1565003896386,
    "duration": 1747,
    "pid": 8200,
    "index": 0
  },
  {
    "name": "Load Plugin",
    "start": 1565003894654,
    "end": 1565003894760,
    "duration": 106,
    "pid": 8200,
    "index": 1
  },
  {
    "name": "Load Config",
    "start": 1565003894760,
    "end": 1565003894828,
    "duration": 68,
    "pid": 8200,
    "index": 2
  },
  {
    "name": "Require(0) config/config.default.js",
    "start": 1565003894762,
    "end": 1565003894763,
    "duration": 1,
    "pid": 8200,
    "index": 3
  },
  {
    "name": "Require(1) node_modules/egg-session/config/config.default.js",
    "start": 1565003894768,
    "end": 1565003894769,
    "duration": 1,
    "pid": 8200,
    "index": 4
  },
  {
    "name": "Require(2) node_modules/egg-security/config/config.default.js",
    "start": 1565003894771,
    "end": 1565003894771,
    "duration": 0,
    "pid": 8200,
    "index": 5
  },
  {
    "name": "Require(3) node_modules/egg-jsonp/config/config.default.js",
    "start": 1565003894775,
    "end": 1565003894775,
    "duration": 0,
    "pid": 8200,
    "index": 6
  },
  {
    "name": "Require(4) node_modules/egg-onerror/config/config.default.js",
    "start": 1565003894777,
    "end": 1565003894778,
    "duration": 1,
    "pid": 8200,
    "index": 7
  },
  {
    "name": "Require(5) node_modules/egg-i18n/config/config.default.js",
    "start": 1565003894780,
    "end": 1565003894780,
    "duration": 0,
    "pid": 8200,
    "index": 8
  },
  {
    "name": "Require(6) node_modules/egg-watcher/config/config.default.js",
    "start": 1565003894782,
    "end": 1565003894783,
    "duration": 1,
    "pid": 8200,
    "index": 9
  },
  {
    "name": "Require(7) node_modules/egg-schedule/config/config.default.js",
    "start": 1565003894785,
    "end": 1565003894785,
    "duration": 0,
    "pid": 8200,
    "index": 10
  },
  {
    "name": "Require(8) node_modules/egg-multipart/config/config.default.js",
    "start": 1565003894787,
    "end": 1565003894788,
    "duration": 1,
    "pid": 8200,
    "index": 11
  },
  {
    "name": "Require(9) node_modules/egg-logrotator/config/config.default.js",
    "start": 1565003894791,
    "end": 1565003894793,
    "duration": 2,
    "pid": 8200,
    "index": 12
  },
  {
    "name": "Require(10) node_modules/egg-static/config/config.default.js",
    "start": 1565003894795,
    "end": 1565003894796,
    "duration": 1,
    "pid": 8200,
    "index": 13
  },
  {
    "name": "Require(11) node_modules/egg-view/config/config.default.js",
    "start": 1565003894797,
    "end": 1565003894798,
    "duration": 1,
    "pid": 8200,
    "index": 14
  },
  {
    "name": "Require(12) node_modules/egg-cors/config/config.default.js",
    "start": 1565003894801,
    "end": 1565003894802,
    "duration": 1,
    "pid": 8200,
    "index": 15
  },
  {
    "name": "Require(13) node_modules/egg-mysql/config/config.default.js",
    "start": 1565003894803,
    "end": 1565003894804,
    "duration": 1,
    "pid": 8200,
    "index": 16
  },
  {
    "name": "Require(14) node_modules/egg/config/config.default.js",
    "start": 1565003894805,
    "end": 1565003894806,
    "duration": 1,
    "pid": 8200,
    "index": 17
  },
  {
    "name": "Require(15) config/config.default.js",
    "start": 1565003894809,
    "end": 1565003894809,
    "duration": 0,
    "pid": 8200,
    "index": 18
  },
  {
    "name": "Require(16) node_modules/egg-static/config/config.prod.js",
    "start": 1565003894821,
    "end": 1565003894822,
    "duration": 1,
    "pid": 8200,
    "index": 19
  },
  {
    "name": "Load extend/application.js",
    "start": 1565003894831,
    "end": 1565003894903,
    "duration": 72,
    "pid": 8200,
    "index": 20
  },
  {
    "name": "Require(17) node_modules/egg-session/app/extend/application.js",
    "start": 1565003894833,
    "end": 1565003894834,
    "duration": 1,
    "pid": 8200,
    "index": 21
  },
  {
    "name": "Require(18) node_modules/egg-security/app/extend/application.js",
    "start": 1565003894835,
    "end": 1565003894839,
    "duration": 4,
    "pid": 8200,
    "index": 22
  },
  {
    "name": "Require(19) node_modules/egg-jsonp/app/extend/application.js",
    "start": 1565003894840,
    "end": 1565003894846,
    "duration": 6,
    "pid": 8200,
    "index": 23
  },
  {
    "name": "Require(20) node_modules/egg-logrotator/app/extend/application.js",
    "start": 1565003894852,
    "end": 1565003894878,
    "duration": 26,
    "pid": 8200,
    "index": 24
  },
  {
    "name": "Require(21) node_modules/egg-view/app/extend/application.js",
    "start": 1565003894880,
    "end": 1565003894885,
    "duration": 5,
    "pid": 8200,
    "index": 25
  },
  {
    "name": "Load extend/request.js",
    "start": 1565003894903,
    "end": 1565003894936,
    "duration": 33,
    "pid": 8200,
    "index": 26
  },
  {
    "name": "Require(22) node_modules/egg/app/extend/request.js",
    "start": 1565003894916,
    "end": 1565003894923,
    "duration": 7,
    "pid": 8200,
    "index": 27
  },
  {
    "name": "Load extend/response.js",
    "start": 1565003894936,
    "end": 1565003894982,
    "duration": 46,
    "pid": 8200,
    "index": 28
  },
  {
    "name": "Require(23) node_modules/egg/app/extend/response.js",
    "start": 1565003894951,
    "end": 1565003894958,
    "duration": 7,
    "pid": 8200,
    "index": 29
  },
  {
    "name": "Load extend/context.js",
    "start": 1565003894982,
    "end": 1565003895224,
    "duration": 242,
    "pid": 8200,
    "index": 30
  },
  {
    "name": "Require(24) node_modules/egg-security/app/extend/context.js",
    "start": 1565003894984,
    "end": 1565003895046,
    "duration": 62,
    "pid": 8200,
    "index": 31
  },
  {
    "name": "Require(25) node_modules/egg-jsonp/app/extend/context.js",
    "start": 1565003895047,
    "end": 1565003895055,
    "duration": 8,
    "pid": 8200,
    "index": 32
  },
  {
    "name": "Require(26) node_modules/egg-i18n/app/extend/context.js",
    "start": 1565003895059,
    "end": 1565003895060,
    "duration": 1,
    "pid": 8200,
    "index": 33
  },
  {
    "name": "Require(27) node_modules/egg-multipart/app/extend/context.js",
    "start": 1565003895064,
    "end": 1565003895185,
    "duration": 121,
    "pid": 8200,
    "index": 34
  },
  {
    "name": "Require(28) node_modules/egg-view/app/extend/context.js",
    "start": 1565003895189,
    "end": 1565003895192,
    "duration": 3,
    "pid": 8200,
    "index": 35
  },
  {
    "name": "Require(29) node_modules/egg-validate/app/extend/context.js",
    "start": 1565003895193,
    "end": 1565003895195,
    "duration": 2,
    "pid": 8200,
    "index": 36
  },
  {
    "name": "Require(30) node_modules/egg/app/extend/context.js",
    "start": 1565003895197,
    "end": 1565003895208,
    "duration": 11,
    "pid": 8200,
    "index": 37
  },
  {
    "name": "Load extend/helper.js",
    "start": 1565003895224,
    "end": 1565003895307,
    "duration": 83,
    "pid": 8200,
    "index": 38
  },
  {
    "name": "Require(31) node_modules/egg-security/app/extend/helper.js",
    "start": 1565003895226,
    "end": 1565003895282,
    "duration": 56,
    "pid": 8200,
    "index": 39
  },
  {
    "name": "Require(32) node_modules/egg/app/extend/helper.js",
    "start": 1565003895293,
    "end": 1565003895294,
    "duration": 1,
    "pid": 8200,
    "index": 40
  },
  {
    "name": "Load app.js",
    "start": 1565003895307,
    "end": 1565003895509,
    "duration": 202,
    "pid": 8200,
    "index": 41
  },
  {
    "name": "Require(33) node_modules/egg-session/app.js",
    "start": 1565003895309,
    "end": 1565003895309,
    "duration": 0,
    "pid": 8200,
    "index": 42
  },
  {
    "name": "Require(34) node_modules/egg-security/app.js",
    "start": 1565003895311,
    "end": 1565003895319,
    "duration": 8,
    "pid": 8200,
    "index": 43
  },
  {
    "name": "Require(35) node_modules/egg-onerror/app.js",
    "start": 1565003895322,
    "end": 1565003895359,
    "duration": 37,
    "pid": 8200,
    "index": 44
  },
  {
    "name": "Require(36) node_modules/egg-i18n/app.js",
    "start": 1565003895360,
    "end": 1565003895402,
    "duration": 42,
    "pid": 8200,
    "index": 45
  },
  {
    "name": "Require(37) node_modules/egg-watcher/app.js",
    "start": 1565003895403,
    "end": 1565003895418,
    "duration": 15,
    "pid": 8200,
    "index": 46
  },
  {
    "name": "Require(38) node_modules/egg-schedule/app.js",
    "start": 1565003895420,
    "end": 1565003895427,
    "duration": 7,
    "pid": 8200,
    "index": 47
  },
  {
    "name": "Require(39) node_modules/egg-multipart/app.js",
    "start": 1565003895428,
    "end": 1565003895438,
    "duration": 10,
    "pid": 8200,
    "index": 48
  },
  {
    "name": "Require(40) node_modules/egg-logrotator/app.js",
    "start": 1565003895440,
    "end": 1565003895441,
    "duration": 1,
    "pid": 8200,
    "index": 49
  },
  {
    "name": "Require(41) node_modules/egg-static/app.js",
    "start": 1565003895442,
    "end": 1565003895443,
    "duration": 1,
    "pid": 8200,
    "index": 50
  },
  {
    "name": "Require(42) node_modules/egg-validate/app.js",
    "start": 1565003895446,
    "end": 1565003895451,
    "duration": 5,
    "pid": 8200,
    "index": 51
  },
  {
    "name": "Require(43) node_modules/egg-cors/app.js",
    "start": 1565003895453,
    "end": 1565003895454,
    "duration": 1,
    "pid": 8200,
    "index": 52
  },
  {
    "name": "Require(44) node_modules/egg-mysql/app.js",
    "start": 1565003895455,
    "end": 1565003895504,
    "duration": 49,
    "pid": 8200,
    "index": 53
  },
  {
    "name": "Before Start in node_modules/egg-watcher/lib/init.js:15:14",
    "start": 1565003895548,
    "end": 1565003896379,
    "duration": 831,
    "pid": 8200,
    "index": 54
  },
  {
    "name": "Before Start in node_modules/egg-mysql/lib/mysql.js:20:7",
    "start": 1565003895868,
    "end": 1565003896383,
    "duration": 515,
    "pid": 8200,
    "index": 55
  },
  {
    "name": "Load Service",
    "start": 1565003895869,
    "end": 1565003895921,
    "duration": 52,
    "pid": 8200,
    "index": 56
  },
  {
    "name": "Load \"service\" to Context",
    "start": 1565003895869,
    "end": 1565003895921,
    "duration": 52,
    "pid": 8200,
    "index": 57
  },
  {
    "name": "Load Middleware",
    "start": 1565003895922,
    "end": 1565003896289,
    "duration": 367,
    "pid": 8200,
    "index": 58
  },
  {
    "name": "Load \"middlewares\" to Application",
    "start": 1565003895922,
    "end": 1565003896265,
    "duration": 343,
    "pid": 8200,
    "index": 59
  },
  {
    "name": "Load Controller",
    "start": 1565003896289,
    "end": 1565003896335,
    "duration": 46,
    "pid": 8200,
    "index": 60
  },
  {
    "name": "Load \"controller\" to Application",
    "start": 1565003896289,
    "end": 1565003896335,
    "duration": 46,
    "pid": 8200,
    "index": 61
  },
  {
    "name": "Load Router",
    "start": 1565003896335,
    "end": 1565003896342,
    "duration": 7,
    "pid": 8200,
    "index": 62
  },
  {
    "name": "Require(45) app/router.js",
    "start": 1565003896336,
    "end": 1565003896337,
    "duration": 1,
    "pid": 8200,
    "index": 63
  },
  {
    "name": "Before Start in node_modules/egg-core/lib/egg.js:303:10",
    "start": 1565003896338,
    "end": 1565003896362,
    "duration": 24,
    "pid": 8200,
    "index": 64
  }
]