[
  {
    "name": "Application Start",
    "start": 1565169290237,
    "end": 1565169292112,
    "duration": 1875,
    "pid": 16316,
    "index": 0
  },
  {
    "name": "Load Plugin",
    "start": 1565169290252,
    "end": 1565169290349,
    "duration": 97,
    "pid": 16316,
    "index": 1
  },
  {
    "name": "Load Config",
    "start": 1565169290349,
    "end": 1565169290437,
    "duration": 88,
    "pid": 16316,
    "index": 2
  },
  {
    "name": "Require(0) config/config.default.js",
    "start": 1565169290351,
    "end": 1565169290352,
    "duration": 1,
    "pid": 16316,
    "index": 3
  },
  {
    "name": "Require(1) node_modules/egg-session/config/config.default.js",
    "start": 1565169290357,
    "end": 1565169290357,
    "duration": 0,
    "pid": 16316,
    "index": 4
  },
  {
    "name": "Require(2) node_modules/egg-security/config/config.default.js",
    "start": 1565169290359,
    "end": 1565169290360,
    "duration": 1,
    "pid": 16316,
    "index": 5
  },
  {
    "name": "Require(3) node_modules/egg-jsonp/config/config.default.js",
    "start": 1565169290363,
    "end": 1565169290363,
    "duration": 0,
    "pid": 16316,
    "index": 6
  },
  {
    "name": "Require(4) node_modules/egg-onerror/config/config.default.js",
    "start": 1565169290365,
    "end": 1565169290366,
    "duration": 1,
    "pid": 16316,
    "index": 7
  },
  {
    "name": "Require(5) node_modules/egg-i18n/config/config.default.js",
    "start": 1565169290369,
    "end": 1565169290370,
    "duration": 1,
    "pid": 16316,
    "index": 8
  },
  {
    "name": "Require(6) node_modules/egg-watcher/config/config.default.js",
    "start": 1565169290372,
    "end": 1565169290372,
    "duration": 0,
    "pid": 16316,
    "index": 9
  },
  {
    "name": "Require(7) node_modules/egg-schedule/config/config.default.js",
    "start": 1565169290374,
    "end": 1565169290375,
    "duration": 1,
    "pid": 16316,
    "index": 10
  },
  {
    "name": "Require(8) node_modules/egg-multipart/config/config.default.js",
    "start": 1565169290377,
    "end": 1565169290377,
    "duration": 0,
    "pid": 16316,
    "index": 11
  },
  {
    "name": "Require(9) node_modules/egg-logrotator/config/config.default.js",
    "start": 1565169290380,
    "end": 1565169290380,
    "duration": 0,
    "pid": 16316,
    "index": 12
  },
  {
    "name": "Require(10) node_modules/egg-static/config/config.default.js",
    "start": 1565169290382,
    "end": 1565169290383,
    "duration": 1,
    "pid": 16316,
    "index": 13
  },
  {
    "name": "Require(11) node_modules/egg-view/config/config.default.js",
    "start": 1565169290385,
    "end": 1565169290386,
    "duration": 1,
    "pid": 16316,
    "index": 14
  },
  {
    "name": "Require(12) node_modules/egg-cors/config/config.default.js",
    "start": 1565169290389,
    "end": 1565169290390,
    "duration": 1,
    "pid": 16316,
    "index": 15
  },
  {
    "name": "Require(13) node_modules/egg-mysql/config/config.default.js",
    "start": 1565169290392,
    "end": 1565169290392,
    "duration": 0,
    "pid": 16316,
    "index": 16
  },
  {
    "name": "Require(14) node_modules/egg/config/config.default.js",
    "start": 1565169290396,
    "end": 1565169290410,
    "duration": 14,
    "pid": 16316,
    "index": 17
  },
  {
    "name": "Require(15) config/config.default.js",
    "start": 1565169290414,
    "end": 1565169290414,
    "duration": 0,
    "pid": 16316,
    "index": 18
  },
  {
    "name": "Require(16) node_modules/egg-static/config/config.prod.js",
    "start": 1565169290431,
    "end": 1565169290432,
    "duration": 1,
    "pid": 16316,
    "index": 19
  },
  {
    "name": "Load extend/application.js",
    "start": 1565169290439,
    "end": 1565169290507,
    "duration": 68,
    "pid": 16316,
    "index": 20
  },
  {
    "name": "Require(17) node_modules/egg-session/app/extend/application.js",
    "start": 1565169290441,
    "end": 1565169290442,
    "duration": 1,
    "pid": 16316,
    "index": 21
  },
  {
    "name": "Require(18) node_modules/egg-security/app/extend/application.js",
    "start": 1565169290444,
    "end": 1565169290448,
    "duration": 4,
    "pid": 16316,
    "index": 22
  },
  {
    "name": "Require(19) node_modules/egg-jsonp/app/extend/application.js",
    "start": 1565169290450,
    "end": 1565169290455,
    "duration": 5,
    "pid": 16316,
    "index": 23
  },
  {
    "name": "Require(20) node_modules/egg-logrotator/app/extend/application.js",
    "start": 1565169290460,
    "end": 1565169290485,
    "duration": 25,
    "pid": 16316,
    "index": 24
  },
  {
    "name": "Require(21) node_modules/egg-view/app/extend/application.js",
    "start": 1565169290487,
    "end": 1565169290491,
    "duration": 4,
    "pid": 16316,
    "index": 25
  },
  {
    "name": "Load extend/request.js",
    "start": 1565169290507,
    "end": 1565169290538,
    "duration": 31,
    "pid": 16316,
    "index": 26
  },
  {
    "name": "Require(22) node_modules/egg/app/extend/request.js",
    "start": 1565169290521,
    "end": 1565169290525,
    "duration": 4,
    "pid": 16316,
    "index": 27
  },
  {
    "name": "Load extend/response.js",
    "start": 1565169290538,
    "end": 1565169290570,
    "duration": 32,
    "pid": 16316,
    "index": 28
  },
  {
    "name": "Require(23) node_modules/egg/app/extend/response.js",
    "start": 1565169290551,
    "end": 1565169290557,
    "duration": 6,
    "pid": 16316,
    "index": 29
  },
  {
    "name": "Load extend/context.js",
    "start": 1565169290570,
    "end": 1565169290817,
    "duration": 247,
    "pid": 16316,
    "index": 30
  },
  {
    "name": "Require(24) node_modules/egg-security/app/extend/context.js",
    "start": 1565169290573,
    "end": 1565169290636,
    "duration": 63,
    "pid": 16316,
    "index": 31
  },
  {
    "name": "Require(25) node_modules/egg-jsonp/app/extend/context.js",
    "start": 1565169290637,
    "end": 1565169290642,
    "duration": 5,
    "pid": 16316,
    "index": 32
  },
  {
    "name": "Require(26) node_modules/egg-i18n/app/extend/context.js",
    "start": 1565169290644,
    "end": 1565169290645,
    "duration": 1,
    "pid": 16316,
    "index": 33
  },
  {
    "name": "Require(27) node_modules/egg-multipart/app/extend/context.js",
    "start": 1565169290649,
    "end": 1565169290774,
    "duration": 125,
    "pid": 16316,
    "index": 34
  },
  {
    "name": "Require(28) node_modules/egg-view/app/extend/context.js",
    "start": 1565169290777,
    "end": 1565169290780,
    "duration": 3,
    "pid": 16316,
    "index": 35
  },
  {
    "name": "Require(29) node_modules/egg-validate/app/extend/context.js",
    "start": 1565169290785,
    "end": 1565169290786,
    "duration": 1,
    "pid": 16316,
    "index": 36
  },
  {
    "name": "Require(30) node_modules/egg/app/extend/context.js",
    "start": 1565169290788,
    "end": 1565169290801,
    "duration": 13,
    "pid": 16316,
    "index": 37
  },
  {
    "name": "Load extend/helper.js",
    "start": 1565169290817,
    "end": 1565169290915,
    "duration": 98,
    "pid": 16316,
    "index": 38
  },
  {
    "name": "Require(31) node_modules/egg-security/app/extend/helper.js",
    "start": 1565169290819,
    "end": 1565169290884,
    "duration": 65,
    "pid": 16316,
    "index": 39
  },
  {
    "name": "Require(32) node_modules/egg/app/extend/helper.js",
    "start": 1565169290898,
    "end": 1565169290900,
    "duration": 2,
    "pid": 16316,
    "index": 40
  },
  {
    "name": "Load app.js",
    "start": 1565169290915,
    "end": 1565169291131,
    "duration": 216,
    "pid": 16316,
    "index": 41
  },
  {
    "name": "Require(33) node_modules/egg-session/app.js",
    "start": 1565169290917,
    "end": 1565169290917,
    "duration": 0,
    "pid": 16316,
    "index": 42
  },
  {
    "name": "Require(34) node_modules/egg-security/app.js",
    "start": 1565169290919,
    "end": 1565169290926,
    "duration": 7,
    "pid": 16316,
    "index": 43
  },
  {
    "name": "Require(35) node_modules/egg-onerror/app.js",
    "start": 1565169290928,
    "end": 1565169290975,
    "duration": 47,
    "pid": 16316,
    "index": 44
  },
  {
    "name": "Require(36) node_modules/egg-i18n/app.js",
    "start": 1565169290976,
    "end": 1565169291013,
    "duration": 37,
    "pid": 16316,
    "index": 45
  },
  {
    "name": "Require(37) node_modules/egg-watcher/app.js",
    "start": 1565169291015,
    "end": 1565169291029,
    "duration": 14,
    "pid": 16316,
    "index": 46
  },
  {
    "name": "Require(38) node_modules/egg-schedule/app.js",
    "start": 1565169291031,
    "end": 1565169291038,
    "duration": 7,
    "pid": 16316,
    "index": 47
  },
  {
    "name": "Require(39) node_modules/egg-multipart/app.js",
    "start": 1565169291039,
    "end": 1565169291051,
    "duration": 12,
    "pid": 16316,
    "index": 48
  },
  {
    "name": "Require(40) node_modules/egg-logrotator/app.js",
    "start": 1565169291052,
    "end": 1565169291053,
    "duration": 1,
    "pid": 16316,
    "index": 49
  },
  {
    "name": "Require(41) node_modules/egg-static/app.js",
    "start": 1565169291054,
    "end": 1565169291055,
    "duration": 1,
    "pid": 16316,
    "index": 50
  },
  {
    "name": "Require(42) node_modules/egg-validate/app.js",
    "start": 1565169291058,
    "end": 1565169291064,
    "duration": 6,
    "pid": 16316,
    "index": 51
  },
  {
    "name": "Require(43) node_modules/egg-cors/app.js",
    "start": 1565169291066,
    "end": 1565169291067,
    "duration": 1,
    "pid": 16316,
    "index": 52
  },
  {
    "name": "Require(44) node_modules/egg-mysql/app.js",
    "start": 1565169291068,
    "end": 1565169291127,
    "duration": 59,
    "pid": 16316,
    "index": 53
  },
  {
    "name": "Before Start in node_modules/egg-watcher/lib/init.js:15:14",
    "start": 1565169291169,
    "end": 1565169292104,
    "duration": 935,
    "pid": 16316,
    "index": 54
  },
  {
    "name": "Before Start in node_modules/egg-mysql/lib/mysql.js:20:7",
    "start": 1565169291539,
    "end": 1565169292108,
    "duration": 569,
    "pid": 16316,
    "index": 55
  },
  {
    "name": "Load Service",
    "start": 1565169291539,
    "end": 1565169291603,
    "duration": 64,
    "pid": 16316,
    "index": 56
  },
  {
    "name": "Load \"service\" to Context",
    "start": 1565169291540,
    "end": 1565169291603,
    "duration": 63,
    "pid": 16316,
    "index": 57
  },
  {
    "name": "Load Middleware",
    "start": 1565169291603,
    "end": 1565169292007,
    "duration": 404,
    "pid": 16316,
    "index": 58
  },
  {
    "name": "Load \"middlewares\" to Application",
    "start": 1565169291604,
    "end": 1565169291982,
    "duration": 378,
    "pid": 16316,
    "index": 59
  },
  {
    "name": "Load Controller",
    "start": 1565169292008,
    "end": 1565169292050,
    "duration": 42,
    "pid": 16316,
    "index": 60
  },
  {
    "name": "Load \"controller\" to Application",
    "start": 1565169292008,
    "end": 1565169292050,
    "duration": 42,
    "pid": 16316,
    "index": 61
  },
  {
    "name": "Load Router",
    "start": 1565169292051,
    "end": 1565169292055,
    "duration": 4,
    "pid": 16316,
    "index": 62
  },
  {
    "name": "Require(45) app/router.js",
    "start": 1565169292052,
    "end": 1565169292052,
    "duration": 0,
    "pid": 16316,
    "index": 63
  },
  {
    "name": "Before Start in node_modules/egg-core/lib/egg.js:303:10",
    "start": 1565169292053,
    "end": 1565169292071,
    "duration": 18,
    "pid": 16316,
    "index": 64
  }
]