[
  {
    "name": "Application Start",
    "start": 1565141993616,
    "end": 1565141995592,
    "duration": 1976,
    "pid": 16432,
    "index": 0
  },
  {
    "name": "Load Plugin",
    "start": 1565141993631,
    "end": 1565141993717,
    "duration": 86,
    "pid": 16432,
    "index": 1
  },
  {
    "name": "Load Config",
    "start": 1565141993718,
    "end": 1565141993779,
    "duration": 61,
    "pid": 16432,
    "index": 2
  },
  {
    "name": "Require(0) config/config.default.js",
    "start": 1565141993720,
    "end": 1565141993720,
    "duration": 0,
    "pid": 16432,
    "index": 3
  },
  {
    "name": "Require(1) node_modules/egg-session/config/config.default.js",
    "start": 1565141993725,
    "end": 1565141993726,
    "duration": 1,
    "pid": 16432,
    "index": 4
  },
  {
    "name": "Require(2) node_modules/egg-security/config/config.default.js",
    "start": 1565141993728,
    "end": 1565141993728,
    "duration": 0,
    "pid": 16432,
    "index": 5
  },
  {
    "name": "Require(3) node_modules/egg-jsonp/config/config.default.js",
    "start": 1565141993731,
    "end": 1565141993732,
    "duration": 1,
    "pid": 16432,
    "index": 6
  },
  {
    "name": "Require(4) node_modules/egg-onerror/config/config.default.js",
    "start": 1565141993733,
    "end": 1565141993734,
    "duration": 1,
    "pid": 16432,
    "index": 7
  },
  {
    "name": "Require(5) node_modules/egg-i18n/config/config.default.js",
    "start": 1565141993736,
    "end": 1565141993736,
    "duration": 0,
    "pid": 16432,
    "index": 8
  },
  {
    "name": "Require(6) node_modules/egg-watcher/config/config.default.js",
    "start": 1565141993738,
    "end": 1565141993739,
    "duration": 1,
    "pid": 16432,
    "index": 9
  },
  {
    "name": "Require(7) node_modules/egg-schedule/config/config.default.js",
    "start": 1565141993741,
    "end": 1565141993741,
    "duration": 0,
    "pid": 16432,
    "index": 10
  },
  {
    "name": "Require(8) node_modules/egg-multipart/config/config.default.js",
    "start": 1565141993743,
    "end": 1565141993744,
    "duration": 1,
    "pid": 16432,
    "index": 11
  },
  {
    "name": "Require(9) node_modules/egg-logrotator/config/config.default.js",
    "start": 1565141993746,
    "end": 1565141993747,
    "duration": 1,
    "pid": 16432,
    "index": 12
  },
  {
    "name": "Require(10) node_modules/egg-static/config/config.default.js",
    "start": 1565141993749,
    "end": 1565141993749,
    "duration": 0,
    "pid": 16432,
    "index": 13
  },
  {
    "name": "Require(11) node_modules/egg-view/config/config.default.js",
    "start": 1565141993751,
    "end": 1565141993752,
    "duration": 1,
    "pid": 16432,
    "index": 14
  },
  {
    "name": "Require(12) node_modules/egg-cors/config/config.default.js",
    "start": 1565141993754,
    "end": 1565141993755,
    "duration": 1,
    "pid": 16432,
    "index": 15
  },
  {
    "name": "Require(13) node_modules/egg-mysql/config/config.default.js",
    "start": 1565141993757,
    "end": 1565141993757,
    "duration": 0,
    "pid": 16432,
    "index": 16
  },
  {
    "name": "Require(14) node_modules/egg/config/config.default.js",
    "start": 1565141993759,
    "end": 1565141993760,
    "duration": 1,
    "pid": 16432,
    "index": 17
  },
  {
    "name": "Require(15) config/config.default.js",
    "start": 1565141993762,
    "end": 1565141993762,
    "duration": 0,
    "pid": 16432,
    "index": 18
  },
  {
    "name": "Require(16) node_modules/egg-static/config/config.prod.js",
    "start": 1565141993773,
    "end": 1565141993773,
    "duration": 0,
    "pid": 16432,
    "index": 19
  },
  {
    "name": "Load extend/application.js",
    "start": 1565141993781,
    "end": 1565141993889,
    "duration": 108,
    "pid": 16432,
    "index": 20
  },
  {
    "name": "Require(17) node_modules/egg-session/app/extend/application.js",
    "start": 1565141993783,
    "end": 1565141993784,
    "duration": 1,
    "pid": 16432,
    "index": 21
  },
  {
    "name": "Require(18) node_modules/egg-security/app/extend/application.js",
    "start": 1565141993786,
    "end": 1565141993790,
    "duration": 4,
    "pid": 16432,
    "index": 22
  },
  {
    "name": "Require(19) node_modules/egg-jsonp/app/extend/application.js",
    "start": 1565141993792,
    "end": 1565141993798,
    "duration": 6,
    "pid": 16432,
    "index": 23
  },
  {
    "name": "Require(20) node_modules/egg-logrotator/app/extend/application.js",
    "start": 1565141993804,
    "end": 1565141993849,
    "duration": 45,
    "pid": 16432,
    "index": 24
  },
  {
    "name": "Require(21) node_modules/egg-view/app/extend/application.js",
    "start": 1565141993859,
    "end": 1565141993868,
    "duration": 9,
    "pid": 16432,
    "index": 25
  },
  {
    "name": "Load extend/request.js",
    "start": 1565141993889,
    "end": 1565141993933,
    "duration": 44,
    "pid": 16432,
    "index": 26
  },
  {
    "name": "Require(22) node_modules/egg/app/extend/request.js",
    "start": 1565141993912,
    "end": 1565141993918,
    "duration": 6,
    "pid": 16432,
    "index": 27
  },
  {
    "name": "Load extend/response.js",
    "start": 1565141993933,
    "end": 1565141993971,
    "duration": 38,
    "pid": 16432,
    "index": 28
  },
  {
    "name": "Require(23) node_modules/egg/app/extend/response.js",
    "start": 1565141993948,
    "end": 1565141993955,
    "duration": 7,
    "pid": 16432,
    "index": 29
  },
  {
    "name": "Load extend/context.js",
    "start": 1565141993971,
    "end": 1565141994216,
    "duration": 245,
    "pid": 16432,
    "index": 30
  },
  {
    "name": "Require(24) node_modules/egg-security/app/extend/context.js",
    "start": 1565141993973,
    "end": 1565141994034,
    "duration": 61,
    "pid": 16432,
    "index": 31
  },
  {
    "name": "Require(25) node_modules/egg-jsonp/app/extend/context.js",
    "start": 1565141994036,
    "end": 1565141994041,
    "duration": 5,
    "pid": 16432,
    "index": 32
  },
  {
    "name": "Require(26) node_modules/egg-i18n/app/extend/context.js",
    "start": 1565141994044,
    "end": 1565141994045,
    "duration": 1,
    "pid": 16432,
    "index": 33
  },
  {
    "name": "Require(27) node_modules/egg-multipart/app/extend/context.js",
    "start": 1565141994048,
    "end": 1565141994181,
    "duration": 133,
    "pid": 16432,
    "index": 34
  },
  {
    "name": "Require(28) node_modules/egg-view/app/extend/context.js",
    "start": 1565141994183,
    "end": 1565141994186,
    "duration": 3,
    "pid": 16432,
    "index": 35
  },
  {
    "name": "Require(29) node_modules/egg-validate/app/extend/context.js",
    "start": 1565141994188,
    "end": 1565141994189,
    "duration": 1,
    "pid": 16432,
    "index": 36
  },
  {
    "name": "Require(30) node_modules/egg/app/extend/context.js",
    "start": 1565141994192,
    "end": 1565141994203,
    "duration": 11,
    "pid": 16432,
    "index": 37
  },
  {
    "name": "Load extend/helper.js",
    "start": 1565141994216,
    "end": 1565141994301,
    "duration": 85,
    "pid": 16432,
    "index": 38
  },
  {
    "name": "Require(31) node_modules/egg-security/app/extend/helper.js",
    "start": 1565141994218,
    "end": 1565141994277,
    "duration": 59,
    "pid": 16432,
    "index": 39
  },
  {
    "name": "Require(32) node_modules/egg/app/extend/helper.js",
    "start": 1565141994287,
    "end": 1565141994288,
    "duration": 1,
    "pid": 16432,
    "index": 40
  },
  {
    "name": "Load app.js",
    "start": 1565141994301,
    "end": 1565141994534,
    "duration": 233,
    "pid": 16432,
    "index": 41
  },
  {
    "name": "Require(33) node_modules/egg-session/app.js",
    "start": 1565141994302,
    "end": 1565141994303,
    "duration": 1,
    "pid": 16432,
    "index": 42
  },
  {
    "name": "Require(34) node_modules/egg-security/app.js",
    "start": 1565141994304,
    "end": 1565141994312,
    "duration": 8,
    "pid": 16432,
    "index": 43
  },
  {
    "name": "Require(35) node_modules/egg-onerror/app.js",
    "start": 1565141994315,
    "end": 1565141994375,
    "duration": 60,
    "pid": 16432,
    "index": 44
  },
  {
    "name": "Require(36) node_modules/egg-i18n/app.js",
    "start": 1565141994376,
    "end": 1565141994429,
    "duration": 53,
    "pid": 16432,
    "index": 45
  },
  {
    "name": "Require(37) node_modules/egg-watcher/app.js",
    "start": 1565141994431,
    "end": 1565141994448,
    "duration": 17,
    "pid": 16432,
    "index": 46
  },
  {
    "name": "Require(38) node_modules/egg-schedule/app.js",
    "start": 1565141994449,
    "end": 1565141994455,
    "duration": 6,
    "pid": 16432,
    "index": 47
  },
  {
    "name": "Require(39) node_modules/egg-multipart/app.js",
    "start": 1565141994457,
    "end": 1565141994468,
    "duration": 11,
    "pid": 16432,
    "index": 48
  },
  {
    "name": "Require(40) node_modules/egg-logrotator/app.js",
    "start": 1565141994469,
    "end": 1565141994470,
    "duration": 1,
    "pid": 16432,
    "index": 49
  },
  {
    "name": "Require(41) node_modules/egg-static/app.js",
    "start": 1565141994471,
    "end": 1565141994472,
    "duration": 1,
    "pid": 16432,
    "index": 50
  },
  {
    "name": "Require(42) node_modules/egg-validate/app.js",
    "start": 1565141994475,
    "end": 1565141994480,
    "duration": 5,
    "pid": 16432,
    "index": 51
  },
  {
    "name": "Require(43) node_modules/egg-cors/app.js",
    "start": 1565141994481,
    "end": 1565141994483,
    "duration": 2,
    "pid": 16432,
    "index": 52
  },
  {
    "name": "Require(44) node_modules/egg-mysql/app.js",
    "start": 1565141994484,
    "end": 1565141994530,
    "duration": 46,
    "pid": 16432,
    "index": 53
  },
  {
    "name": "Before Start in node_modules/egg-watcher/lib/init.js:15:14",
    "start": 1565141994570,
    "end": 1565141995584,
    "duration": 1014,
    "pid": 16432,
    "index": 54
  },
  {
    "name": "Before Start in node_modules/egg-mysql/lib/mysql.js:20:7",
    "start": 1565141994887,
    "end": 1565141995588,
    "duration": 701,
    "pid": 16432,
    "index": 55
  },
  {
    "name": "Load Service",
    "start": 1565141994887,
    "end": 1565141994948,
    "duration": 61,
    "pid": 16432,
    "index": 56
  },
  {
    "name": "Load \"service\" to Context",
    "start": 1565141994888,
    "end": 1565141994948,
    "duration": 60,
    "pid": 16432,
    "index": 57
  },
  {
    "name": "Load Middleware",
    "start": 1565141994948,
    "end": 1565141995438,
    "duration": 490,
    "pid": 16432,
    "index": 58
  },
  {
    "name": "Load \"middlewares\" to Application",
    "start": 1565141994948,
    "end": 1565141995400,
    "duration": 452,
    "pid": 16432,
    "index": 59
  },
  {
    "name": "Load Controller",
    "start": 1565141995438,
    "end": 1565141995512,
    "duration": 74,
    "pid": 16432,
    "index": 60
  },
  {
    "name": "Load \"controller\" to Application",
    "start": 1565141995438,
    "end": 1565141995512,
    "duration": 74,
    "pid": 16432,
    "index": 61
  },
  {
    "name": "Load Router",
    "start": 1565141995512,
    "end": 1565141995524,
    "duration": 12,
    "pid": 16432,
    "index": 62
  },
  {
    "name": "Require(45) app/router.js",
    "start": 1565141995513,
    "end": 1565141995515,
    "duration": 2,
    "pid": 16432,
    "index": 63
  },
  {
    "name": "Before Start in node_modules/egg-core/lib/egg.js:303:10",
    "start": 1565141995516,
    "end": 1565141995549,
    "duration": 33,
    "pid": 16432,
    "index": 64
  }
]