[
  {
    "name": "Application Start",
    "start": 1565169133721,
    "end": 1565169135944,
    "duration": 2223,
    "pid": 17296,
    "index": 0
  },
  {
    "name": "Load Plugin",
    "start": 1565169133736,
    "end": 1565169133832,
    "duration": 96,
    "pid": 17296,
    "index": 1
  },
  {
    "name": "Load Config",
    "start": 1565169133833,
    "end": 1565169133926,
    "duration": 93,
    "pid": 17296,
    "index": 2
  },
  {
    "name": "Require(0) config/config.default.js",
    "start": 1565169133835,
    "end": 1565169133836,
    "duration": 1,
    "pid": 17296,
    "index": 3
  },
  {
    "name": "Require(1) node_modules/egg-session/config/config.default.js",
    "start": 1565169133841,
    "end": 1565169133842,
    "duration": 1,
    "pid": 17296,
    "index": 4
  },
  {
    "name": "Require(2) node_modules/egg-security/config/config.default.js",
    "start": 1565169133847,
    "end": 1565169133848,
    "duration": 1,
    "pid": 17296,
    "index": 5
  },
  {
    "name": "Require(3) node_modules/egg-jsonp/config/config.default.js",
    "start": 1565169133855,
    "end": 1565169133856,
    "duration": 1,
    "pid": 17296,
    "index": 6
  },
  {
    "name": "Require(4) node_modules/egg-onerror/config/config.default.js",
    "start": 1565169133859,
    "end": 1565169133859,
    "duration": 0,
    "pid": 17296,
    "index": 7
  },
  {
    "name": "Require(5) node_modules/egg-i18n/config/config.default.js",
    "start": 1565169133862,
    "end": 1565169133862,
    "duration": 0,
    "pid": 17296,
    "index": 8
  },
  {
    "name": "Require(6) node_modules/egg-watcher/config/config.default.js",
    "start": 1565169133865,
    "end": 1565169133867,
    "duration": 2,
    "pid": 17296,
    "index": 9
  },
  {
    "name": "Require(7) node_modules/egg-schedule/config/config.default.js",
    "start": 1565169133869,
    "end": 1565169133872,
    "duration": 3,
    "pid": 17296,
    "index": 10
  },
  {
    "name": "Require(8) node_modules/egg-multipart/config/config.default.js",
    "start": 1565169133874,
    "end": 1565169133875,
    "duration": 1,
    "pid": 17296,
    "index": 11
  },
  {
    "name": "Require(9) node_modules/egg-logrotator/config/config.default.js",
    "start": 1565169133879,
    "end": 1565169133879,
    "duration": 0,
    "pid": 17296,
    "index": 12
  },
  {
    "name": "Require(10) node_modules/egg-static/config/config.default.js",
    "start": 1565169133881,
    "end": 1565169133882,
    "duration": 1,
    "pid": 17296,
    "index": 13
  },
  {
    "name": "Require(11) node_modules/egg-view/config/config.default.js",
    "start": 1565169133884,
    "end": 1565169133885,
    "duration": 1,
    "pid": 17296,
    "index": 14
  },
  {
    "name": "Require(12) node_modules/egg-cors/config/config.default.js",
    "start": 1565169133888,
    "end": 1565169133889,
    "duration": 1,
    "pid": 17296,
    "index": 15
  },
  {
    "name": "Require(13) node_modules/egg-mysql/config/config.default.js",
    "start": 1565169133893,
    "end": 1565169133893,
    "duration": 0,
    "pid": 17296,
    "index": 16
  },
  {
    "name": "Require(14) node_modules/egg/config/config.default.js",
    "start": 1565169133896,
    "end": 1565169133897,
    "duration": 1,
    "pid": 17296,
    "index": 17
  },
  {
    "name": "Require(15) config/config.default.js",
    "start": 1565169133899,
    "end": 1565169133899,
    "duration": 0,
    "pid": 17296,
    "index": 18
  },
  {
    "name": "Require(16) node_modules/egg-static/config/config.prod.js",
    "start": 1565169133916,
    "end": 1565169133918,
    "duration": 2,
    "pid": 17296,
    "index": 19
  },
  {
    "name": "Load extend/application.js",
    "start": 1565169133928,
    "end": 1565169134030,
    "duration": 102,
    "pid": 17296,
    "index": 20
  },
  {
    "name": "Require(17) node_modules/egg-session/app/extend/application.js",
    "start": 1565169133930,
    "end": 1565169133931,
    "duration": 1,
    "pid": 17296,
    "index": 21
  },
  {
    "name": "Require(18) node_modules/egg-security/app/extend/application.js",
    "start": 1565169133933,
    "end": 1565169133941,
    "duration": 8,
    "pid": 17296,
    "index": 22
  },
  {
    "name": "Require(19) node_modules/egg-jsonp/app/extend/application.js",
    "start": 1565169133942,
    "end": 1565169133950,
    "duration": 8,
    "pid": 17296,
    "index": 23
  },
  {
    "name": "Require(20) node_modules/egg-logrotator/app/extend/application.js",
    "start": 1565169133959,
    "end": 1565169133988,
    "duration": 29,
    "pid": 17296,
    "index": 24
  },
  {
    "name": "Require(21) node_modules/egg-view/app/extend/application.js",
    "start": 1565169133990,
    "end": 1565169133997,
    "duration": 7,
    "pid": 17296,
    "index": 25
  },
  {
    "name": "Load extend/request.js",
    "start": 1565169134030,
    "end": 1565169134077,
    "duration": 47,
    "pid": 17296,
    "index": 26
  },
  {
    "name": "Require(22) node_modules/egg/app/extend/request.js",
    "start": 1565169134054,
    "end": 1565169134062,
    "duration": 8,
    "pid": 17296,
    "index": 27
  },
  {
    "name": "Load extend/response.js",
    "start": 1565169134077,
    "end": 1565169134125,
    "duration": 48,
    "pid": 17296,
    "index": 28
  },
  {
    "name": "Require(23) node_modules/egg/app/extend/response.js",
    "start": 1565169134097,
    "end": 1565169134107,
    "duration": 10,
    "pid": 17296,
    "index": 29
  },
  {
    "name": "Load extend/context.js",
    "start": 1565169134125,
    "end": 1565169134401,
    "duration": 276,
    "pid": 17296,
    "index": 30
  },
  {
    "name": "Require(24) node_modules/egg-security/app/extend/context.js",
    "start": 1565169134131,
    "end": 1565169134212,
    "duration": 81,
    "pid": 17296,
    "index": 31
  },
  {
    "name": "Require(25) node_modules/egg-jsonp/app/extend/context.js",
    "start": 1565169134213,
    "end": 1565169134218,
    "duration": 5,
    "pid": 17296,
    "index": 32
  },
  {
    "name": "Require(26) node_modules/egg-i18n/app/extend/context.js",
    "start": 1565169134221,
    "end": 1565169134221,
    "duration": 0,
    "pid": 17296,
    "index": 33
  },
  {
    "name": "Require(27) node_modules/egg-multipart/app/extend/context.js",
    "start": 1565169134225,
    "end": 1565169134357,
    "duration": 132,
    "pid": 17296,
    "index": 34
  },
  {
    "name": "Require(28) node_modules/egg-view/app/extend/context.js",
    "start": 1565169134360,
    "end": 1565169134363,
    "duration": 3,
    "pid": 17296,
    "index": 35
  },
  {
    "name": "Require(29) node_modules/egg-validate/app/extend/context.js",
    "start": 1565169134365,
    "end": 1565169134367,
    "duration": 2,
    "pid": 17296,
    "index": 36
  },
  {
    "name": "Require(30) node_modules/egg/app/extend/context.js",
    "start": 1565169134371,
    "end": 1565169134384,
    "duration": 13,
    "pid": 17296,
    "index": 37
  },
  {
    "name": "Load extend/helper.js",
    "start": 1565169134401,
    "end": 1565169134511,
    "duration": 110,
    "pid": 17296,
    "index": 38
  },
  {
    "name": "Require(31) node_modules/egg-security/app/extend/helper.js",
    "start": 1565169134404,
    "end": 1565169134470,
    "duration": 66,
    "pid": 17296,
    "index": 39
  },
  {
    "name": "Require(32) node_modules/egg/app/extend/helper.js",
    "start": 1565169134487,
    "end": 1565169134490,
    "duration": 3,
    "pid": 17296,
    "index": 40
  },
  {
    "name": "Load app.js",
    "start": 1565169134512,
    "end": 1565169134772,
    "duration": 260,
    "pid": 17296,
    "index": 41
  },
  {
    "name": "Require(33) node_modules/egg-session/app.js",
    "start": 1565169134513,
    "end": 1565169134514,
    "duration": 1,
    "pid": 17296,
    "index": 42
  },
  {
    "name": "Require(34) node_modules/egg-security/app.js",
    "start": 1565169134515,
    "end": 1565169134526,
    "duration": 11,
    "pid": 17296,
    "index": 43
  },
  {
    "name": "Require(35) node_modules/egg-onerror/app.js",
    "start": 1565169134531,
    "end": 1565169134576,
    "duration": 45,
    "pid": 17296,
    "index": 44
  },
  {
    "name": "Require(36) node_modules/egg-i18n/app.js",
    "start": 1565169134577,
    "end": 1565169134641,
    "duration": 64,
    "pid": 17296,
    "index": 45
  },
  {
    "name": "Require(37) node_modules/egg-watcher/app.js",
    "start": 1565169134643,
    "end": 1565169134659,
    "duration": 16,
    "pid": 17296,
    "index": 46
  },
  {
    "name": "Require(38) node_modules/egg-schedule/app.js",
    "start": 1565169134660,
    "end": 1565169134667,
    "duration": 7,
    "pid": 17296,
    "index": 47
  },
  {
    "name": "Require(39) node_modules/egg-multipart/app.js",
    "start": 1565169134668,
    "end": 1565169134679,
    "duration": 11,
    "pid": 17296,
    "index": 48
  },
  {
    "name": "Require(40) node_modules/egg-logrotator/app.js",
    "start": 1565169134681,
    "end": 1565169134682,
    "duration": 1,
    "pid": 17296,
    "index": 49
  },
  {
    "name": "Require(41) node_modules/egg-static/app.js",
    "start": 1565169134684,
    "end": 1565169134685,
    "duration": 1,
    "pid": 17296,
    "index": 50
  },
  {
    "name": "Require(42) node_modules/egg-validate/app.js",
    "start": 1565169134689,
    "end": 1565169134698,
    "duration": 9,
    "pid": 17296,
    "index": 51
  },
  {
    "name": "Require(43) node_modules/egg-cors/app.js",
    "start": 1565169134700,
    "end": 1565169134701,
    "duration": 1,
    "pid": 17296,
    "index": 52
  },
  {
    "name": "Require(44) node_modules/egg-mysql/app.js",
    "start": 1565169134702,
    "end": 1565169134766,
    "duration": 64,
    "pid": 17296,
    "index": 53
  },
  {
    "name": "Before Start in node_modules/egg-watcher/lib/init.js:15:14",
    "start": 1565169134831,
    "end": 1565169135939,
    "duration": 1108,
    "pid": 17296,
    "index": 54
  },
  {
    "name": "Before Start in node_modules/egg-mysql/lib/mysql.js:20:7",
    "start": 1565169135274,
    "end": 1565169135942,
    "duration": 668,
    "pid": 17296,
    "index": 55
  },
  {
    "name": "Load Service",
    "start": 1565169135274,
    "end": 1565169135360,
    "duration": 86,
    "pid": 17296,
    "index": 56
  },
  {
    "name": "Load \"service\" to Context",
    "start": 1565169135274,
    "end": 1565169135360,
    "duration": 86,
    "pid": 17296,
    "index": 57
  },
  {
    "name": "Load Middleware",
    "start": 1565169135360,
    "end": 1565169135852,
    "duration": 492,
    "pid": 17296,
    "index": 58
  },
  {
    "name": "Load \"middlewares\" to Application",
    "start": 1565169135361,
    "end": 1565169135826,
    "duration": 465,
    "pid": 17296,
    "index": 59
  },
  {
    "name": "Load Controller",
    "start": 1565169135852,
    "end": 1565169135898,
    "duration": 46,
    "pid": 17296,
    "index": 60
  },
  {
    "name": "Load \"controller\" to Application",
    "start": 1565169135852,
    "end": 1565169135898,
    "duration": 46,
    "pid": 17296,
    "index": 61
  },
  {
    "name": "Load Router",
    "start": 1565169135898,
    "end": 1565169135903,
    "duration": 5,
    "pid": 17296,
    "index": 62
  },
  {
    "name": "Require(45) app/router.js",
    "start": 1565169135899,
    "end": 1565169135900,
    "duration": 1,
    "pid": 17296,
    "index": 63
  },
  {
    "name": "Before Start in node_modules/egg-core/lib/egg.js:303:10",
    "start": 1565169135900,
    "end": 1565169135918,
    "duration": 18,
    "pid": 17296,
    "index": 64
  }
]