[
  {
    "name": "Application Start",
    "start": 1565170182189,
    "end": 1565170184039,
    "duration": 1850,
    "pid": 2268,
    "index": 0
  },
  {
    "name": "Load Plugin",
    "start": 1565170182205,
    "end": 1565170182298,
    "duration": 93,
    "pid": 2268,
    "index": 1
  },
  {
    "name": "Load Config",
    "start": 1565170182298,
    "end": 1565170182361,
    "duration": 63,
    "pid": 2268,
    "index": 2
  },
  {
    "name": "Require(0) config/config.default.js",
    "start": 1565170182300,
    "end": 1565170182301,
    "duration": 1,
    "pid": 2268,
    "index": 3
  },
  {
    "name": "Require(1) node_modules/egg-session/config/config.default.js",
    "start": 1565170182306,
    "end": 1565170182306,
    "duration": 0,
    "pid": 2268,
    "index": 4
  },
  {
    "name": "Require(2) node_modules/egg-security/config/config.default.js",
    "start": 1565170182308,
    "end": 1565170182308,
    "duration": 0,
    "pid": 2268,
    "index": 5
  },
  {
    "name": "Require(3) node_modules/egg-jsonp/config/config.default.js",
    "start": 1565170182312,
    "end": 1565170182312,
    "duration": 0,
    "pid": 2268,
    "index": 6
  },
  {
    "name": "Require(4) node_modules/egg-onerror/config/config.default.js",
    "start": 1565170182314,
    "end": 1565170182315,
    "duration": 1,
    "pid": 2268,
    "index": 7
  },
  {
    "name": "Require(5) node_modules/egg-i18n/config/config.default.js",
    "start": 1565170182317,
    "end": 1565170182317,
    "duration": 0,
    "pid": 2268,
    "index": 8
  },
  {
    "name": "Require(6) node_modules/egg-watcher/config/config.default.js",
    "start": 1565170182319,
    "end": 1565170182320,
    "duration": 1,
    "pid": 2268,
    "index": 9
  },
  {
    "name": "Require(7) node_modules/egg-schedule/config/config.default.js",
    "start": 1565170182321,
    "end": 1565170182322,
    "duration": 1,
    "pid": 2268,
    "index": 10
  },
  {
    "name": "Require(8) node_modules/egg-multipart/config/config.default.js",
    "start": 1565170182325,
    "end": 1565170182326,
    "duration": 1,
    "pid": 2268,
    "index": 11
  },
  {
    "name": "Require(9) node_modules/egg-logrotator/config/config.default.js",
    "start": 1565170182329,
    "end": 1565170182329,
    "duration": 0,
    "pid": 2268,
    "index": 12
  },
  {
    "name": "Require(10) node_modules/egg-static/config/config.default.js",
    "start": 1565170182331,
    "end": 1565170182332,
    "duration": 1,
    "pid": 2268,
    "index": 13
  },
  {
    "name": "Require(11) node_modules/egg-view/config/config.default.js",
    "start": 1565170182334,
    "end": 1565170182334,
    "duration": 0,
    "pid": 2268,
    "index": 14
  },
  {
    "name": "Require(12) node_modules/egg-cors/config/config.default.js",
    "start": 1565170182337,
    "end": 1565170182338,
    "duration": 1,
    "pid": 2268,
    "index": 15
  },
  {
    "name": "Require(13) node_modules/egg-mysql/config/config.default.js",
    "start": 1565170182339,
    "end": 1565170182340,
    "duration": 1,
    "pid": 2268,
    "index": 16
  },
  {
    "name": "Require(14) node_modules/egg/config/config.default.js",
    "start": 1565170182342,
    "end": 1565170182342,
    "duration": 0,
    "pid": 2268,
    "index": 17
  },
  {
    "name": "Require(15) config/config.default.js",
    "start": 1565170182345,
    "end": 1565170182345,
    "duration": 0,
    "pid": 2268,
    "index": 18
  },
  {
    "name": "Require(16) node_modules/egg-static/config/config.prod.js",
    "start": 1565170182355,
    "end": 1565170182356,
    "duration": 1,
    "pid": 2268,
    "index": 19
  },
  {
    "name": "Load extend/application.js",
    "start": 1565170182363,
    "end": 1565170182431,
    "duration": 68,
    "pid": 2268,
    "index": 20
  },
  {
    "name": "Require(17) node_modules/egg-session/app/extend/application.js",
    "start": 1565170182365,
    "end": 1565170182366,
    "duration": 1,
    "pid": 2268,
    "index": 21
  },
  {
    "name": "Require(18) node_modules/egg-security/app/extend/application.js",
    "start": 1565170182368,
    "end": 1565170182372,
    "duration": 4,
    "pid": 2268,
    "index": 22
  },
  {
    "name": "Require(19) node_modules/egg-jsonp/app/extend/application.js",
    "start": 1565170182374,
    "end": 1565170182381,
    "duration": 7,
    "pid": 2268,
    "index": 23
  },
  {
    "name": "Require(20) node_modules/egg-logrotator/app/extend/application.js",
    "start": 1565170182386,
    "end": 1565170182409,
    "duration": 23,
    "pid": 2268,
    "index": 24
  },
  {
    "name": "Require(21) node_modules/egg-view/app/extend/application.js",
    "start": 1565170182411,
    "end": 1565170182416,
    "duration": 5,
    "pid": 2268,
    "index": 25
  },
  {
    "name": "Load extend/request.js",
    "start": 1565170182432,
    "end": 1565170182464,
    "duration": 32,
    "pid": 2268,
    "index": 26
  },
  {
    "name": "Require(22) node_modules/egg/app/extend/request.js",
    "start": 1565170182445,
    "end": 1565170182450,
    "duration": 5,
    "pid": 2268,
    "index": 27
  },
  {
    "name": "Load extend/response.js",
    "start": 1565170182464,
    "end": 1565170182498,
    "duration": 34,
    "pid": 2268,
    "index": 28
  },
  {
    "name": "Require(23) node_modules/egg/app/extend/response.js",
    "start": 1565170182477,
    "end": 1565170182484,
    "duration": 7,
    "pid": 2268,
    "index": 29
  },
  {
    "name": "Load extend/context.js",
    "start": 1565170182498,
    "end": 1565170182765,
    "duration": 267,
    "pid": 2268,
    "index": 30
  },
  {
    "name": "Require(24) node_modules/egg-security/app/extend/context.js",
    "start": 1565170182500,
    "end": 1565170182562,
    "duration": 62,
    "pid": 2268,
    "index": 31
  },
  {
    "name": "Require(25) node_modules/egg-jsonp/app/extend/context.js",
    "start": 1565170182564,
    "end": 1565170182569,
    "duration": 5,
    "pid": 2268,
    "index": 32
  },
  {
    "name": "Require(26) node_modules/egg-i18n/app/extend/context.js",
    "start": 1565170182571,
    "end": 1565170182572,
    "duration": 1,
    "pid": 2268,
    "index": 33
  },
  {
    "name": "Require(27) node_modules/egg-multipart/app/extend/context.js",
    "start": 1565170182576,
    "end": 1565170182722,
    "duration": 146,
    "pid": 2268,
    "index": 34
  },
  {
    "name": "Require(28) node_modules/egg-view/app/extend/context.js",
    "start": 1565170182725,
    "end": 1565170182728,
    "duration": 3,
    "pid": 2268,
    "index": 35
  },
  {
    "name": "Require(29) node_modules/egg-validate/app/extend/context.js",
    "start": 1565170182729,
    "end": 1565170182731,
    "duration": 2,
    "pid": 2268,
    "index": 36
  },
  {
    "name": "Require(30) node_modules/egg/app/extend/context.js",
    "start": 1565170182733,
    "end": 1565170182748,
    "duration": 15,
    "pid": 2268,
    "index": 37
  },
  {
    "name": "Load extend/helper.js",
    "start": 1565170182765,
    "end": 1565170182859,
    "duration": 94,
    "pid": 2268,
    "index": 38
  },
  {
    "name": "Require(31) node_modules/egg-security/app/extend/helper.js",
    "start": 1565170182768,
    "end": 1565170182832,
    "duration": 64,
    "pid": 2268,
    "index": 39
  },
  {
    "name": "Require(32) node_modules/egg/app/extend/helper.js",
    "start": 1565170182845,
    "end": 1565170182846,
    "duration": 1,
    "pid": 2268,
    "index": 40
  },
  {
    "name": "Load app.js",
    "start": 1565170182860,
    "end": 1565170183085,
    "duration": 225,
    "pid": 2268,
    "index": 41
  },
  {
    "name": "Require(33) node_modules/egg-session/app.js",
    "start": 1565170182861,
    "end": 1565170182862,
    "duration": 1,
    "pid": 2268,
    "index": 42
  },
  {
    "name": "Require(34) node_modules/egg-security/app.js",
    "start": 1565170182863,
    "end": 1565170182870,
    "duration": 7,
    "pid": 2268,
    "index": 43
  },
  {
    "name": "Require(35) node_modules/egg-onerror/app.js",
    "start": 1565170182873,
    "end": 1565170182911,
    "duration": 38,
    "pid": 2268,
    "index": 44
  },
  {
    "name": "Require(36) node_modules/egg-i18n/app.js",
    "start": 1565170182912,
    "end": 1565170182959,
    "duration": 47,
    "pid": 2268,
    "index": 45
  },
  {
    "name": "Require(37) node_modules/egg-watcher/app.js",
    "start": 1565170182961,
    "end": 1565170182980,
    "duration": 19,
    "pid": 2268,
    "index": 46
  },
  {
    "name": "Require(38) node_modules/egg-schedule/app.js",
    "start": 1565170182982,
    "end": 1565170182988,
    "duration": 6,
    "pid": 2268,
    "index": 47
  },
  {
    "name": "Require(39) node_modules/egg-multipart/app.js",
    "start": 1565170182990,
    "end": 1565170183005,
    "duration": 15,
    "pid": 2268,
    "index": 48
  },
  {
    "name": "Require(40) node_modules/egg-logrotator/app.js",
    "start": 1565170183006,
    "end": 1565170183007,
    "duration": 1,
    "pid": 2268,
    "index": 49
  },
  {
    "name": "Require(41) node_modules/egg-static/app.js",
    "start": 1565170183008,
    "end": 1565170183009,
    "duration": 1,
    "pid": 2268,
    "index": 50
  },
  {
    "name": "Require(42) node_modules/egg-validate/app.js",
    "start": 1565170183015,
    "end": 1565170183023,
    "duration": 8,
    "pid": 2268,
    "index": 51
  },
  {
    "name": "Require(43) node_modules/egg-cors/app.js",
    "start": 1565170183024,
    "end": 1565170183025,
    "duration": 1,
    "pid": 2268,
    "index": 52
  },
  {
    "name": "Require(44) node_modules/egg-mysql/app.js",
    "start": 1565170183026,
    "end": 1565170183081,
    "duration": 55,
    "pid": 2268,
    "index": 53
  },
  {
    "name": "Before Start in node_modules/egg-watcher/lib/init.js:15:14",
    "start": 1565170183136,
    "end": 1565170184030,
    "duration": 894,
    "pid": 2268,
    "index": 54
  },
  {
    "name": "Before Start in node_modules/egg-mysql/lib/mysql.js:20:7",
    "start": 1565170183481,
    "end": 1565170184034,
    "duration": 553,
    "pid": 2268,
    "index": 55
  },
  {
    "name": "Load Service",
    "start": 1565170183482,
    "end": 1565170183550,
    "duration": 68,
    "pid": 2268,
    "index": 56
  },
  {
    "name": "Load \"service\" to Context",
    "start": 1565170183482,
    "end": 1565170183550,
    "duration": 68,
    "pid": 2268,
    "index": 57
  },
  {
    "name": "Load Middleware",
    "start": 1565170183550,
    "end": 1565170183941,
    "duration": 391,
    "pid": 2268,
    "index": 58
  },
  {
    "name": "Load \"middlewares\" to Application",
    "start": 1565170183551,
    "end": 1565170183913,
    "duration": 362,
    "pid": 2268,
    "index": 59
  },
  {
    "name": "Load Controller",
    "start": 1565170183941,
    "end": 1565170183987,
    "duration": 46,
    "pid": 2268,
    "index": 60
  },
  {
    "name": "Load \"controller\" to Application",
    "start": 1565170183941,
    "end": 1565170183987,
    "duration": 46,
    "pid": 2268,
    "index": 61
  },
  {
    "name": "Load Router",
    "start": 1565170183987,
    "end": 1565170183992,
    "duration": 5,
    "pid": 2268,
    "index": 62
  },
  {
    "name": "Require(45) app/router.js",
    "start": 1565170183988,
    "end": 1565170183989,
    "duration": 1,
    "pid": 2268,
    "index": 63
  },
  {
    "name": "Before Start in node_modules/egg-core/lib/egg.js:303:10",
    "start": 1565170183989,
    "end": 1565170184008,
    "duration": 19,
    "pid": 2268,
    "index": 64
  }
]