[
  {
    "name": "Application Start",
    "start": 1565153261971,
    "end": 1565153264956,
    "duration": 2985,
    "pid": 19052,
    "index": 0
  },
  {
    "name": "Load Plugin",
    "start": 1565153261992,
    "end": 1565153262103,
    "duration": 111,
    "pid": 19052,
    "index": 1
  },
  {
    "name": "Load Config",
    "start": 1565153262103,
    "end": 1565153262174,
    "duration": 71,
    "pid": 19052,
    "index": 2
  },
  {
    "name": "Require(0) config/config.default.js",
    "start": 1565153262105,
    "end": 1565153262106,
    "duration": 1,
    "pid": 19052,
    "index": 3
  },
  {
    "name": "Require(1) node_modules/egg-session/config/config.default.js",
    "start": 1565153262111,
    "end": 1565153262112,
    "duration": 1,
    "pid": 19052,
    "index": 4
  },
  {
    "name": "Require(2) node_modules/egg-security/config/config.default.js",
    "start": 1565153262114,
    "end": 1565153262115,
    "duration": 1,
    "pid": 19052,
    "index": 5
  },
  {
    "name": "Require(3) node_modules/egg-jsonp/config/config.default.js",
    "start": 1565153262118,
    "end": 1565153262118,
    "duration": 0,
    "pid": 19052,
    "index": 6
  },
  {
    "name": "Require(4) node_modules/egg-onerror/config/config.default.js",
    "start": 1565153262123,
    "end": 1565153262124,
    "duration": 1,
    "pid": 19052,
    "index": 7
  },
  {
    "name": "Require(5) node_modules/egg-i18n/config/config.default.js",
    "start": 1565153262125,
    "end": 1565153262126,
    "duration": 1,
    "pid": 19052,
    "index": 8
  },
  {
    "name": "Require(6) node_modules/egg-watcher/config/config.default.js",
    "start": 1565153262128,
    "end": 1565153262129,
    "duration": 1,
    "pid": 19052,
    "index": 9
  },
  {
    "name": "Require(7) node_modules/egg-schedule/config/config.default.js",
    "start": 1565153262131,
    "end": 1565153262131,
    "duration": 0,
    "pid": 19052,
    "index": 10
  },
  {
    "name": "Require(8) node_modules/egg-multipart/config/config.default.js",
    "start": 1565153262134,
    "end": 1565153262134,
    "duration": 0,
    "pid": 19052,
    "index": 11
  },
  {
    "name": "Require(9) node_modules/egg-logrotator/config/config.default.js",
    "start": 1565153262137,
    "end": 1565153262138,
    "duration": 1,
    "pid": 19052,
    "index": 12
  },
  {
    "name": "Require(10) node_modules/egg-static/config/config.default.js",
    "start": 1565153262140,
    "end": 1565153262141,
    "duration": 1,
    "pid": 19052,
    "index": 13
  },
  {
    "name": "Require(11) node_modules/egg-view/config/config.default.js",
    "start": 1565153262144,
    "end": 1565153262144,
    "duration": 0,
    "pid": 19052,
    "index": 14
  },
  {
    "name": "Require(12) node_modules/egg-cors/config/config.default.js",
    "start": 1565153262148,
    "end": 1565153262149,
    "duration": 1,
    "pid": 19052,
    "index": 15
  },
  {
    "name": "Require(13) node_modules/egg-mysql/config/config.default.js",
    "start": 1565153262150,
    "end": 1565153262151,
    "duration": 1,
    "pid": 19052,
    "index": 16
  },
  {
    "name": "Require(14) node_modules/egg/config/config.default.js",
    "start": 1565153262153,
    "end": 1565153262154,
    "duration": 1,
    "pid": 19052,
    "index": 17
  },
  {
    "name": "Require(15) config/config.default.js",
    "start": 1565153262156,
    "end": 1565153262156,
    "duration": 0,
    "pid": 19052,
    "index": 18
  },
  {
    "name": "Require(16) node_modules/egg-static/config/config.prod.js",
    "start": 1565153262168,
    "end": 1565153262168,
    "duration": 0,
    "pid": 19052,
    "index": 19
  },
  {
    "name": "Load extend/application.js",
    "start": 1565153262176,
    "end": 1565153262272,
    "duration": 96,
    "pid": 19052,
    "index": 20
  },
  {
    "name": "Require(17) node_modules/egg-session/app/extend/application.js",
    "start": 1565153262178,
    "end": 1565153262179,
    "duration": 1,
    "pid": 19052,
    "index": 21
  },
  {
    "name": "Require(18) node_modules/egg-security/app/extend/application.js",
    "start": 1565153262182,
    "end": 1565153262187,
    "duration": 5,
    "pid": 19052,
    "index": 22
  },
  {
    "name": "Require(19) node_modules/egg-jsonp/app/extend/application.js",
    "start": 1565153262189,
    "end": 1565153262195,
    "duration": 6,
    "pid": 19052,
    "index": 23
  },
  {
    "name": "Require(20) node_modules/egg-logrotator/app/extend/application.js",
    "start": 1565153262202,
    "end": 1565153262247,
    "duration": 45,
    "pid": 19052,
    "index": 24
  },
  {
    "name": "Require(21) node_modules/egg-view/app/extend/application.js",
    "start": 1565153262249,
    "end": 1565153262254,
    "duration": 5,
    "pid": 19052,
    "index": 25
  },
  {
    "name": "Load extend/request.js",
    "start": 1565153262272,
    "end": 1565153262305,
    "duration": 33,
    "pid": 19052,
    "index": 26
  },
  {
    "name": "Require(22) node_modules/egg/app/extend/request.js",
    "start": 1565153262285,
    "end": 1565153262291,
    "duration": 6,
    "pid": 19052,
    "index": 27
  },
  {
    "name": "Load extend/response.js",
    "start": 1565153262305,
    "end": 1565153262339,
    "duration": 34,
    "pid": 19052,
    "index": 28
  },
  {
    "name": "Require(23) node_modules/egg/app/extend/response.js",
    "start": 1565153262317,
    "end": 1565153262324,
    "duration": 7,
    "pid": 19052,
    "index": 29
  },
  {
    "name": "Load extend/context.js",
    "start": 1565153262340,
    "end": 1565153262577,
    "duration": 237,
    "pid": 19052,
    "index": 30
  },
  {
    "name": "Require(24) node_modules/egg-security/app/extend/context.js",
    "start": 1565153262342,
    "end": 1565153262403,
    "duration": 61,
    "pid": 19052,
    "index": 31
  },
  {
    "name": "Require(25) node_modules/egg-jsonp/app/extend/context.js",
    "start": 1565153262404,
    "end": 1565153262412,
    "duration": 8,
    "pid": 19052,
    "index": 32
  },
  {
    "name": "Require(26) node_modules/egg-i18n/app/extend/context.js",
    "start": 1565153262414,
    "end": 1565153262415,
    "duration": 1,
    "pid": 19052,
    "index": 33
  },
  {
    "name": "Require(27) node_modules/egg-multipart/app/extend/context.js",
    "start": 1565153262421,
    "end": 1565153262542,
    "duration": 121,
    "pid": 19052,
    "index": 34
  },
  {
    "name": "Require(28) node_modules/egg-view/app/extend/context.js",
    "start": 1565153262545,
    "end": 1565153262548,
    "duration": 3,
    "pid": 19052,
    "index": 35
  },
  {
    "name": "Require(29) node_modules/egg-validate/app/extend/context.js",
    "start": 1565153262550,
    "end": 1565153262551,
    "duration": 1,
    "pid": 19052,
    "index": 36
  },
  {
    "name": "Require(30) node_modules/egg/app/extend/context.js",
    "start": 1565153262553,
    "end": 1565153262563,
    "duration": 10,
    "pid": 19052,
    "index": 37
  },
  {
    "name": "Load extend/helper.js",
    "start": 1565153262577,
    "end": 1565153262667,
    "duration": 90,
    "pid": 19052,
    "index": 38
  },
  {
    "name": "Require(31) node_modules/egg-security/app/extend/helper.js",
    "start": 1565153262579,
    "end": 1565153262642,
    "duration": 63,
    "pid": 19052,
    "index": 39
  },
  {
    "name": "Require(32) node_modules/egg/app/extend/helper.js",
    "start": 1565153262652,
    "end": 1565153262653,
    "duration": 1,
    "pid": 19052,
    "index": 40
  },
  {
    "name": "Load app.js",
    "start": 1565153262667,
    "end": 1565153262872,
    "duration": 205,
    "pid": 19052,
    "index": 41
  },
  {
    "name": "Require(33) node_modules/egg-session/app.js",
    "start": 1565153262668,
    "end": 1565153262669,
    "duration": 1,
    "pid": 19052,
    "index": 42
  },
  {
    "name": "Require(34) node_modules/egg-security/app.js",
    "start": 1565153262671,
    "end": 1565153262678,
    "duration": 7,
    "pid": 19052,
    "index": 43
  },
  {
    "name": "Require(35) node_modules/egg-onerror/app.js",
    "start": 1565153262681,
    "end": 1565153262720,
    "duration": 39,
    "pid": 19052,
    "index": 44
  },
  {
    "name": "Require(36) node_modules/egg-i18n/app.js",
    "start": 1565153262721,
    "end": 1565153262765,
    "duration": 44,
    "pid": 19052,
    "index": 45
  },
  {
    "name": "Require(37) node_modules/egg-watcher/app.js",
    "start": 1565153262766,
    "end": 1565153262782,
    "duration": 16,
    "pid": 19052,
    "index": 46
  },
  {
    "name": "Require(38) node_modules/egg-schedule/app.js",
    "start": 1565153262783,
    "end": 1565153262789,
    "duration": 6,
    "pid": 19052,
    "index": 47
  },
  {
    "name": "Require(39) node_modules/egg-multipart/app.js",
    "start": 1565153262790,
    "end": 1565153262802,
    "duration": 12,
    "pid": 19052,
    "index": 48
  },
  {
    "name": "Require(40) node_modules/egg-logrotator/app.js",
    "start": 1565153262803,
    "end": 1565153262804,
    "duration": 1,
    "pid": 19052,
    "index": 49
  },
  {
    "name": "Require(41) node_modules/egg-static/app.js",
    "start": 1565153262805,
    "end": 1565153262806,
    "duration": 1,
    "pid": 19052,
    "index": 50
  },
  {
    "name": "Require(42) node_modules/egg-validate/app.js",
    "start": 1565153262811,
    "end": 1565153262817,
    "duration": 6,
    "pid": 19052,
    "index": 51
  },
  {
    "name": "Require(43) node_modules/egg-cors/app.js",
    "start": 1565153262818,
    "end": 1565153262819,
    "duration": 1,
    "pid": 19052,
    "index": 52
  },
  {
    "name": "Require(44) node_modules/egg-mysql/app.js",
    "start": 1565153262820,
    "end": 1565153262867,
    "duration": 47,
    "pid": 19052,
    "index": 53
  },
  {
    "name": "Before Start in node_modules/egg-watcher/lib/init.js:15:14",
    "start": 1565153262910,
    "end": 1565153264955,
    "duration": 2045,
    "pid": 19052,
    "index": 54
  },
  {
    "name": "Before Start in node_modules/egg-mysql/lib/mysql.js:20:7",
    "start": 1565153263260,
    "end": 1565153263992,
    "duration": 732,
    "pid": 19052,
    "index": 55
  },
  {
    "name": "Load Service",
    "start": 1565153263260,
    "end": 1565153263320,
    "duration": 60,
    "pid": 19052,
    "index": 56
  },
  {
    "name": "Load \"service\" to Context",
    "start": 1565153263261,
    "end": 1565153263320,
    "duration": 59,
    "pid": 19052,
    "index": 57
  },
  {
    "name": "Load Middleware",
    "start": 1565153263321,
    "end": 1565153263839,
    "duration": 518,
    "pid": 19052,
    "index": 58
  },
  {
    "name": "Load \"middlewares\" to Application",
    "start": 1565153263321,
    "end": 1565153263799,
    "duration": 478,
    "pid": 19052,
    "index": 59
  },
  {
    "name": "Load Controller",
    "start": 1565153263839,
    "end": 1565153263914,
    "duration": 75,
    "pid": 19052,
    "index": 60
  },
  {
    "name": "Load \"controller\" to Application",
    "start": 1565153263839,
    "end": 1565153263913,
    "duration": 74,
    "pid": 19052,
    "index": 61
  },
  {
    "name": "Load Router",
    "start": 1565153263914,
    "end": 1565153263922,
    "duration": 8,
    "pid": 19052,
    "index": 62
  },
  {
    "name": "Require(45) app/router.js",
    "start": 1565153263915,
    "end": 1565153263917,
    "duration": 2,
    "pid": 19052,
    "index": 63
  },
  {
    "name": "Before Start in node_modules/egg-core/lib/egg.js:303:10",
    "start": 1565153263918,
    "end": 1565153263946,
    "duration": 28,
    "pid": 19052,
    "index": 64
  }
]