[
  {
    "name": "Application Start",
    "start": 1565169133914,
    "end": 1565169135879,
    "duration": 1965,
    "pid": 10632,
    "index": 0
  },
  {
    "name": "Load Plugin",
    "start": 1565169133931,
    "end": 1565169134031,
    "duration": 100,
    "pid": 10632,
    "index": 1
  },
  {
    "name": "Load Config",
    "start": 1565169134031,
    "end": 1565169134100,
    "duration": 69,
    "pid": 10632,
    "index": 2
  },
  {
    "name": "Require(0) config/config.default.js",
    "start": 1565169134033,
    "end": 1565169134034,
    "duration": 1,
    "pid": 10632,
    "index": 3
  },
  {
    "name": "Require(1) node_modules/egg-session/config/config.default.js",
    "start": 1565169134039,
    "end": 1565169134040,
    "duration": 1,
    "pid": 10632,
    "index": 4
  },
  {
    "name": "Require(2) node_modules/egg-security/config/config.default.js",
    "start": 1565169134042,
    "end": 1565169134043,
    "duration": 1,
    "pid": 10632,
    "index": 5
  },
  {
    "name": "Require(3) node_modules/egg-jsonp/config/config.default.js",
    "start": 1565169134046,
    "end": 1565169134046,
    "duration": 0,
    "pid": 10632,
    "index": 6
  },
  {
    "name": "Require(4) node_modules/egg-onerror/config/config.default.js",
    "start": 1565169134048,
    "end": 1565169134049,
    "duration": 1,
    "pid": 10632,
    "index": 7
  },
  {
    "name": "Require(5) node_modules/egg-i18n/config/config.default.js",
    "start": 1565169134051,
    "end": 1565169134052,
    "duration": 1,
    "pid": 10632,
    "index": 8
  },
  {
    "name": "Require(6) node_modules/egg-watcher/config/config.default.js",
    "start": 1565169134054,
    "end": 1565169134055,
    "duration": 1,
    "pid": 10632,
    "index": 9
  },
  {
    "name": "Require(7) node_modules/egg-schedule/config/config.default.js",
    "start": 1565169134057,
    "end": 1565169134058,
    "duration": 1,
    "pid": 10632,
    "index": 10
  },
  {
    "name": "Require(8) node_modules/egg-multipart/config/config.default.js",
    "start": 1565169134061,
    "end": 1565169134061,
    "duration": 0,
    "pid": 10632,
    "index": 11
  },
  {
    "name": "Require(9) node_modules/egg-logrotator/config/config.default.js",
    "start": 1565169134064,
    "end": 1565169134065,
    "duration": 1,
    "pid": 10632,
    "index": 12
  },
  {
    "name": "Require(10) node_modules/egg-static/config/config.default.js",
    "start": 1565169134066,
    "end": 1565169134067,
    "duration": 1,
    "pid": 10632,
    "index": 13
  },
  {
    "name": "Require(11) node_modules/egg-view/config/config.default.js",
    "start": 1565169134069,
    "end": 1565169134070,
    "duration": 1,
    "pid": 10632,
    "index": 14
  },
  {
    "name": "Require(12) node_modules/egg-cors/config/config.default.js",
    "start": 1565169134073,
    "end": 1565169134074,
    "duration": 1,
    "pid": 10632,
    "index": 15
  },
  {
    "name": "Require(13) node_modules/egg-mysql/config/config.default.js",
    "start": 1565169134076,
    "end": 1565169134076,
    "duration": 0,
    "pid": 10632,
    "index": 16
  },
  {
    "name": "Require(14) node_modules/egg/config/config.default.js",
    "start": 1565169134078,
    "end": 1565169134079,
    "duration": 1,
    "pid": 10632,
    "index": 17
  },
  {
    "name": "Require(15) config/config.default.js",
    "start": 1565169134081,
    "end": 1565169134081,
    "duration": 0,
    "pid": 10632,
    "index": 18
  },
  {
    "name": "Require(16) node_modules/egg-static/config/config.prod.js",
    "start": 1565169134093,
    "end": 1565169134094,
    "duration": 1,
    "pid": 10632,
    "index": 19
  },
  {
    "name": "Load extend/application.js",
    "start": 1565169134104,
    "end": 1565169134187,
    "duration": 83,
    "pid": 10632,
    "index": 20
  },
  {
    "name": "Require(17) node_modules/egg-session/app/extend/application.js",
    "start": 1565169134107,
    "end": 1565169134108,
    "duration": 1,
    "pid": 10632,
    "index": 21
  },
  {
    "name": "Require(18) node_modules/egg-security/app/extend/application.js",
    "start": 1565169134110,
    "end": 1565169134114,
    "duration": 4,
    "pid": 10632,
    "index": 22
  },
  {
    "name": "Require(19) node_modules/egg-jsonp/app/extend/application.js",
    "start": 1565169134116,
    "end": 1565169134124,
    "duration": 8,
    "pid": 10632,
    "index": 23
  },
  {
    "name": "Require(20) node_modules/egg-logrotator/app/extend/application.js",
    "start": 1565169134131,
    "end": 1565169134160,
    "duration": 29,
    "pid": 10632,
    "index": 24
  },
  {
    "name": "Require(21) node_modules/egg-view/app/extend/application.js",
    "start": 1565169134162,
    "end": 1565169134167,
    "duration": 5,
    "pid": 10632,
    "index": 25
  },
  {
    "name": "Load extend/request.js",
    "start": 1565169134187,
    "end": 1565169134223,
    "duration": 36,
    "pid": 10632,
    "index": 26
  },
  {
    "name": "Require(22) node_modules/egg/app/extend/request.js",
    "start": 1565169134202,
    "end": 1565169134209,
    "duration": 7,
    "pid": 10632,
    "index": 27
  },
  {
    "name": "Load extend/response.js",
    "start": 1565169134223,
    "end": 1565169134260,
    "duration": 37,
    "pid": 10632,
    "index": 28
  },
  {
    "name": "Require(23) node_modules/egg/app/extend/response.js",
    "start": 1565169134237,
    "end": 1565169134246,
    "duration": 9,
    "pid": 10632,
    "index": 29
  },
  {
    "name": "Load extend/context.js",
    "start": 1565169134260,
    "end": 1565169134514,
    "duration": 254,
    "pid": 10632,
    "index": 30
  },
  {
    "name": "Require(24) node_modules/egg-security/app/extend/context.js",
    "start": 1565169134262,
    "end": 1565169134328,
    "duration": 66,
    "pid": 10632,
    "index": 31
  },
  {
    "name": "Require(25) node_modules/egg-jsonp/app/extend/context.js",
    "start": 1565169134329,
    "end": 1565169134334,
    "duration": 5,
    "pid": 10632,
    "index": 32
  },
  {
    "name": "Require(26) node_modules/egg-i18n/app/extend/context.js",
    "start": 1565169134336,
    "end": 1565169134337,
    "duration": 1,
    "pid": 10632,
    "index": 33
  },
  {
    "name": "Require(27) node_modules/egg-multipart/app/extend/context.js",
    "start": 1565169134341,
    "end": 1565169134472,
    "duration": 131,
    "pid": 10632,
    "index": 34
  },
  {
    "name": "Require(28) node_modules/egg-view/app/extend/context.js",
    "start": 1565169134475,
    "end": 1565169134478,
    "duration": 3,
    "pid": 10632,
    "index": 35
  },
  {
    "name": "Require(29) node_modules/egg-validate/app/extend/context.js",
    "start": 1565169134480,
    "end": 1565169134481,
    "duration": 1,
    "pid": 10632,
    "index": 36
  },
  {
    "name": "Require(30) node_modules/egg/app/extend/context.js",
    "start": 1565169134484,
    "end": 1565169134495,
    "duration": 11,
    "pid": 10632,
    "index": 37
  },
  {
    "name": "Load extend/helper.js",
    "start": 1565169134514,
    "end": 1565169134612,
    "duration": 98,
    "pid": 10632,
    "index": 38
  },
  {
    "name": "Require(31) node_modules/egg-security/app/extend/helper.js",
    "start": 1565169134516,
    "end": 1565169134580,
    "duration": 64,
    "pid": 10632,
    "index": 39
  },
  {
    "name": "Require(32) node_modules/egg/app/extend/helper.js",
    "start": 1565169134594,
    "end": 1565169134595,
    "duration": 1,
    "pid": 10632,
    "index": 40
  },
  {
    "name": "Load app.js",
    "start": 1565169134612,
    "end": 1565169134842,
    "duration": 230,
    "pid": 10632,
    "index": 41
  },
  {
    "name": "Require(33) node_modules/egg-session/app.js",
    "start": 1565169134613,
    "end": 1565169134614,
    "duration": 1,
    "pid": 10632,
    "index": 42
  },
  {
    "name": "Require(34) node_modules/egg-security/app.js",
    "start": 1565169134615,
    "end": 1565169134623,
    "duration": 8,
    "pid": 10632,
    "index": 43
  },
  {
    "name": "Require(35) node_modules/egg-onerror/app.js",
    "start": 1565169134626,
    "end": 1565169134671,
    "duration": 45,
    "pid": 10632,
    "index": 44
  },
  {
    "name": "Require(36) node_modules/egg-i18n/app.js",
    "start": 1565169134673,
    "end": 1565169134718,
    "duration": 45,
    "pid": 10632,
    "index": 45
  },
  {
    "name": "Require(37) node_modules/egg-watcher/app.js",
    "start": 1565169134719,
    "end": 1565169134737,
    "duration": 18,
    "pid": 10632,
    "index": 46
  },
  {
    "name": "Require(38) node_modules/egg-schedule/app.js",
    "start": 1565169134738,
    "end": 1565169134746,
    "duration": 8,
    "pid": 10632,
    "index": 47
  },
  {
    "name": "Require(39) node_modules/egg-multipart/app.js",
    "start": 1565169134748,
    "end": 1565169134760,
    "duration": 12,
    "pid": 10632,
    "index": 48
  },
  {
    "name": "Require(40) node_modules/egg-logrotator/app.js",
    "start": 1565169134762,
    "end": 1565169134762,
    "duration": 0,
    "pid": 10632,
    "index": 49
  },
  {
    "name": "Require(41) node_modules/egg-static/app.js",
    "start": 1565169134764,
    "end": 1565169134765,
    "duration": 1,
    "pid": 10632,
    "index": 50
  },
  {
    "name": "Require(42) node_modules/egg-validate/app.js",
    "start": 1565169134768,
    "end": 1565169134776,
    "duration": 8,
    "pid": 10632,
    "index": 51
  },
  {
    "name": "Require(43) node_modules/egg-cors/app.js",
    "start": 1565169134777,
    "end": 1565169134778,
    "duration": 1,
    "pid": 10632,
    "index": 52
  },
  {
    "name": "Require(44) node_modules/egg-mysql/app.js",
    "start": 1565169134779,
    "end": 1565169134837,
    "duration": 58,
    "pid": 10632,
    "index": 53
  },
  {
    "name": "Before Start in node_modules/egg-watcher/lib/init.js:15:14",
    "start": 1565169134886,
    "end": 1565169135872,
    "duration": 986,
    "pid": 10632,
    "index": 54
  },
  {
    "name": "Before Start in node_modules/egg-mysql/lib/mysql.js:20:7",
    "start": 1565169135239,
    "end": 1565169135876,
    "duration": 637,
    "pid": 10632,
    "index": 55
  },
  {
    "name": "Load Service",
    "start": 1565169135240,
    "end": 1565169135312,
    "duration": 72,
    "pid": 10632,
    "index": 56
  },
  {
    "name": "Load \"service\" to Context",
    "start": 1565169135240,
    "end": 1565169135312,
    "duration": 72,
    "pid": 10632,
    "index": 57
  },
  {
    "name": "Load Middleware",
    "start": 1565169135313,
    "end": 1565169135784,
    "duration": 471,
    "pid": 10632,
    "index": 58
  },
  {
    "name": "Load \"middlewares\" to Application",
    "start": 1565169135313,
    "end": 1565169135758,
    "duration": 445,
    "pid": 10632,
    "index": 59
  },
  {
    "name": "Load Controller",
    "start": 1565169135784,
    "end": 1565169135828,
    "duration": 44,
    "pid": 10632,
    "index": 60
  },
  {
    "name": "Load \"controller\" to Application",
    "start": 1565169135784,
    "end": 1565169135828,
    "duration": 44,
    "pid": 10632,
    "index": 61
  },
  {
    "name": "Load Router",
    "start": 1565169135828,
    "end": 1565169135833,
    "duration": 5,
    "pid": 10632,
    "index": 62
  },
  {
    "name": "Require(45) app/router.js",
    "start": 1565169135829,
    "end": 1565169135830,
    "duration": 1,
    "pid": 10632,
    "index": 63
  },
  {
    "name": "Before Start in node_modules/egg-core/lib/egg.js:303:10",
    "start": 1565169135830,
    "end": 1565169135850,
    "duration": 20,
    "pid": 10632,
    "index": 64
  }
]