[
  {
    "name": "Application Start",
    "start": 1565153273514,
    "end": 1565153274846,
    "duration": 1332,
    "pid": 9648,
    "index": 0
  },
  {
    "name": "Load Plugin",
    "start": 1565153273525,
    "end": 1565153273588,
    "duration": 63,
    "pid": 9648,
    "index": 1
  },
  {
    "name": "Load Config",
    "start": 1565153273588,
    "end": 1565153273633,
    "duration": 45,
    "pid": 9648,
    "index": 2
  },
  {
    "name": "Require(0) config/config.default.js",
    "start": 1565153273590,
    "end": 1565153273590,
    "duration": 0,
    "pid": 9648,
    "index": 3
  },
  {
    "name": "Require(1) node_modules/egg-session/config/config.default.js",
    "start": 1565153273593,
    "end": 1565153273594,
    "duration": 1,
    "pid": 9648,
    "index": 4
  },
  {
    "name": "Require(2) node_modules/egg-security/config/config.default.js",
    "start": 1565153273595,
    "end": 1565153273596,
    "duration": 1,
    "pid": 9648,
    "index": 5
  },
  {
    "name": "Require(3) node_modules/egg-jsonp/config/config.default.js",
    "start": 1565153273598,
    "end": 1565153273599,
    "duration": 1,
    "pid": 9648,
    "index": 6
  },
  {
    "name": "Require(4) node_modules/egg-onerror/config/config.default.js",
    "start": 1565153273600,
    "end": 1565153273601,
    "duration": 1,
    "pid": 9648,
    "index": 7
  },
  {
    "name": "Require(5) node_modules/egg-i18n/config/config.default.js",
    "start": 1565153273602,
    "end": 1565153273602,
    "duration": 0,
    "pid": 9648,
    "index": 8
  },
  {
    "name": "Require(6) node_modules/egg-watcher/config/config.default.js",
    "start": 1565153273604,
    "end": 1565153273604,
    "duration": 0,
    "pid": 9648,
    "index": 9
  },
  {
    "name": "Require(7) node_modules/egg-schedule/config/config.default.js",
    "start": 1565153273605,
    "end": 1565153273606,
    "duration": 1,
    "pid": 9648,
    "index": 10
  },
  {
    "name": "Require(8) node_modules/egg-multipart/config/config.default.js",
    "start": 1565153273607,
    "end": 1565153273608,
    "duration": 1,
    "pid": 9648,
    "index": 11
  },
  {
    "name": "Require(9) node_modules/egg-logrotator/config/config.default.js",
    "start": 1565153273610,
    "end": 1565153273611,
    "duration": 1,
    "pid": 9648,
    "index": 12
  },
  {
    "name": "Require(10) node_modules/egg-static/config/config.default.js",
    "start": 1565153273613,
    "end": 1565153273613,
    "duration": 0,
    "pid": 9648,
    "index": 13
  },
  {
    "name": "Require(11) node_modules/egg-view/config/config.default.js",
    "start": 1565153273614,
    "end": 1565153273615,
    "duration": 1,
    "pid": 9648,
    "index": 14
  },
  {
    "name": "Require(12) node_modules/egg-cors/config/config.default.js",
    "start": 1565153273617,
    "end": 1565153273617,
    "duration": 0,
    "pid": 9648,
    "index": 15
  },
  {
    "name": "Require(13) node_modules/egg-mysql/config/config.default.js",
    "start": 1565153273619,
    "end": 1565153273619,
    "duration": 0,
    "pid": 9648,
    "index": 16
  },
  {
    "name": "Require(14) node_modules/egg/config/config.default.js",
    "start": 1565153273620,
    "end": 1565153273621,
    "duration": 1,
    "pid": 9648,
    "index": 17
  },
  {
    "name": "Require(15) config/config.default.js",
    "start": 1565153273622,
    "end": 1565153273622,
    "duration": 0,
    "pid": 9648,
    "index": 18
  },
  {
    "name": "Require(16) node_modules/egg-static/config/config.prod.js",
    "start": 1565153273629,
    "end": 1565153273629,
    "duration": 0,
    "pid": 9648,
    "index": 19
  },
  {
    "name": "Load extend/application.js",
    "start": 1565153273635,
    "end": 1565153273703,
    "duration": 68,
    "pid": 9648,
    "index": 20
  },
  {
    "name": "Require(17) node_modules/egg-session/app/extend/application.js",
    "start": 1565153273636,
    "end": 1565153273637,
    "duration": 1,
    "pid": 9648,
    "index": 21
  },
  {
    "name": "Require(18) node_modules/egg-security/app/extend/application.js",
    "start": 1565153273639,
    "end": 1565153273642,
    "duration": 3,
    "pid": 9648,
    "index": 22
  },
  {
    "name": "Require(19) node_modules/egg-jsonp/app/extend/application.js",
    "start": 1565153273644,
    "end": 1565153273650,
    "duration": 6,
    "pid": 9648,
    "index": 23
  },
  {
    "name": "Require(20) node_modules/egg-logrotator/app/extend/application.js",
    "start": 1565153273655,
    "end": 1565153273680,
    "duration": 25,
    "pid": 9648,
    "index": 24
  },
  {
    "name": "Require(21) node_modules/egg-view/app/extend/application.js",
    "start": 1565153273682,
    "end": 1565153273687,
    "duration": 5,
    "pid": 9648,
    "index": 25
  },
  {
    "name": "Load extend/request.js",
    "start": 1565153273703,
    "end": 1565153273737,
    "duration": 34,
    "pid": 9648,
    "index": 26
  },
  {
    "name": "Require(22) node_modules/egg/app/extend/request.js",
    "start": 1565153273716,
    "end": 1565153273721,
    "duration": 5,
    "pid": 9648,
    "index": 27
  },
  {
    "name": "Load extend/response.js",
    "start": 1565153273737,
    "end": 1565153273773,
    "duration": 36,
    "pid": 9648,
    "index": 28
  },
  {
    "name": "Require(23) node_modules/egg/app/extend/response.js",
    "start": 1565153273754,
    "end": 1565153273760,
    "duration": 6,
    "pid": 9648,
    "index": 29
  },
  {
    "name": "Load extend/context.js",
    "start": 1565153273773,
    "end": 1565153273969,
    "duration": 196,
    "pid": 9648,
    "index": 30
  },
  {
    "name": "Require(24) node_modules/egg-security/app/extend/context.js",
    "start": 1565153273784,
    "end": 1565153273842,
    "duration": 58,
    "pid": 9648,
    "index": 31
  },
  {
    "name": "Require(25) node_modules/egg-jsonp/app/extend/context.js",
    "start": 1565153273843,
    "end": 1565153273848,
    "duration": 5,
    "pid": 9648,
    "index": 32
  },
  {
    "name": "Require(26) node_modules/egg-i18n/app/extend/context.js",
    "start": 1565153273851,
    "end": 1565153273852,
    "duration": 1,
    "pid": 9648,
    "index": 33
  },
  {
    "name": "Require(27) node_modules/egg-multipart/app/extend/context.js",
    "start": 1565153273855,
    "end": 1565153273943,
    "duration": 88,
    "pid": 9648,
    "index": 34
  },
  {
    "name": "Require(28) node_modules/egg-view/app/extend/context.js",
    "start": 1565153273944,
    "end": 1565153273947,
    "duration": 3,
    "pid": 9648,
    "index": 35
  },
  {
    "name": "Require(29) node_modules/egg-validate/app/extend/context.js",
    "start": 1565153273948,
    "end": 1565153273948,
    "duration": 0,
    "pid": 9648,
    "index": 36
  },
  {
    "name": "Require(30) node_modules/egg/app/extend/context.js",
    "start": 1565153273950,
    "end": 1565153273957,
    "duration": 7,
    "pid": 9648,
    "index": 37
  },
  {
    "name": "Load extend/helper.js",
    "start": 1565153273969,
    "end": 1565153274025,
    "duration": 56,
    "pid": 9648,
    "index": 38
  },
  {
    "name": "Require(31) node_modules/egg-security/app/extend/helper.js",
    "start": 1565153273970,
    "end": 1565153274006,
    "duration": 36,
    "pid": 9648,
    "index": 39
  },
  {
    "name": "Require(32) node_modules/egg/app/extend/helper.js",
    "start": 1565153274013,
    "end": 1565153274013,
    "duration": 0,
    "pid": 9648,
    "index": 40
  },
  {
    "name": "Load app.js",
    "start": 1565153274025,
    "end": 1565153274171,
    "duration": 146,
    "pid": 9648,
    "index": 41
  },
  {
    "name": "Require(33) node_modules/egg-session/app.js",
    "start": 1565153274026,
    "end": 1565153274026,
    "duration": 0,
    "pid": 9648,
    "index": 42
  },
  {
    "name": "Require(34) node_modules/egg-security/app.js",
    "start": 1565153274027,
    "end": 1565153274034,
    "duration": 7,
    "pid": 9648,
    "index": 43
  },
  {
    "name": "Require(35) node_modules/egg-onerror/app.js",
    "start": 1565153274037,
    "end": 1565153274065,
    "duration": 28,
    "pid": 9648,
    "index": 44
  },
  {
    "name": "Require(36) node_modules/egg-i18n/app.js",
    "start": 1565153274066,
    "end": 1565153274092,
    "duration": 26,
    "pid": 9648,
    "index": 45
  },
  {
    "name": "Require(37) node_modules/egg-watcher/app.js",
    "start": 1565153274093,
    "end": 1565153274106,
    "duration": 13,
    "pid": 9648,
    "index": 46
  },
  {
    "name": "Require(38) node_modules/egg-schedule/app.js",
    "start": 1565153274107,
    "end": 1565153274112,
    "duration": 5,
    "pid": 9648,
    "index": 47
  },
  {
    "name": "Require(39) node_modules/egg-multipart/app.js",
    "start": 1565153274113,
    "end": 1565153274121,
    "duration": 8,
    "pid": 9648,
    "index": 48
  },
  {
    "name": "Require(40) node_modules/egg-logrotator/app.js",
    "start": 1565153274122,
    "end": 1565153274122,
    "duration": 0,
    "pid": 9648,
    "index": 49
  },
  {
    "name": "Require(41) node_modules/egg-static/app.js",
    "start": 1565153274123,
    "end": 1565153274124,
    "duration": 1,
    "pid": 9648,
    "index": 50
  },
  {
    "name": "Require(42) node_modules/egg-validate/app.js",
    "start": 1565153274126,
    "end": 1565153274131,
    "duration": 5,
    "pid": 9648,
    "index": 51
  },
  {
    "name": "Require(43) node_modules/egg-cors/app.js",
    "start": 1565153274132,
    "end": 1565153274133,
    "duration": 1,
    "pid": 9648,
    "index": 52
  },
  {
    "name": "Require(44) node_modules/egg-mysql/app.js",
    "start": 1565153274134,
    "end": 1565153274167,
    "duration": 33,
    "pid": 9648,
    "index": 53
  },
  {
    "name": "Before Start in node_modules/egg-watcher/lib/init.js:15:14",
    "start": 1565153274214,
    "end": 1565153274838,
    "duration": 624,
    "pid": 9648,
    "index": 54
  },
  {
    "name": "Before Start in node_modules/egg-mysql/lib/mysql.js:20:7",
    "start": 1565153274410,
    "end": 1565153274842,
    "duration": 432,
    "pid": 9648,
    "index": 55
  },
  {
    "name": "Load Service",
    "start": 1565153274410,
    "end": 1565153274469,
    "duration": 59,
    "pid": 9648,
    "index": 56
  },
  {
    "name": "Load \"service\" to Context",
    "start": 1565153274410,
    "end": 1565153274469,
    "duration": 59,
    "pid": 9648,
    "index": 57
  },
  {
    "name": "Load Middleware",
    "start": 1565153274470,
    "end": 1565153274759,
    "duration": 289,
    "pid": 9648,
    "index": 58
  },
  {
    "name": "Load \"middlewares\" to Application",
    "start": 1565153274470,
    "end": 1565153274738,
    "duration": 268,
    "pid": 9648,
    "index": 59
  },
  {
    "name": "Load Controller",
    "start": 1565153274759,
    "end": 1565153274798,
    "duration": 39,
    "pid": 9648,
    "index": 60
  },
  {
    "name": "Load \"controller\" to Application",
    "start": 1565153274759,
    "end": 1565153274798,
    "duration": 39,
    "pid": 9648,
    "index": 61
  },
  {
    "name": "Load Router",
    "start": 1565153274798,
    "end": 1565153274802,
    "duration": 4,
    "pid": 9648,
    "index": 62
  },
  {
    "name": "Require(45) app/router.js",
    "start": 1565153274798,
    "end": 1565153274799,
    "duration": 1,
    "pid": 9648,
    "index": 63
  },
  {
    "name": "Before Start in node_modules/egg-core/lib/egg.js:303:10",
    "start": 1565153274800,
    "end": 1565153274816,
    "duration": 16,
    "pid": 9648,
    "index": 64
  }
]