[
  {
    "name": "Application Start",
    "start": 1565061138267,
    "end": 1565061140179,
    "duration": 1912,
    "pid": 11604,
    "index": 0
  },
  {
    "name": "Load Plugin",
    "start": 1565061138282,
    "end": 1565061138370,
    "duration": 88,
    "pid": 11604,
    "index": 1
  },
  {
    "name": "Load Config",
    "start": 1565061138370,
    "end": 1565061138448,
    "duration": 78,
    "pid": 11604,
    "index": 2
  },
  {
    "name": "Require(0) config/config.default.js",
    "start": 1565061138372,
    "end": 1565061138373,
    "duration": 1,
    "pid": 11604,
    "index": 3
  },
  {
    "name": "Require(1) node_modules/egg-session/config/config.default.js",
    "start": 1565061138378,
    "end": 1565061138378,
    "duration": 0,
    "pid": 11604,
    "index": 4
  },
  {
    "name": "Require(2) node_modules/egg-security/config/config.default.js",
    "start": 1565061138380,
    "end": 1565061138381,
    "duration": 1,
    "pid": 11604,
    "index": 5
  },
  {
    "name": "Require(3) node_modules/egg-jsonp/config/config.default.js",
    "start": 1565061138384,
    "end": 1565061138385,
    "duration": 1,
    "pid": 11604,
    "index": 6
  },
  {
    "name": "Require(4) node_modules/egg-onerror/config/config.default.js",
    "start": 1565061138386,
    "end": 1565061138387,
    "duration": 1,
    "pid": 11604,
    "index": 7
  },
  {
    "name": "Require(5) node_modules/egg-i18n/config/config.default.js",
    "start": 1565061138389,
    "end": 1565061138390,
    "duration": 1,
    "pid": 11604,
    "index": 8
  },
  {
    "name": "Require(6) node_modules/egg-watcher/config/config.default.js",
    "start": 1565061138392,
    "end": 1565061138393,
    "duration": 1,
    "pid": 11604,
    "index": 9
  },
  {
    "name": "Require(7) node_modules/egg-schedule/config/config.default.js",
    "start": 1565061138395,
    "end": 1565061138395,
    "duration": 0,
    "pid": 11604,
    "index": 10
  },
  {
    "name": "Require(8) node_modules/egg-multipart/config/config.default.js",
    "start": 1565061138398,
    "end": 1565061138400,
    "duration": 2,
    "pid": 11604,
    "index": 11
  },
  {
    "name": "Require(9) node_modules/egg-logrotator/config/config.default.js",
    "start": 1565061138404,
    "end": 1565061138404,
    "duration": 0,
    "pid": 11604,
    "index": 12
  },
  {
    "name": "Require(10) node_modules/egg-static/config/config.default.js",
    "start": 1565061138406,
    "end": 1565061138407,
    "duration": 1,
    "pid": 11604,
    "index": 13
  },
  {
    "name": "Require(11) node_modules/egg-view/config/config.default.js",
    "start": 1565061138409,
    "end": 1565061138410,
    "duration": 1,
    "pid": 11604,
    "index": 14
  },
  {
    "name": "Require(12) node_modules/egg-cors/config/config.default.js",
    "start": 1565061138414,
    "end": 1565061138415,
    "duration": 1,
    "pid": 11604,
    "index": 15
  },
  {
    "name": "Require(13) node_modules/egg-mysql/config/config.default.js",
    "start": 1565061138417,
    "end": 1565061138417,
    "duration": 0,
    "pid": 11604,
    "index": 16
  },
  {
    "name": "Require(14) node_modules/egg/config/config.default.js",
    "start": 1565061138422,
    "end": 1565061138425,
    "duration": 3,
    "pid": 11604,
    "index": 17
  },
  {
    "name": "Require(15) config/config.default.js",
    "start": 1565061138428,
    "end": 1565061138428,
    "duration": 0,
    "pid": 11604,
    "index": 18
  },
  {
    "name": "Require(16) node_modules/egg-static/config/config.prod.js",
    "start": 1565061138442,
    "end": 1565061138443,
    "duration": 1,
    "pid": 11604,
    "index": 19
  },
  {
    "name": "Load extend/application.js",
    "start": 1565061138450,
    "end": 1565061138531,
    "duration": 81,
    "pid": 11604,
    "index": 20
  },
  {
    "name": "Require(17) node_modules/egg-session/app/extend/application.js",
    "start": 1565061138452,
    "end": 1565061138454,
    "duration": 2,
    "pid": 11604,
    "index": 21
  },
  {
    "name": "Require(18) node_modules/egg-security/app/extend/application.js",
    "start": 1565061138455,
    "end": 1565061138459,
    "duration": 4,
    "pid": 11604,
    "index": 22
  },
  {
    "name": "Require(19) node_modules/egg-jsonp/app/extend/application.js",
    "start": 1565061138460,
    "end": 1565061138466,
    "duration": 6,
    "pid": 11604,
    "index": 23
  },
  {
    "name": "Require(20) node_modules/egg-logrotator/app/extend/application.js",
    "start": 1565061138471,
    "end": 1565061138494,
    "duration": 23,
    "pid": 11604,
    "index": 24
  },
  {
    "name": "Require(21) node_modules/egg-view/app/extend/application.js",
    "start": 1565061138496,
    "end": 1565061138500,
    "duration": 4,
    "pid": 11604,
    "index": 25
  },
  {
    "name": "Load extend/request.js",
    "start": 1565061138532,
    "end": 1565061138580,
    "duration": 48,
    "pid": 11604,
    "index": 26
  },
  {
    "name": "Require(22) node_modules/egg/app/extend/request.js",
    "start": 1565061138550,
    "end": 1565061138555,
    "duration": 5,
    "pid": 11604,
    "index": 27
  },
  {
    "name": "Load extend/response.js",
    "start": 1565061138580,
    "end": 1565061138622,
    "duration": 42,
    "pid": 11604,
    "index": 28
  },
  {
    "name": "Require(23) node_modules/egg/app/extend/response.js",
    "start": 1565061138600,
    "end": 1565061138609,
    "duration": 9,
    "pid": 11604,
    "index": 29
  },
  {
    "name": "Load extend/context.js",
    "start": 1565061138622,
    "end": 1565061138853,
    "duration": 231,
    "pid": 11604,
    "index": 30
  },
  {
    "name": "Require(24) node_modules/egg-security/app/extend/context.js",
    "start": 1565061138624,
    "end": 1565061138693,
    "duration": 69,
    "pid": 11604,
    "index": 31
  },
  {
    "name": "Require(25) node_modules/egg-jsonp/app/extend/context.js",
    "start": 1565061138694,
    "end": 1565061138701,
    "duration": 7,
    "pid": 11604,
    "index": 32
  },
  {
    "name": "Require(26) node_modules/egg-i18n/app/extend/context.js",
    "start": 1565061138703,
    "end": 1565061138705,
    "duration": 2,
    "pid": 11604,
    "index": 33
  },
  {
    "name": "Require(27) node_modules/egg-multipart/app/extend/context.js",
    "start": 1565061138708,
    "end": 1565061138817,
    "duration": 109,
    "pid": 11604,
    "index": 34
  },
  {
    "name": "Require(28) node_modules/egg-view/app/extend/context.js",
    "start": 1565061138820,
    "end": 1565061138823,
    "duration": 3,
    "pid": 11604,
    "index": 35
  },
  {
    "name": "Require(29) node_modules/egg-validate/app/extend/context.js",
    "start": 1565061138825,
    "end": 1565061138826,
    "duration": 1,
    "pid": 11604,
    "index": 36
  },
  {
    "name": "Require(30) node_modules/egg/app/extend/context.js",
    "start": 1565061138828,
    "end": 1565061138839,
    "duration": 11,
    "pid": 11604,
    "index": 37
  },
  {
    "name": "Load extend/helper.js",
    "start": 1565061138853,
    "end": 1565061138934,
    "duration": 81,
    "pid": 11604,
    "index": 38
  },
  {
    "name": "Require(31) node_modules/egg-security/app/extend/helper.js",
    "start": 1565061138855,
    "end": 1565061138909,
    "duration": 54,
    "pid": 11604,
    "index": 39
  },
  {
    "name": "Require(32) node_modules/egg/app/extend/helper.js",
    "start": 1565061138920,
    "end": 1565061138921,
    "duration": 1,
    "pid": 11604,
    "index": 40
  },
  {
    "name": "Load app.js",
    "start": 1565061138934,
    "end": 1565061139131,
    "duration": 197,
    "pid": 11604,
    "index": 41
  },
  {
    "name": "Require(33) node_modules/egg-session/app.js",
    "start": 1565061138936,
    "end": 1565061138936,
    "duration": 0,
    "pid": 11604,
    "index": 42
  },
  {
    "name": "Require(34) node_modules/egg-security/app.js",
    "start": 1565061138938,
    "end": 1565061138946,
    "duration": 8,
    "pid": 11604,
    "index": 43
  },
  {
    "name": "Require(35) node_modules/egg-onerror/app.js",
    "start": 1565061138949,
    "end": 1565061138987,
    "duration": 38,
    "pid": 11604,
    "index": 44
  },
  {
    "name": "Require(36) node_modules/egg-i18n/app.js",
    "start": 1565061138988,
    "end": 1565061139030,
    "duration": 42,
    "pid": 11604,
    "index": 45
  },
  {
    "name": "Require(37) node_modules/egg-watcher/app.js",
    "start": 1565061139031,
    "end": 1565061139046,
    "duration": 15,
    "pid": 11604,
    "index": 46
  },
  {
    "name": "Require(38) node_modules/egg-schedule/app.js",
    "start": 1565061139047,
    "end": 1565061139053,
    "duration": 6,
    "pid": 11604,
    "index": 47
  },
  {
    "name": "Require(39) node_modules/egg-multipart/app.js",
    "start": 1565061139055,
    "end": 1565061139065,
    "duration": 10,
    "pid": 11604,
    "index": 48
  },
  {
    "name": "Require(40) node_modules/egg-logrotator/app.js",
    "start": 1565061139066,
    "end": 1565061139067,
    "duration": 1,
    "pid": 11604,
    "index": 49
  },
  {
    "name": "Require(41) node_modules/egg-static/app.js",
    "start": 1565061139068,
    "end": 1565061139069,
    "duration": 1,
    "pid": 11604,
    "index": 50
  },
  {
    "name": "Require(42) node_modules/egg-validate/app.js",
    "start": 1565061139072,
    "end": 1565061139078,
    "duration": 6,
    "pid": 11604,
    "index": 51
  },
  {
    "name": "Require(43) node_modules/egg-cors/app.js",
    "start": 1565061139079,
    "end": 1565061139080,
    "duration": 1,
    "pid": 11604,
    "index": 52
  },
  {
    "name": "Require(44) node_modules/egg-mysql/app.js",
    "start": 1565061139081,
    "end": 1565061139127,
    "duration": 46,
    "pid": 11604,
    "index": 53
  },
  {
    "name": "Before Start in node_modules/egg-watcher/lib/init.js:15:14",
    "start": 1565061139167,
    "end": 1565061140171,
    "duration": 1004,
    "pid": 11604,
    "index": 54
  },
  {
    "name": "Before Start in node_modules/egg-mysql/lib/mysql.js:20:7",
    "start": 1565061139545,
    "end": 1565061140176,
    "duration": 631,
    "pid": 11604,
    "index": 55
  },
  {
    "name": "Load Service",
    "start": 1565061139545,
    "end": 1565061139609,
    "duration": 64,
    "pid": 11604,
    "index": 56
  },
  {
    "name": "Load \"service\" to Context",
    "start": 1565061139546,
    "end": 1565061139609,
    "duration": 63,
    "pid": 11604,
    "index": 57
  },
  {
    "name": "Load Middleware",
    "start": 1565061139610,
    "end": 1565061140087,
    "duration": 477,
    "pid": 11604,
    "index": 58
  },
  {
    "name": "Load \"middlewares\" to Application",
    "start": 1565061139610,
    "end": 1565061140063,
    "duration": 453,
    "pid": 11604,
    "index": 59
  },
  {
    "name": "Load Controller",
    "start": 1565061140087,
    "end": 1565061140126,
    "duration": 39,
    "pid": 11604,
    "index": 60
  },
  {
    "name": "Load \"controller\" to Application",
    "start": 1565061140087,
    "end": 1565061140126,
    "duration": 39,
    "pid": 11604,
    "index": 61
  },
  {
    "name": "Load Router",
    "start": 1565061140126,
    "end": 1565061140132,
    "duration": 6,
    "pid": 11604,
    "index": 62
  },
  {
    "name": "Require(45) app/router.js",
    "start": 1565061140127,
    "end": 1565061140128,
    "duration": 1,
    "pid": 11604,
    "index": 63
  },
  {
    "name": "Before Start in node_modules/egg-core/lib/egg.js:303:10",
    "start": 1565061140129,
    "end": 1565061140150,
    "duration": 21,
    "pid": 11604,
    "index": 64
  }
]