[
  {
    "name": "Application Start",
    "start": 1565169134291,
    "end": 1565169136258,
    "duration": 1967,
    "pid": 16528,
    "index": 0
  },
  {
    "name": "Load Plugin",
    "start": 1565169134308,
    "end": 1565169134414,
    "duration": 106,
    "pid": 16528,
    "index": 1
  },
  {
    "name": "Load Config",
    "start": 1565169134414,
    "end": 1565169134491,
    "duration": 77,
    "pid": 16528,
    "index": 2
  },
  {
    "name": "Require(0) config/config.default.js",
    "start": 1565169134416,
    "end": 1565169134417,
    "duration": 1,
    "pid": 16528,
    "index": 3
  },
  {
    "name": "Require(1) node_modules/egg-session/config/config.default.js",
    "start": 1565169134422,
    "end": 1565169134423,
    "duration": 1,
    "pid": 16528,
    "index": 4
  },
  {
    "name": "Require(2) node_modules/egg-security/config/config.default.js",
    "start": 1565169134425,
    "end": 1565169134426,
    "duration": 1,
    "pid": 16528,
    "index": 5
  },
  {
    "name": "Require(3) node_modules/egg-jsonp/config/config.default.js",
    "start": 1565169134429,
    "end": 1565169134429,
    "duration": 0,
    "pid": 16528,
    "index": 6
  },
  {
    "name": "Require(4) node_modules/egg-onerror/config/config.default.js",
    "start": 1565169134431,
    "end": 1565169134432,
    "duration": 1,
    "pid": 16528,
    "index": 7
  },
  {
    "name": "Require(5) node_modules/egg-i18n/config/config.default.js",
    "start": 1565169134435,
    "end": 1565169134435,
    "duration": 0,
    "pid": 16528,
    "index": 8
  },
  {
    "name": "Require(6) node_modules/egg-watcher/config/config.default.js",
    "start": 1565169134440,
    "end": 1565169134441,
    "duration": 1,
    "pid": 16528,
    "index": 9
  },
  {
    "name": "Require(7) node_modules/egg-schedule/config/config.default.js",
    "start": 1565169134444,
    "end": 1565169134445,
    "duration": 1,
    "pid": 16528,
    "index": 10
  },
  {
    "name": "Require(8) node_modules/egg-multipart/config/config.default.js",
    "start": 1565169134448,
    "end": 1565169134448,
    "duration": 0,
    "pid": 16528,
    "index": 11
  },
  {
    "name": "Require(9) node_modules/egg-logrotator/config/config.default.js",
    "start": 1565169134450,
    "end": 1565169134451,
    "duration": 1,
    "pid": 16528,
    "index": 12
  },
  {
    "name": "Require(10) node_modules/egg-static/config/config.default.js",
    "start": 1565169134454,
    "end": 1565169134455,
    "duration": 1,
    "pid": 16528,
    "index": 13
  },
  {
    "name": "Require(11) node_modules/egg-view/config/config.default.js",
    "start": 1565169134457,
    "end": 1565169134458,
    "duration": 1,
    "pid": 16528,
    "index": 14
  },
  {
    "name": "Require(12) node_modules/egg-cors/config/config.default.js",
    "start": 1565169134461,
    "end": 1565169134462,
    "duration": 1,
    "pid": 16528,
    "index": 15
  },
  {
    "name": "Require(13) node_modules/egg-mysql/config/config.default.js",
    "start": 1565169134463,
    "end": 1565169134464,
    "duration": 1,
    "pid": 16528,
    "index": 16
  },
  {
    "name": "Require(14) node_modules/egg/config/config.default.js",
    "start": 1565169134467,
    "end": 1565169134469,
    "duration": 2,
    "pid": 16528,
    "index": 17
  },
  {
    "name": "Require(15) config/config.default.js",
    "start": 1565169134472,
    "end": 1565169134472,
    "duration": 0,
    "pid": 16528,
    "index": 18
  },
  {
    "name": "Require(16) node_modules/egg-static/config/config.prod.js",
    "start": 1565169134484,
    "end": 1565169134485,
    "duration": 1,
    "pid": 16528,
    "index": 19
  },
  {
    "name": "Load extend/application.js",
    "start": 1565169134493,
    "end": 1565169134595,
    "duration": 102,
    "pid": 16528,
    "index": 20
  },
  {
    "name": "Require(17) node_modules/egg-session/app/extend/application.js",
    "start": 1565169134496,
    "end": 1565169134497,
    "duration": 1,
    "pid": 16528,
    "index": 21
  },
  {
    "name": "Require(18) node_modules/egg-security/app/extend/application.js",
    "start": 1565169134500,
    "end": 1565169134506,
    "duration": 6,
    "pid": 16528,
    "index": 22
  },
  {
    "name": "Require(19) node_modules/egg-jsonp/app/extend/application.js",
    "start": 1565169134508,
    "end": 1565169134515,
    "duration": 7,
    "pid": 16528,
    "index": 23
  },
  {
    "name": "Require(20) node_modules/egg-logrotator/app/extend/application.js",
    "start": 1565169134522,
    "end": 1565169134554,
    "duration": 32,
    "pid": 16528,
    "index": 24
  },
  {
    "name": "Require(21) node_modules/egg-view/app/extend/application.js",
    "start": 1565169134556,
    "end": 1565169134562,
    "duration": 6,
    "pid": 16528,
    "index": 25
  },
  {
    "name": "Load extend/request.js",
    "start": 1565169134595,
    "end": 1565169134639,
    "duration": 44,
    "pid": 16528,
    "index": 26
  },
  {
    "name": "Require(22) node_modules/egg/app/extend/request.js",
    "start": 1565169134612,
    "end": 1565169134617,
    "duration": 5,
    "pid": 16528,
    "index": 27
  },
  {
    "name": "Load extend/response.js",
    "start": 1565169134639,
    "end": 1565169134689,
    "duration": 50,
    "pid": 16528,
    "index": 28
  },
  {
    "name": "Require(23) node_modules/egg/app/extend/response.js",
    "start": 1565169134660,
    "end": 1565169134670,
    "duration": 10,
    "pid": 16528,
    "index": 29
  },
  {
    "name": "Load extend/context.js",
    "start": 1565169134689,
    "end": 1565169135015,
    "duration": 326,
    "pid": 16528,
    "index": 30
  },
  {
    "name": "Require(24) node_modules/egg-security/app/extend/context.js",
    "start": 1565169134691,
    "end": 1565169134776,
    "duration": 85,
    "pid": 16528,
    "index": 31
  },
  {
    "name": "Require(25) node_modules/egg-jsonp/app/extend/context.js",
    "start": 1565169134777,
    "end": 1565169134784,
    "duration": 7,
    "pid": 16528,
    "index": 32
  },
  {
    "name": "Require(26) node_modules/egg-i18n/app/extend/context.js",
    "start": 1565169134791,
    "end": 1565169134792,
    "duration": 1,
    "pid": 16528,
    "index": 33
  },
  {
    "name": "Require(27) node_modules/egg-multipart/app/extend/context.js",
    "start": 1565169134796,
    "end": 1565169134956,
    "duration": 160,
    "pid": 16528,
    "index": 34
  },
  {
    "name": "Require(28) node_modules/egg-view/app/extend/context.js",
    "start": 1565169134965,
    "end": 1565169134968,
    "duration": 3,
    "pid": 16528,
    "index": 35
  },
  {
    "name": "Require(29) node_modules/egg-validate/app/extend/context.js",
    "start": 1565169134971,
    "end": 1565169134971,
    "duration": 0,
    "pid": 16528,
    "index": 36
  },
  {
    "name": "Require(30) node_modules/egg/app/extend/context.js",
    "start": 1565169134974,
    "end": 1565169134987,
    "duration": 13,
    "pid": 16528,
    "index": 37
  },
  {
    "name": "Load extend/helper.js",
    "start": 1565169135016,
    "end": 1565169135132,
    "duration": 116,
    "pid": 16528,
    "index": 38
  },
  {
    "name": "Require(31) node_modules/egg-security/app/extend/helper.js",
    "start": 1565169135019,
    "end": 1565169135090,
    "duration": 71,
    "pid": 16528,
    "index": 39
  },
  {
    "name": "Require(32) node_modules/egg/app/extend/helper.js",
    "start": 1565169135104,
    "end": 1565169135105,
    "duration": 1,
    "pid": 16528,
    "index": 40
  },
  {
    "name": "Load app.js",
    "start": 1565169135132,
    "end": 1565169135440,
    "duration": 308,
    "pid": 16528,
    "index": 41
  },
  {
    "name": "Require(33) node_modules/egg-session/app.js",
    "start": 1565169135134,
    "end": 1565169135135,
    "duration": 1,
    "pid": 16528,
    "index": 42
  },
  {
    "name": "Require(34) node_modules/egg-security/app.js",
    "start": 1565169135136,
    "end": 1565169135145,
    "duration": 9,
    "pid": 16528,
    "index": 43
  },
  {
    "name": "Require(35) node_modules/egg-onerror/app.js",
    "start": 1565169135148,
    "end": 1565169135200,
    "duration": 52,
    "pid": 16528,
    "index": 44
  },
  {
    "name": "Require(36) node_modules/egg-i18n/app.js",
    "start": 1565169135201,
    "end": 1565169135254,
    "duration": 53,
    "pid": 16528,
    "index": 45
  },
  {
    "name": "Require(37) node_modules/egg-watcher/app.js",
    "start": 1565169135255,
    "end": 1565169135281,
    "duration": 26,
    "pid": 16528,
    "index": 46
  },
  {
    "name": "Require(38) node_modules/egg-schedule/app.js",
    "start": 1565169135282,
    "end": 1565169135290,
    "duration": 8,
    "pid": 16528,
    "index": 47
  },
  {
    "name": "Require(39) node_modules/egg-multipart/app.js",
    "start": 1565169135294,
    "end": 1565169135308,
    "duration": 14,
    "pid": 16528,
    "index": 48
  },
  {
    "name": "Require(40) node_modules/egg-logrotator/app.js",
    "start": 1565169135309,
    "end": 1565169135310,
    "duration": 1,
    "pid": 16528,
    "index": 49
  },
  {
    "name": "Require(41) node_modules/egg-static/app.js",
    "start": 1565169135311,
    "end": 1565169135312,
    "duration": 1,
    "pid": 16528,
    "index": 50
  },
  {
    "name": "Require(42) node_modules/egg-validate/app.js",
    "start": 1565169135318,
    "end": 1565169135346,
    "duration": 28,
    "pid": 16528,
    "index": 51
  },
  {
    "name": "Require(43) node_modules/egg-cors/app.js",
    "start": 1565169135350,
    "end": 1565169135351,
    "duration": 1,
    "pid": 16528,
    "index": 52
  },
  {
    "name": "Require(44) node_modules/egg-mysql/app.js",
    "start": 1565169135352,
    "end": 1565169135434,
    "duration": 82,
    "pid": 16528,
    "index": 53
  },
  {
    "name": "Before Start in node_modules/egg-watcher/lib/init.js:15:14",
    "start": 1565169135478,
    "end": 1565169136251,
    "duration": 773,
    "pid": 16528,
    "index": 54
  },
  {
    "name": "Before Start in node_modules/egg-mysql/lib/mysql.js:20:7",
    "start": 1565169135791,
    "end": 1565169136255,
    "duration": 464,
    "pid": 16528,
    "index": 55
  },
  {
    "name": "Load Service",
    "start": 1565169135792,
    "end": 1565169135836,
    "duration": 44,
    "pid": 16528,
    "index": 56
  },
  {
    "name": "Load \"service\" to Context",
    "start": 1565169135792,
    "end": 1565169135836,
    "duration": 44,
    "pid": 16528,
    "index": 57
  },
  {
    "name": "Load Middleware",
    "start": 1565169135836,
    "end": 1565169136160,
    "duration": 324,
    "pid": 16528,
    "index": 58
  },
  {
    "name": "Load \"middlewares\" to Application",
    "start": 1565169135837,
    "end": 1565169136136,
    "duration": 299,
    "pid": 16528,
    "index": 59
  },
  {
    "name": "Load Controller",
    "start": 1565169136160,
    "end": 1565169136203,
    "duration": 43,
    "pid": 16528,
    "index": 60
  },
  {
    "name": "Load \"controller\" to Application",
    "start": 1565169136160,
    "end": 1565169136203,
    "duration": 43,
    "pid": 16528,
    "index": 61
  },
  {
    "name": "Load Router",
    "start": 1565169136203,
    "end": 1565169136208,
    "duration": 5,
    "pid": 16528,
    "index": 62
  },
  {
    "name": "Require(45) app/router.js",
    "start": 1565169136204,
    "end": 1565169136205,
    "duration": 1,
    "pid": 16528,
    "index": 63
  },
  {
    "name": "Before Start in node_modules/egg-core/lib/egg.js:303:10",
    "start": 1565169136206,
    "end": 1565169136226,
    "duration": 20,
    "pid": 16528,
    "index": 64
  }
]