[
  {
    "name": "Application Start",
    "start": 1565169290241,
    "end": 1565169292102,
    "duration": 1861,
    "pid": 12796,
    "index": 0
  },
  {
    "name": "Load Plugin",
    "start": 1565169290257,
    "end": 1565169290360,
    "duration": 103,
    "pid": 12796,
    "index": 1
  },
  {
    "name": "Load Config",
    "start": 1565169290360,
    "end": 1565169290442,
    "duration": 82,
    "pid": 12796,
    "index": 2
  },
  {
    "name": "Require(0) config/config.default.js",
    "start": 1565169290362,
    "end": 1565169290363,
    "duration": 1,
    "pid": 12796,
    "index": 3
  },
  {
    "name": "Require(1) node_modules/egg-session/config/config.default.js",
    "start": 1565169290368,
    "end": 1565169290368,
    "duration": 0,
    "pid": 12796,
    "index": 4
  },
  {
    "name": "Require(2) node_modules/egg-security/config/config.default.js",
    "start": 1565169290371,
    "end": 1565169290371,
    "duration": 0,
    "pid": 12796,
    "index": 5
  },
  {
    "name": "Require(3) node_modules/egg-jsonp/config/config.default.js",
    "start": 1565169290374,
    "end": 1565169290375,
    "duration": 1,
    "pid": 12796,
    "index": 6
  },
  {
    "name": "Require(4) node_modules/egg-onerror/config/config.default.js",
    "start": 1565169290377,
    "end": 1565169290377,
    "duration": 0,
    "pid": 12796,
    "index": 7
  },
  {
    "name": "Require(5) node_modules/egg-i18n/config/config.default.js",
    "start": 1565169290379,
    "end": 1565169290380,
    "duration": 1,
    "pid": 12796,
    "index": 8
  },
  {
    "name": "Require(6) node_modules/egg-watcher/config/config.default.js",
    "start": 1565169290382,
    "end": 1565169290382,
    "duration": 0,
    "pid": 12796,
    "index": 9
  },
  {
    "name": "Require(7) node_modules/egg-schedule/config/config.default.js",
    "start": 1565169290384,
    "end": 1565169290385,
    "duration": 1,
    "pid": 12796,
    "index": 10
  },
  {
    "name": "Require(8) node_modules/egg-multipart/config/config.default.js",
    "start": 1565169290388,
    "end": 1565169290388,
    "duration": 0,
    "pid": 12796,
    "index": 11
  },
  {
    "name": "Require(9) node_modules/egg-logrotator/config/config.default.js",
    "start": 1565169290391,
    "end": 1565169290391,
    "duration": 0,
    "pid": 12796,
    "index": 12
  },
  {
    "name": "Require(10) node_modules/egg-static/config/config.default.js",
    "start": 1565169290393,
    "end": 1565169290394,
    "duration": 1,
    "pid": 12796,
    "index": 13
  },
  {
    "name": "Require(11) node_modules/egg-view/config/config.default.js",
    "start": 1565169290397,
    "end": 1565169290398,
    "duration": 1,
    "pid": 12796,
    "index": 14
  },
  {
    "name": "Require(12) node_modules/egg-cors/config/config.default.js",
    "start": 1565169290406,
    "end": 1565169290409,
    "duration": 3,
    "pid": 12796,
    "index": 15
  },
  {
    "name": "Require(13) node_modules/egg-mysql/config/config.default.js",
    "start": 1565169290411,
    "end": 1565169290412,
    "duration": 1,
    "pid": 12796,
    "index": 16
  },
  {
    "name": "Require(14) node_modules/egg/config/config.default.js",
    "start": 1565169290416,
    "end": 1565169290417,
    "duration": 1,
    "pid": 12796,
    "index": 17
  },
  {
    "name": "Require(15) config/config.default.js",
    "start": 1565169290419,
    "end": 1565169290419,
    "duration": 0,
    "pid": 12796,
    "index": 18
  },
  {
    "name": "Require(16) node_modules/egg-static/config/config.prod.js",
    "start": 1565169290435,
    "end": 1565169290436,
    "duration": 1,
    "pid": 12796,
    "index": 19
  },
  {
    "name": "Load extend/application.js",
    "start": 1565169290444,
    "end": 1565169290517,
    "duration": 73,
    "pid": 12796,
    "index": 20
  },
  {
    "name": "Require(17) node_modules/egg-session/app/extend/application.js",
    "start": 1565169290446,
    "end": 1565169290448,
    "duration": 2,
    "pid": 12796,
    "index": 21
  },
  {
    "name": "Require(18) node_modules/egg-security/app/extend/application.js",
    "start": 1565169290450,
    "end": 1565169290453,
    "duration": 3,
    "pid": 12796,
    "index": 22
  },
  {
    "name": "Require(19) node_modules/egg-jsonp/app/extend/application.js",
    "start": 1565169290455,
    "end": 1565169290462,
    "duration": 7,
    "pid": 12796,
    "index": 23
  },
  {
    "name": "Require(20) node_modules/egg-logrotator/app/extend/application.js",
    "start": 1565169290470,
    "end": 1565169290493,
    "duration": 23,
    "pid": 12796,
    "index": 24
  },
  {
    "name": "Require(21) node_modules/egg-view/app/extend/application.js",
    "start": 1565169290495,
    "end": 1565169290501,
    "duration": 6,
    "pid": 12796,
    "index": 25
  },
  {
    "name": "Load extend/request.js",
    "start": 1565169290517,
    "end": 1565169290549,
    "duration": 32,
    "pid": 12796,
    "index": 26
  },
  {
    "name": "Require(22) node_modules/egg/app/extend/request.js",
    "start": 1565169290530,
    "end": 1565169290535,
    "duration": 5,
    "pid": 12796,
    "index": 27
  },
  {
    "name": "Load extend/response.js",
    "start": 1565169290549,
    "end": 1565169290582,
    "duration": 33,
    "pid": 12796,
    "index": 28
  },
  {
    "name": "Require(23) node_modules/egg/app/extend/response.js",
    "start": 1565169290561,
    "end": 1565169290568,
    "duration": 7,
    "pid": 12796,
    "index": 29
  },
  {
    "name": "Load extend/context.js",
    "start": 1565169290582,
    "end": 1565169290834,
    "duration": 252,
    "pid": 12796,
    "index": 30
  },
  {
    "name": "Require(24) node_modules/egg-security/app/extend/context.js",
    "start": 1565169290584,
    "end": 1565169290650,
    "duration": 66,
    "pid": 12796,
    "index": 31
  },
  {
    "name": "Require(25) node_modules/egg-jsonp/app/extend/context.js",
    "start": 1565169290652,
    "end": 1565169290660,
    "duration": 8,
    "pid": 12796,
    "index": 32
  },
  {
    "name": "Require(26) node_modules/egg-i18n/app/extend/context.js",
    "start": 1565169290662,
    "end": 1565169290663,
    "duration": 1,
    "pid": 12796,
    "index": 33
  },
  {
    "name": "Require(27) node_modules/egg-multipart/app/extend/context.js",
    "start": 1565169290666,
    "end": 1565169290793,
    "duration": 127,
    "pid": 12796,
    "index": 34
  },
  {
    "name": "Require(28) node_modules/egg-view/app/extend/context.js",
    "start": 1565169290797,
    "end": 1565169290800,
    "duration": 3,
    "pid": 12796,
    "index": 35
  },
  {
    "name": "Require(29) node_modules/egg-validate/app/extend/context.js",
    "start": 1565169290803,
    "end": 1565169290805,
    "duration": 2,
    "pid": 12796,
    "index": 36
  },
  {
    "name": "Require(30) node_modules/egg/app/extend/context.js",
    "start": 1565169290808,
    "end": 1565169290819,
    "duration": 11,
    "pid": 12796,
    "index": 37
  },
  {
    "name": "Load extend/helper.js",
    "start": 1565169290834,
    "end": 1565169290919,
    "duration": 85,
    "pid": 12796,
    "index": 38
  },
  {
    "name": "Require(31) node_modules/egg-security/app/extend/helper.js",
    "start": 1565169290836,
    "end": 1565169290893,
    "duration": 57,
    "pid": 12796,
    "index": 39
  },
  {
    "name": "Require(32) node_modules/egg/app/extend/helper.js",
    "start": 1565169290904,
    "end": 1565169290905,
    "duration": 1,
    "pid": 12796,
    "index": 40
  },
  {
    "name": "Load app.js",
    "start": 1565169290919,
    "end": 1565169291127,
    "duration": 208,
    "pid": 12796,
    "index": 41
  },
  {
    "name": "Require(33) node_modules/egg-session/app.js",
    "start": 1565169290920,
    "end": 1565169290921,
    "duration": 1,
    "pid": 12796,
    "index": 42
  },
  {
    "name": "Require(34) node_modules/egg-security/app.js",
    "start": 1565169290923,
    "end": 1565169290930,
    "duration": 7,
    "pid": 12796,
    "index": 43
  },
  {
    "name": "Require(35) node_modules/egg-onerror/app.js",
    "start": 1565169290933,
    "end": 1565169290972,
    "duration": 39,
    "pid": 12796,
    "index": 44
  },
  {
    "name": "Require(36) node_modules/egg-i18n/app.js",
    "start": 1565169290973,
    "end": 1565169291012,
    "duration": 39,
    "pid": 12796,
    "index": 45
  },
  {
    "name": "Require(37) node_modules/egg-watcher/app.js",
    "start": 1565169291013,
    "end": 1565169291029,
    "duration": 16,
    "pid": 12796,
    "index": 46
  },
  {
    "name": "Require(38) node_modules/egg-schedule/app.js",
    "start": 1565169291030,
    "end": 1565169291037,
    "duration": 7,
    "pid": 12796,
    "index": 47
  },
  {
    "name": "Require(39) node_modules/egg-multipart/app.js",
    "start": 1565169291038,
    "end": 1565169291050,
    "duration": 12,
    "pid": 12796,
    "index": 48
  },
  {
    "name": "Require(40) node_modules/egg-logrotator/app.js",
    "start": 1565169291051,
    "end": 1565169291052,
    "duration": 1,
    "pid": 12796,
    "index": 49
  },
  {
    "name": "Require(41) node_modules/egg-static/app.js",
    "start": 1565169291053,
    "end": 1565169291054,
    "duration": 1,
    "pid": 12796,
    "index": 50
  },
  {
    "name": "Require(42) node_modules/egg-validate/app.js",
    "start": 1565169291057,
    "end": 1565169291063,
    "duration": 6,
    "pid": 12796,
    "index": 51
  },
  {
    "name": "Require(43) node_modules/egg-cors/app.js",
    "start": 1565169291065,
    "end": 1565169291066,
    "duration": 1,
    "pid": 12796,
    "index": 52
  },
  {
    "name": "Require(44) node_modules/egg-mysql/app.js",
    "start": 1565169291067,
    "end": 1565169291123,
    "duration": 56,
    "pid": 12796,
    "index": 53
  },
  {
    "name": "Before Start in node_modules/egg-watcher/lib/init.js:15:14",
    "start": 1565169291167,
    "end": 1565169292097,
    "duration": 930,
    "pid": 12796,
    "index": 54
  },
  {
    "name": "Before Start in node_modules/egg-mysql/lib/mysql.js:20:7",
    "start": 1565169291507,
    "end": 1565169292101,
    "duration": 594,
    "pid": 12796,
    "index": 55
  },
  {
    "name": "Load Service",
    "start": 1565169291507,
    "end": 1565169291569,
    "duration": 62,
    "pid": 12796,
    "index": 56
  },
  {
    "name": "Load \"service\" to Context",
    "start": 1565169291507,
    "end": 1565169291569,
    "duration": 62,
    "pid": 12796,
    "index": 57
  },
  {
    "name": "Load Middleware",
    "start": 1565169291569,
    "end": 1565169292008,
    "duration": 439,
    "pid": 12796,
    "index": 58
  },
  {
    "name": "Load \"middlewares\" to Application",
    "start": 1565169291569,
    "end": 1565169291982,
    "duration": 413,
    "pid": 12796,
    "index": 59
  },
  {
    "name": "Load Controller",
    "start": 1565169292008,
    "end": 1565169292050,
    "duration": 42,
    "pid": 12796,
    "index": 60
  },
  {
    "name": "Load \"controller\" to Application",
    "start": 1565169292008,
    "end": 1565169292050,
    "duration": 42,
    "pid": 12796,
    "index": 61
  },
  {
    "name": "Load Router",
    "start": 1565169292050,
    "end": 1565169292054,
    "duration": 4,
    "pid": 12796,
    "index": 62
  },
  {
    "name": "Require(45) app/router.js",
    "start": 1565169292051,
    "end": 1565169292052,
    "duration": 1,
    "pid": 12796,
    "index": 63
  },
  {
    "name": "Before Start in node_modules/egg-core/lib/egg.js:303:10",
    "start": 1565169292052,
    "end": 1565169292075,
    "duration": 23,
    "pid": 12796,
    "index": 64
  }
]