[
  {
    "name": "Application Start",
    "start": 1565141994172,
    "end": 1565141995944,
    "duration": 1772,
    "pid": 12928,
    "index": 0
  },
  {
    "name": "Load Plugin",
    "start": 1565141994187,
    "end": 1565141994272,
    "duration": 85,
    "pid": 12928,
    "index": 1
  },
  {
    "name": "Load Config",
    "start": 1565141994272,
    "end": 1565141994338,
    "duration": 66,
    "pid": 12928,
    "index": 2
  },
  {
    "name": "Require(0) config/config.default.js",
    "start": 1565141994274,
    "end": 1565141994275,
    "duration": 1,
    "pid": 12928,
    "index": 3
  },
  {
    "name": "Require(1) node_modules/egg-session/config/config.default.js",
    "start": 1565141994279,
    "end": 1565141994280,
    "duration": 1,
    "pid": 12928,
    "index": 4
  },
  {
    "name": "Require(2) node_modules/egg-security/config/config.default.js",
    "start": 1565141994282,
    "end": 1565141994282,
    "duration": 0,
    "pid": 12928,
    "index": 5
  },
  {
    "name": "Require(3) node_modules/egg-jsonp/config/config.default.js",
    "start": 1565141994285,
    "end": 1565141994286,
    "duration": 1,
    "pid": 12928,
    "index": 6
  },
  {
    "name": "Require(4) node_modules/egg-onerror/config/config.default.js",
    "start": 1565141994288,
    "end": 1565141994288,
    "duration": 0,
    "pid": 12928,
    "index": 7
  },
  {
    "name": "Require(5) node_modules/egg-i18n/config/config.default.js",
    "start": 1565141994290,
    "end": 1565141994290,
    "duration": 0,
    "pid": 12928,
    "index": 8
  },
  {
    "name": "Require(6) node_modules/egg-watcher/config/config.default.js",
    "start": 1565141994292,
    "end": 1565141994293,
    "duration": 1,
    "pid": 12928,
    "index": 9
  },
  {
    "name": "Require(7) node_modules/egg-schedule/config/config.default.js",
    "start": 1565141994294,
    "end": 1565141994295,
    "duration": 1,
    "pid": 12928,
    "index": 10
  },
  {
    "name": "Require(8) node_modules/egg-multipart/config/config.default.js",
    "start": 1565141994297,
    "end": 1565141994298,
    "duration": 1,
    "pid": 12928,
    "index": 11
  },
  {
    "name": "Require(9) node_modules/egg-logrotator/config/config.default.js",
    "start": 1565141994300,
    "end": 1565141994300,
    "duration": 0,
    "pid": 12928,
    "index": 12
  },
  {
    "name": "Require(10) node_modules/egg-static/config/config.default.js",
    "start": 1565141994302,
    "end": 1565141994303,
    "duration": 1,
    "pid": 12928,
    "index": 13
  },
  {
    "name": "Require(11) node_modules/egg-view/config/config.default.js",
    "start": 1565141994304,
    "end": 1565141994305,
    "duration": 1,
    "pid": 12928,
    "index": 14
  },
  {
    "name": "Require(12) node_modules/egg-cors/config/config.default.js",
    "start": 1565141994308,
    "end": 1565141994309,
    "duration": 1,
    "pid": 12928,
    "index": 15
  },
  {
    "name": "Require(13) node_modules/egg-mysql/config/config.default.js",
    "start": 1565141994310,
    "end": 1565141994311,
    "duration": 1,
    "pid": 12928,
    "index": 16
  },
  {
    "name": "Require(14) node_modules/egg/config/config.default.js",
    "start": 1565141994312,
    "end": 1565141994313,
    "duration": 1,
    "pid": 12928,
    "index": 17
  },
  {
    "name": "Require(15) config/config.default.js",
    "start": 1565141994316,
    "end": 1565141994316,
    "duration": 0,
    "pid": 12928,
    "index": 18
  },
  {
    "name": "Require(16) node_modules/egg-static/config/config.prod.js",
    "start": 1565141994330,
    "end": 1565141994331,
    "duration": 1,
    "pid": 12928,
    "index": 19
  },
  {
    "name": "Load extend/application.js",
    "start": 1565141994350,
    "end": 1565141994446,
    "duration": 96,
    "pid": 12928,
    "index": 20
  },
  {
    "name": "Require(17) node_modules/egg-session/app/extend/application.js",
    "start": 1565141994352,
    "end": 1565141994353,
    "duration": 1,
    "pid": 12928,
    "index": 21
  },
  {
    "name": "Require(18) node_modules/egg-security/app/extend/application.js",
    "start": 1565141994354,
    "end": 1565141994359,
    "duration": 5,
    "pid": 12928,
    "index": 22
  },
  {
    "name": "Require(19) node_modules/egg-jsonp/app/extend/application.js",
    "start": 1565141994361,
    "end": 1565141994368,
    "duration": 7,
    "pid": 12928,
    "index": 23
  },
  {
    "name": "Require(20) node_modules/egg-logrotator/app/extend/application.js",
    "start": 1565141994385,
    "end": 1565141994421,
    "duration": 36,
    "pid": 12928,
    "index": 24
  },
  {
    "name": "Require(21) node_modules/egg-view/app/extend/application.js",
    "start": 1565141994423,
    "end": 1565141994428,
    "duration": 5,
    "pid": 12928,
    "index": 25
  },
  {
    "name": "Load extend/request.js",
    "start": 1565141994446,
    "end": 1565141994478,
    "duration": 32,
    "pid": 12928,
    "index": 26
  },
  {
    "name": "Require(22) node_modules/egg/app/extend/request.js",
    "start": 1565141994459,
    "end": 1565141994465,
    "duration": 6,
    "pid": 12928,
    "index": 27
  },
  {
    "name": "Load extend/response.js",
    "start": 1565141994478,
    "end": 1565141994512,
    "duration": 34,
    "pid": 12928,
    "index": 28
  },
  {
    "name": "Require(23) node_modules/egg/app/extend/response.js",
    "start": 1565141994491,
    "end": 1565141994498,
    "duration": 7,
    "pid": 12928,
    "index": 29
  },
  {
    "name": "Load extend/context.js",
    "start": 1565141994512,
    "end": 1565141994728,
    "duration": 216,
    "pid": 12928,
    "index": 30
  },
  {
    "name": "Require(24) node_modules/egg-security/app/extend/context.js",
    "start": 1565141994514,
    "end": 1565141994573,
    "duration": 59,
    "pid": 12928,
    "index": 31
  },
  {
    "name": "Require(25) node_modules/egg-jsonp/app/extend/context.js",
    "start": 1565141994574,
    "end": 1565141994579,
    "duration": 5,
    "pid": 12928,
    "index": 32
  },
  {
    "name": "Require(26) node_modules/egg-i18n/app/extend/context.js",
    "start": 1565141994581,
    "end": 1565141994582,
    "duration": 1,
    "pid": 12928,
    "index": 33
  },
  {
    "name": "Require(27) node_modules/egg-multipart/app/extend/context.js",
    "start": 1565141994585,
    "end": 1565141994692,
    "duration": 107,
    "pid": 12928,
    "index": 34
  },
  {
    "name": "Require(28) node_modules/egg-view/app/extend/context.js",
    "start": 1565141994695,
    "end": 1565141994698,
    "duration": 3,
    "pid": 12928,
    "index": 35
  },
  {
    "name": "Require(29) node_modules/egg-validate/app/extend/context.js",
    "start": 1565141994699,
    "end": 1565141994700,
    "duration": 1,
    "pid": 12928,
    "index": 36
  },
  {
    "name": "Require(30) node_modules/egg/app/extend/context.js",
    "start": 1565141994702,
    "end": 1565141994715,
    "duration": 13,
    "pid": 12928,
    "index": 37
  },
  {
    "name": "Load extend/helper.js",
    "start": 1565141994728,
    "end": 1565141994810,
    "duration": 82,
    "pid": 12928,
    "index": 38
  },
  {
    "name": "Require(31) node_modules/egg-security/app/extend/helper.js",
    "start": 1565141994731,
    "end": 1565141994784,
    "duration": 53,
    "pid": 12928,
    "index": 39
  },
  {
    "name": "Require(32) node_modules/egg/app/extend/helper.js",
    "start": 1565141994795,
    "end": 1565141994796,
    "duration": 1,
    "pid": 12928,
    "index": 40
  },
  {
    "name": "Load app.js",
    "start": 1565141994810,
    "end": 1565141994997,
    "duration": 187,
    "pid": 12928,
    "index": 41
  },
  {
    "name": "Require(33) node_modules/egg-session/app.js",
    "start": 1565141994812,
    "end": 1565141994812,
    "duration": 0,
    "pid": 12928,
    "index": 42
  },
  {
    "name": "Require(34) node_modules/egg-security/app.js",
    "start": 1565141994814,
    "end": 1565141994821,
    "duration": 7,
    "pid": 12928,
    "index": 43
  },
  {
    "name": "Require(35) node_modules/egg-onerror/app.js",
    "start": 1565141994824,
    "end": 1565141994859,
    "duration": 35,
    "pid": 12928,
    "index": 44
  },
  {
    "name": "Require(36) node_modules/egg-i18n/app.js",
    "start": 1565141994860,
    "end": 1565141994898,
    "duration": 38,
    "pid": 12928,
    "index": 45
  },
  {
    "name": "Require(37) node_modules/egg-watcher/app.js",
    "start": 1565141994899,
    "end": 1565141994913,
    "duration": 14,
    "pid": 12928,
    "index": 46
  },
  {
    "name": "Require(38) node_modules/egg-schedule/app.js",
    "start": 1565141994914,
    "end": 1565141994919,
    "duration": 5,
    "pid": 12928,
    "index": 47
  },
  {
    "name": "Require(39) node_modules/egg-multipart/app.js",
    "start": 1565141994921,
    "end": 1565141994930,
    "duration": 9,
    "pid": 12928,
    "index": 48
  },
  {
    "name": "Require(40) node_modules/egg-logrotator/app.js",
    "start": 1565141994931,
    "end": 1565141994932,
    "duration": 1,
    "pid": 12928,
    "index": 49
  },
  {
    "name": "Require(41) node_modules/egg-static/app.js",
    "start": 1565141994933,
    "end": 1565141994934,
    "duration": 1,
    "pid": 12928,
    "index": 50
  },
  {
    "name": "Require(42) node_modules/egg-validate/app.js",
    "start": 1565141994937,
    "end": 1565141994943,
    "duration": 6,
    "pid": 12928,
    "index": 51
  },
  {
    "name": "Require(43) node_modules/egg-cors/app.js",
    "start": 1565141994945,
    "end": 1565141994945,
    "duration": 0,
    "pid": 12928,
    "index": 52
  },
  {
    "name": "Require(44) node_modules/egg-mysql/app.js",
    "start": 1565141994947,
    "end": 1565141994993,
    "duration": 46,
    "pid": 12928,
    "index": 53
  },
  {
    "name": "Before Start in node_modules/egg-watcher/lib/init.js:15:14",
    "start": 1565141995035,
    "end": 1565141995938,
    "duration": 903,
    "pid": 12928,
    "index": 54
  },
  {
    "name": "Before Start in node_modules/egg-mysql/lib/mysql.js:20:7",
    "start": 1565141995399,
    "end": 1565141995941,
    "duration": 542,
    "pid": 12928,
    "index": 55
  },
  {
    "name": "Load Service",
    "start": 1565141995399,
    "end": 1565141995456,
    "duration": 57,
    "pid": 12928,
    "index": 56
  },
  {
    "name": "Load \"service\" to Context",
    "start": 1565141995399,
    "end": 1565141995456,
    "duration": 57,
    "pid": 12928,
    "index": 57
  },
  {
    "name": "Load Middleware",
    "start": 1565141995457,
    "end": 1565141995863,
    "duration": 406,
    "pid": 12928,
    "index": 58
  },
  {
    "name": "Load \"middlewares\" to Application",
    "start": 1565141995457,
    "end": 1565141995835,
    "duration": 378,
    "pid": 12928,
    "index": 59
  },
  {
    "name": "Load Controller",
    "start": 1565141995863,
    "end": 1565141995902,
    "duration": 39,
    "pid": 12928,
    "index": 60
  },
  {
    "name": "Load \"controller\" to Application",
    "start": 1565141995863,
    "end": 1565141995902,
    "duration": 39,
    "pid": 12928,
    "index": 61
  },
  {
    "name": "Load Router",
    "start": 1565141995902,
    "end": 1565141995907,
    "duration": 5,
    "pid": 12928,
    "index": 62
  },
  {
    "name": "Require(45) app/router.js",
    "start": 1565141995903,
    "end": 1565141995904,
    "duration": 1,
    "pid": 12928,
    "index": 63
  },
  {
    "name": "Before Start in node_modules/egg-core/lib/egg.js:303:10",
    "start": 1565141995904,
    "end": 1565141995921,
    "duration": 17,
    "pid": 12928,
    "index": 64
  }
]