[
  {
    "name": "Application Start",
    "start": 1565169134244,
    "end": 1565169136243,
    "duration": 1999,
    "pid": 12316,
    "index": 0
  },
  {
    "name": "Load Plugin",
    "start": 1565169134264,
    "end": 1565169134360,
    "duration": 96,
    "pid": 12316,
    "index": 1
  },
  {
    "name": "Load Config",
    "start": 1565169134360,
    "end": 1565169134472,
    "duration": 112,
    "pid": 12316,
    "index": 2
  },
  {
    "name": "Require(0) config/config.default.js",
    "start": 1565169134363,
    "end": 1565169134363,
    "duration": 0,
    "pid": 12316,
    "index": 3
  },
  {
    "name": "Require(1) node_modules/egg-session/config/config.default.js",
    "start": 1565169134372,
    "end": 1565169134375,
    "duration": 3,
    "pid": 12316,
    "index": 4
  },
  {
    "name": "Require(2) node_modules/egg-security/config/config.default.js",
    "start": 1565169134379,
    "end": 1565169134381,
    "duration": 2,
    "pid": 12316,
    "index": 5
  },
  {
    "name": "Require(3) node_modules/egg-jsonp/config/config.default.js",
    "start": 1565169134386,
    "end": 1565169134387,
    "duration": 1,
    "pid": 12316,
    "index": 6
  },
  {
    "name": "Require(4) node_modules/egg-onerror/config/config.default.js",
    "start": 1565169134393,
    "end": 1565169134393,
    "duration": 0,
    "pid": 12316,
    "index": 7
  },
  {
    "name": "Require(5) node_modules/egg-i18n/config/config.default.js",
    "start": 1565169134398,
    "end": 1565169134399,
    "duration": 1,
    "pid": 12316,
    "index": 8
  },
  {
    "name": "Require(6) node_modules/egg-watcher/config/config.default.js",
    "start": 1565169134402,
    "end": 1565169134403,
    "duration": 1,
    "pid": 12316,
    "index": 9
  },
  {
    "name": "Require(7) node_modules/egg-schedule/config/config.default.js",
    "start": 1565169134405,
    "end": 1565169134406,
    "duration": 1,
    "pid": 12316,
    "index": 10
  },
  {
    "name": "Require(8) node_modules/egg-multipart/config/config.default.js",
    "start": 1565169134412,
    "end": 1565169134412,
    "duration": 0,
    "pid": 12316,
    "index": 11
  },
  {
    "name": "Require(9) node_modules/egg-logrotator/config/config.default.js",
    "start": 1565169134415,
    "end": 1565169134415,
    "duration": 0,
    "pid": 12316,
    "index": 12
  },
  {
    "name": "Require(10) node_modules/egg-static/config/config.default.js",
    "start": 1565169134418,
    "end": 1565169134419,
    "duration": 1,
    "pid": 12316,
    "index": 13
  },
  {
    "name": "Require(11) node_modules/egg-view/config/config.default.js",
    "start": 1565169134421,
    "end": 1565169134424,
    "duration": 3,
    "pid": 12316,
    "index": 14
  },
  {
    "name": "Require(12) node_modules/egg-cors/config/config.default.js",
    "start": 1565169134429,
    "end": 1565169134430,
    "duration": 1,
    "pid": 12316,
    "index": 15
  },
  {
    "name": "Require(13) node_modules/egg-mysql/config/config.default.js",
    "start": 1565169134432,
    "end": 1565169134433,
    "duration": 1,
    "pid": 12316,
    "index": 16
  },
  {
    "name": "Require(14) node_modules/egg/config/config.default.js",
    "start": 1565169134435,
    "end": 1565169134438,
    "duration": 3,
    "pid": 12316,
    "index": 17
  },
  {
    "name": "Require(15) config/config.default.js",
    "start": 1565169134441,
    "end": 1565169134441,
    "duration": 0,
    "pid": 12316,
    "index": 18
  },
  {
    "name": "Require(16) node_modules/egg-static/config/config.prod.js",
    "start": 1565169134457,
    "end": 1565169134458,
    "duration": 1,
    "pid": 12316,
    "index": 19
  },
  {
    "name": "Load extend/application.js",
    "start": 1565169134475,
    "end": 1565169134567,
    "duration": 92,
    "pid": 12316,
    "index": 20
  },
  {
    "name": "Require(17) node_modules/egg-session/app/extend/application.js",
    "start": 1565169134478,
    "end": 1565169134479,
    "duration": 1,
    "pid": 12316,
    "index": 21
  },
  {
    "name": "Require(18) node_modules/egg-security/app/extend/application.js",
    "start": 1565169134481,
    "end": 1565169134485,
    "duration": 4,
    "pid": 12316,
    "index": 22
  },
  {
    "name": "Require(19) node_modules/egg-jsonp/app/extend/application.js",
    "start": 1565169134493,
    "end": 1565169134502,
    "duration": 9,
    "pid": 12316,
    "index": 23
  },
  {
    "name": "Require(20) node_modules/egg-logrotator/app/extend/application.js",
    "start": 1565169134509,
    "end": 1565169134542,
    "duration": 33,
    "pid": 12316,
    "index": 24
  },
  {
    "name": "Require(21) node_modules/egg-view/app/extend/application.js",
    "start": 1565169134544,
    "end": 1565169134549,
    "duration": 5,
    "pid": 12316,
    "index": 25
  },
  {
    "name": "Load extend/request.js",
    "start": 1565169134567,
    "end": 1565169134607,
    "duration": 40,
    "pid": 12316,
    "index": 26
  },
  {
    "name": "Require(22) node_modules/egg/app/extend/request.js",
    "start": 1565169134583,
    "end": 1565169134590,
    "duration": 7,
    "pid": 12316,
    "index": 27
  },
  {
    "name": "Load extend/response.js",
    "start": 1565169134607,
    "end": 1565169134662,
    "duration": 55,
    "pid": 12316,
    "index": 28
  },
  {
    "name": "Require(23) node_modules/egg/app/extend/response.js",
    "start": 1565169134632,
    "end": 1565169134642,
    "duration": 10,
    "pid": 12316,
    "index": 29
  },
  {
    "name": "Load extend/context.js",
    "start": 1565169134662,
    "end": 1565169134982,
    "duration": 320,
    "pid": 12316,
    "index": 30
  },
  {
    "name": "Require(24) node_modules/egg-security/app/extend/context.js",
    "start": 1565169134665,
    "end": 1565169134760,
    "duration": 95,
    "pid": 12316,
    "index": 31
  },
  {
    "name": "Require(25) node_modules/egg-jsonp/app/extend/context.js",
    "start": 1565169134762,
    "end": 1565169134771,
    "duration": 9,
    "pid": 12316,
    "index": 32
  },
  {
    "name": "Require(26) node_modules/egg-i18n/app/extend/context.js",
    "start": 1565169134776,
    "end": 1565169134777,
    "duration": 1,
    "pid": 12316,
    "index": 33
  },
  {
    "name": "Require(27) node_modules/egg-multipart/app/extend/context.js",
    "start": 1565169134781,
    "end": 1565169134929,
    "duration": 148,
    "pid": 12316,
    "index": 34
  },
  {
    "name": "Require(28) node_modules/egg-view/app/extend/context.js",
    "start": 1565169134936,
    "end": 1565169134940,
    "duration": 4,
    "pid": 12316,
    "index": 35
  },
  {
    "name": "Require(29) node_modules/egg-validate/app/extend/context.js",
    "start": 1565169134942,
    "end": 1565169134943,
    "duration": 1,
    "pid": 12316,
    "index": 36
  },
  {
    "name": "Require(30) node_modules/egg/app/extend/context.js",
    "start": 1565169134946,
    "end": 1565169134959,
    "duration": 13,
    "pid": 12316,
    "index": 37
  },
  {
    "name": "Load extend/helper.js",
    "start": 1565169134982,
    "end": 1565169135122,
    "duration": 140,
    "pid": 12316,
    "index": 38
  },
  {
    "name": "Require(31) node_modules/egg-security/app/extend/helper.js",
    "start": 1565169134986,
    "end": 1565169135071,
    "duration": 85,
    "pid": 12316,
    "index": 39
  },
  {
    "name": "Require(32) node_modules/egg/app/extend/helper.js",
    "start": 1565169135090,
    "end": 1565169135091,
    "duration": 1,
    "pid": 12316,
    "index": 40
  },
  {
    "name": "Load app.js",
    "start": 1565169135123,
    "end": 1565169135432,
    "duration": 309,
    "pid": 12316,
    "index": 41
  },
  {
    "name": "Require(33) node_modules/egg-session/app.js",
    "start": 1565169135129,
    "end": 1565169135130,
    "duration": 1,
    "pid": 12316,
    "index": 42
  },
  {
    "name": "Require(34) node_modules/egg-security/app.js",
    "start": 1565169135131,
    "end": 1565169135145,
    "duration": 14,
    "pid": 12316,
    "index": 43
  },
  {
    "name": "Require(35) node_modules/egg-onerror/app.js",
    "start": 1565169135150,
    "end": 1565169135209,
    "duration": 59,
    "pid": 12316,
    "index": 44
  },
  {
    "name": "Require(36) node_modules/egg-i18n/app.js",
    "start": 1565169135210,
    "end": 1565169135272,
    "duration": 62,
    "pid": 12316,
    "index": 45
  },
  {
    "name": "Require(37) node_modules/egg-watcher/app.js",
    "start": 1565169135274,
    "end": 1565169135293,
    "duration": 19,
    "pid": 12316,
    "index": 46
  },
  {
    "name": "Require(38) node_modules/egg-schedule/app.js",
    "start": 1565169135294,
    "end": 1565169135302,
    "duration": 8,
    "pid": 12316,
    "index": 47
  },
  {
    "name": "Require(39) node_modules/egg-multipart/app.js",
    "start": 1565169135303,
    "end": 1565169135327,
    "duration": 24,
    "pid": 12316,
    "index": 48
  },
  {
    "name": "Require(40) node_modules/egg-logrotator/app.js",
    "start": 1565169135328,
    "end": 1565169135329,
    "duration": 1,
    "pid": 12316,
    "index": 49
  },
  {
    "name": "Require(41) node_modules/egg-static/app.js",
    "start": 1565169135330,
    "end": 1565169135331,
    "duration": 1,
    "pid": 12316,
    "index": 50
  },
  {
    "name": "Require(42) node_modules/egg-validate/app.js",
    "start": 1565169135334,
    "end": 1565169135340,
    "duration": 6,
    "pid": 12316,
    "index": 51
  },
  {
    "name": "Require(43) node_modules/egg-cors/app.js",
    "start": 1565169135341,
    "end": 1565169135342,
    "duration": 1,
    "pid": 12316,
    "index": 52
  },
  {
    "name": "Require(44) node_modules/egg-mysql/app.js",
    "start": 1565169135343,
    "end": 1565169135427,
    "duration": 84,
    "pid": 12316,
    "index": 53
  },
  {
    "name": "Before Start in node_modules/egg-watcher/lib/init.js:15:14",
    "start": 1565169135481,
    "end": 1565169136233,
    "duration": 752,
    "pid": 12316,
    "index": 54
  },
  {
    "name": "Before Start in node_modules/egg-mysql/lib/mysql.js:20:7",
    "start": 1565169135781,
    "end": 1565169136238,
    "duration": 457,
    "pid": 12316,
    "index": 55
  },
  {
    "name": "Load Service",
    "start": 1565169135781,
    "end": 1565169135825,
    "duration": 44,
    "pid": 12316,
    "index": 56
  },
  {
    "name": "Load \"service\" to Context",
    "start": 1565169135782,
    "end": 1565169135825,
    "duration": 43,
    "pid": 12316,
    "index": 57
  },
  {
    "name": "Load Middleware",
    "start": 1565169135825,
    "end": 1565169136149,
    "duration": 324,
    "pid": 12316,
    "index": 58
  },
  {
    "name": "Load \"middlewares\" to Application",
    "start": 1565169135826,
    "end": 1565169136126,
    "duration": 300,
    "pid": 12316,
    "index": 59
  },
  {
    "name": "Load Controller",
    "start": 1565169136149,
    "end": 1565169136191,
    "duration": 42,
    "pid": 12316,
    "index": 60
  },
  {
    "name": "Load \"controller\" to Application",
    "start": 1565169136150,
    "end": 1565169136191,
    "duration": 41,
    "pid": 12316,
    "index": 61
  },
  {
    "name": "Load Router",
    "start": 1565169136191,
    "end": 1565169136196,
    "duration": 5,
    "pid": 12316,
    "index": 62
  },
  {
    "name": "Require(45) app/router.js",
    "start": 1565169136192,
    "end": 1565169136193,
    "duration": 1,
    "pid": 12316,
    "index": 63
  },
  {
    "name": "Before Start in node_modules/egg-core/lib/egg.js:303:10",
    "start": 1565169136193,
    "end": 1565169136213,
    "duration": 20,
    "pid": 12316,
    "index": 64
  }
]