[
  {
    "name": "Application Start",
    "start": 1565061138317,
    "end": 1565061140207,
    "duration": 1890,
    "pid": 6960,
    "index": 0
  },
  {
    "name": "Load Plugin",
    "start": 1565061138332,
    "end": 1565061138426,
    "duration": 94,
    "pid": 6960,
    "index": 1
  },
  {
    "name": "Load Config",
    "start": 1565061138426,
    "end": 1565061138492,
    "duration": 66,
    "pid": 6960,
    "index": 2
  },
  {
    "name": "Require(0) config/config.default.js",
    "start": 1565061138428,
    "end": 1565061138429,
    "duration": 1,
    "pid": 6960,
    "index": 3
  },
  {
    "name": "Require(1) node_modules/egg-session/config/config.default.js",
    "start": 1565061138434,
    "end": 1565061138434,
    "duration": 0,
    "pid": 6960,
    "index": 4
  },
  {
    "name": "Require(2) node_modules/egg-security/config/config.default.js",
    "start": 1565061138439,
    "end": 1565061138440,
    "duration": 1,
    "pid": 6960,
    "index": 5
  },
  {
    "name": "Require(3) node_modules/egg-jsonp/config/config.default.js",
    "start": 1565061138443,
    "end": 1565061138444,
    "duration": 1,
    "pid": 6960,
    "index": 6
  },
  {
    "name": "Require(4) node_modules/egg-onerror/config/config.default.js",
    "start": 1565061138446,
    "end": 1565061138446,
    "duration": 0,
    "pid": 6960,
    "index": 7
  },
  {
    "name": "Require(5) node_modules/egg-i18n/config/config.default.js",
    "start": 1565061138448,
    "end": 1565061138448,
    "duration": 0,
    "pid": 6960,
    "index": 8
  },
  {
    "name": "Require(6) node_modules/egg-watcher/config/config.default.js",
    "start": 1565061138450,
    "end": 1565061138451,
    "duration": 1,
    "pid": 6960,
    "index": 9
  },
  {
    "name": "Require(7) node_modules/egg-schedule/config/config.default.js",
    "start": 1565061138453,
    "end": 1565061138456,
    "duration": 3,
    "pid": 6960,
    "index": 10
  },
  {
    "name": "Require(8) node_modules/egg-multipart/config/config.default.js",
    "start": 1565061138458,
    "end": 1565061138459,
    "duration": 1,
    "pid": 6960,
    "index": 11
  },
  {
    "name": "Require(9) node_modules/egg-logrotator/config/config.default.js",
    "start": 1565061138461,
    "end": 1565061138461,
    "duration": 0,
    "pid": 6960,
    "index": 12
  },
  {
    "name": "Require(10) node_modules/egg-static/config/config.default.js",
    "start": 1565061138463,
    "end": 1565061138464,
    "duration": 1,
    "pid": 6960,
    "index": 13
  },
  {
    "name": "Require(11) node_modules/egg-view/config/config.default.js",
    "start": 1565061138465,
    "end": 1565061138466,
    "duration": 1,
    "pid": 6960,
    "index": 14
  },
  {
    "name": "Require(12) node_modules/egg-cors/config/config.default.js",
    "start": 1565061138469,
    "end": 1565061138470,
    "duration": 1,
    "pid": 6960,
    "index": 15
  },
  {
    "name": "Require(13) node_modules/egg-mysql/config/config.default.js",
    "start": 1565061138471,
    "end": 1565061138472,
    "duration": 1,
    "pid": 6960,
    "index": 16
  },
  {
    "name": "Require(14) node_modules/egg/config/config.default.js",
    "start": 1565061138474,
    "end": 1565061138475,
    "duration": 1,
    "pid": 6960,
    "index": 17
  },
  {
    "name": "Require(15) config/config.default.js",
    "start": 1565061138477,
    "end": 1565061138477,
    "duration": 0,
    "pid": 6960,
    "index": 18
  },
  {
    "name": "Require(16) node_modules/egg-static/config/config.prod.js",
    "start": 1565061138487,
    "end": 1565061138487,
    "duration": 0,
    "pid": 6960,
    "index": 19
  },
  {
    "name": "Load extend/application.js",
    "start": 1565061138495,
    "end": 1565061138585,
    "duration": 90,
    "pid": 6960,
    "index": 20
  },
  {
    "name": "Require(17) node_modules/egg-session/app/extend/application.js",
    "start": 1565061138497,
    "end": 1565061138498,
    "duration": 1,
    "pid": 6960,
    "index": 21
  },
  {
    "name": "Require(18) node_modules/egg-security/app/extend/application.js",
    "start": 1565061138499,
    "end": 1565061138502,
    "duration": 3,
    "pid": 6960,
    "index": 22
  },
  {
    "name": "Require(19) node_modules/egg-jsonp/app/extend/application.js",
    "start": 1565061138504,
    "end": 1565061138509,
    "duration": 5,
    "pid": 6960,
    "index": 23
  },
  {
    "name": "Require(20) node_modules/egg-logrotator/app/extend/application.js",
    "start": 1565061138515,
    "end": 1565061138549,
    "duration": 34,
    "pid": 6960,
    "index": 24
  },
  {
    "name": "Require(21) node_modules/egg-view/app/extend/application.js",
    "start": 1565061138551,
    "end": 1565061138556,
    "duration": 5,
    "pid": 6960,
    "index": 25
  },
  {
    "name": "Load extend/request.js",
    "start": 1565061138585,
    "end": 1565061138619,
    "duration": 34,
    "pid": 6960,
    "index": 26
  },
  {
    "name": "Require(22) node_modules/egg/app/extend/request.js",
    "start": 1565061138598,
    "end": 1565061138605,
    "duration": 7,
    "pid": 6960,
    "index": 27
  },
  {
    "name": "Load extend/response.js",
    "start": 1565061138619,
    "end": 1565061138654,
    "duration": 35,
    "pid": 6960,
    "index": 28
  },
  {
    "name": "Require(23) node_modules/egg/app/extend/response.js",
    "start": 1565061138632,
    "end": 1565061138639,
    "duration": 7,
    "pid": 6960,
    "index": 29
  },
  {
    "name": "Load extend/context.js",
    "start": 1565061138654,
    "end": 1565061138887,
    "duration": 233,
    "pid": 6960,
    "index": 30
  },
  {
    "name": "Require(24) node_modules/egg-security/app/extend/context.js",
    "start": 1565061138656,
    "end": 1565061138731,
    "duration": 75,
    "pid": 6960,
    "index": 31
  },
  {
    "name": "Require(25) node_modules/egg-jsonp/app/extend/context.js",
    "start": 1565061138732,
    "end": 1565061138737,
    "duration": 5,
    "pid": 6960,
    "index": 32
  },
  {
    "name": "Require(26) node_modules/egg-i18n/app/extend/context.js",
    "start": 1565061138739,
    "end": 1565061138740,
    "duration": 1,
    "pid": 6960,
    "index": 33
  },
  {
    "name": "Require(27) node_modules/egg-multipart/app/extend/context.js",
    "start": 1565061138743,
    "end": 1565061138850,
    "duration": 107,
    "pid": 6960,
    "index": 34
  },
  {
    "name": "Require(28) node_modules/egg-view/app/extend/context.js",
    "start": 1565061138854,
    "end": 1565061138857,
    "duration": 3,
    "pid": 6960,
    "index": 35
  },
  {
    "name": "Require(29) node_modules/egg-validate/app/extend/context.js",
    "start": 1565061138859,
    "end": 1565061138860,
    "duration": 1,
    "pid": 6960,
    "index": 36
  },
  {
    "name": "Require(30) node_modules/egg/app/extend/context.js",
    "start": 1565061138862,
    "end": 1565061138872,
    "duration": 10,
    "pid": 6960,
    "index": 37
  },
  {
    "name": "Load extend/helper.js",
    "start": 1565061138887,
    "end": 1565061138967,
    "duration": 80,
    "pid": 6960,
    "index": 38
  },
  {
    "name": "Require(31) node_modules/egg-security/app/extend/helper.js",
    "start": 1565061138889,
    "end": 1565061138942,
    "duration": 53,
    "pid": 6960,
    "index": 39
  },
  {
    "name": "Require(32) node_modules/egg/app/extend/helper.js",
    "start": 1565061138953,
    "end": 1565061138954,
    "duration": 1,
    "pid": 6960,
    "index": 40
  },
  {
    "name": "Load app.js",
    "start": 1565061138968,
    "end": 1565061139160,
    "duration": 192,
    "pid": 6960,
    "index": 41
  },
  {
    "name": "Require(33) node_modules/egg-session/app.js",
    "start": 1565061138969,
    "end": 1565061138970,
    "duration": 1,
    "pid": 6960,
    "index": 42
  },
  {
    "name": "Require(34) node_modules/egg-security/app.js",
    "start": 1565061138971,
    "end": 1565061138979,
    "duration": 8,
    "pid": 6960,
    "index": 43
  },
  {
    "name": "Require(35) node_modules/egg-onerror/app.js",
    "start": 1565061138981,
    "end": 1565061139019,
    "duration": 38,
    "pid": 6960,
    "index": 44
  },
  {
    "name": "Require(36) node_modules/egg-i18n/app.js",
    "start": 1565061139020,
    "end": 1565061139057,
    "duration": 37,
    "pid": 6960,
    "index": 45
  },
  {
    "name": "Require(37) node_modules/egg-watcher/app.js",
    "start": 1565061139058,
    "end": 1565061139074,
    "duration": 16,
    "pid": 6960,
    "index": 46
  },
  {
    "name": "Require(38) node_modules/egg-schedule/app.js",
    "start": 1565061139075,
    "end": 1565061139082,
    "duration": 7,
    "pid": 6960,
    "index": 47
  },
  {
    "name": "Require(39) node_modules/egg-multipart/app.js",
    "start": 1565061139083,
    "end": 1565061139092,
    "duration": 9,
    "pid": 6960,
    "index": 48
  },
  {
    "name": "Require(40) node_modules/egg-logrotator/app.js",
    "start": 1565061139094,
    "end": 1565061139095,
    "duration": 1,
    "pid": 6960,
    "index": 49
  },
  {
    "name": "Require(41) node_modules/egg-static/app.js",
    "start": 1565061139096,
    "end": 1565061139097,
    "duration": 1,
    "pid": 6960,
    "index": 50
  },
  {
    "name": "Require(42) node_modules/egg-validate/app.js",
    "start": 1565061139100,
    "end": 1565061139108,
    "duration": 8,
    "pid": 6960,
    "index": 51
  },
  {
    "name": "Require(43) node_modules/egg-cors/app.js",
    "start": 1565061139109,
    "end": 1565061139110,
    "duration": 1,
    "pid": 6960,
    "index": 52
  },
  {
    "name": "Require(44) node_modules/egg-mysql/app.js",
    "start": 1565061139111,
    "end": 1565061139156,
    "duration": 45,
    "pid": 6960,
    "index": 53
  },
  {
    "name": "Before Start in node_modules/egg-watcher/lib/init.js:15:14",
    "start": 1565061139195,
    "end": 1565061140202,
    "duration": 1007,
    "pid": 6960,
    "index": 54
  },
  {
    "name": "Before Start in node_modules/egg-mysql/lib/mysql.js:20:7",
    "start": 1565061139557,
    "end": 1565061140205,
    "duration": 648,
    "pid": 6960,
    "index": 55
  },
  {
    "name": "Load Service",
    "start": 1565061139557,
    "end": 1565061139622,
    "duration": 65,
    "pid": 6960,
    "index": 56
  },
  {
    "name": "Load \"service\" to Context",
    "start": 1565061139558,
    "end": 1565061139622,
    "duration": 64,
    "pid": 6960,
    "index": 57
  },
  {
    "name": "Load Middleware",
    "start": 1565061139623,
    "end": 1565061140111,
    "duration": 488,
    "pid": 6960,
    "index": 58
  },
  {
    "name": "Load \"middlewares\" to Application",
    "start": 1565061139623,
    "end": 1565061140087,
    "duration": 464,
    "pid": 6960,
    "index": 59
  },
  {
    "name": "Load Controller",
    "start": 1565061140111,
    "end": 1565061140156,
    "duration": 45,
    "pid": 6960,
    "index": 60
  },
  {
    "name": "Load \"controller\" to Application",
    "start": 1565061140111,
    "end": 1565061140156,
    "duration": 45,
    "pid": 6960,
    "index": 61
  },
  {
    "name": "Load Router",
    "start": 1565061140156,
    "end": 1565061140162,
    "duration": 6,
    "pid": 6960,
    "index": 62
  },
  {
    "name": "Require(45) app/router.js",
    "start": 1565061140158,
    "end": 1565061140159,
    "duration": 1,
    "pid": 6960,
    "index": 63
  },
  {
    "name": "Before Start in node_modules/egg-core/lib/egg.js:303:10",
    "start": 1565061140160,
    "end": 1565061140179,
    "duration": 19,
    "pid": 6960,
    "index": 64
  }
]