[
  {
    "name": "Application Start",
    "start": 1565169290362,
    "end": 1565169292196,
    "duration": 1834,
    "pid": 13064,
    "index": 0
  },
  {
    "name": "Load Plugin",
    "start": 1565169290383,
    "end": 1565169290475,
    "duration": 92,
    "pid": 13064,
    "index": 1
  },
  {
    "name": "Load Config",
    "start": 1565169290475,
    "end": 1565169290536,
    "duration": 61,
    "pid": 13064,
    "index": 2
  },
  {
    "name": "Require(0) config/config.default.js",
    "start": 1565169290477,
    "end": 1565169290477,
    "duration": 0,
    "pid": 13064,
    "index": 3
  },
  {
    "name": "Require(1) node_modules/egg-session/config/config.default.js",
    "start": 1565169290482,
    "end": 1565169290483,
    "duration": 1,
    "pid": 13064,
    "index": 4
  },
  {
    "name": "Require(2) node_modules/egg-security/config/config.default.js",
    "start": 1565169290485,
    "end": 1565169290485,
    "duration": 0,
    "pid": 13064,
    "index": 5
  },
  {
    "name": "Require(3) node_modules/egg-jsonp/config/config.default.js",
    "start": 1565169290488,
    "end": 1565169290489,
    "duration": 1,
    "pid": 13064,
    "index": 6
  },
  {
    "name": "Require(4) node_modules/egg-onerror/config/config.default.js",
    "start": 1565169290491,
    "end": 1565169290491,
    "duration": 0,
    "pid": 13064,
    "index": 7
  },
  {
    "name": "Require(5) node_modules/egg-i18n/config/config.default.js",
    "start": 1565169290493,
    "end": 1565169290494,
    "duration": 1,
    "pid": 13064,
    "index": 8
  },
  {
    "name": "Require(6) node_modules/egg-watcher/config/config.default.js",
    "start": 1565169290495,
    "end": 1565169290496,
    "duration": 1,
    "pid": 13064,
    "index": 9
  },
  {
    "name": "Require(7) node_modules/egg-schedule/config/config.default.js",
    "start": 1565169290498,
    "end": 1565169290499,
    "duration": 1,
    "pid": 13064,
    "index": 10
  },
  {
    "name": "Require(8) node_modules/egg-multipart/config/config.default.js",
    "start": 1565169290501,
    "end": 1565169290501,
    "duration": 0,
    "pid": 13064,
    "index": 11
  },
  {
    "name": "Require(9) node_modules/egg-logrotator/config/config.default.js",
    "start": 1565169290503,
    "end": 1565169290504,
    "duration": 1,
    "pid": 13064,
    "index": 12
  },
  {
    "name": "Require(10) node_modules/egg-static/config/config.default.js",
    "start": 1565169290506,
    "end": 1565169290506,
    "duration": 0,
    "pid": 13064,
    "index": 13
  },
  {
    "name": "Require(11) node_modules/egg-view/config/config.default.js",
    "start": 1565169290508,
    "end": 1565169290509,
    "duration": 1,
    "pid": 13064,
    "index": 14
  },
  {
    "name": "Require(12) node_modules/egg-cors/config/config.default.js",
    "start": 1565169290512,
    "end": 1565169290512,
    "duration": 0,
    "pid": 13064,
    "index": 15
  },
  {
    "name": "Require(13) node_modules/egg-mysql/config/config.default.js",
    "start": 1565169290514,
    "end": 1565169290515,
    "duration": 1,
    "pid": 13064,
    "index": 16
  },
  {
    "name": "Require(14) node_modules/egg/config/config.default.js",
    "start": 1565169290516,
    "end": 1565169290517,
    "duration": 1,
    "pid": 13064,
    "index": 17
  },
  {
    "name": "Require(15) config/config.default.js",
    "start": 1565169290520,
    "end": 1565169290520,
    "duration": 0,
    "pid": 13064,
    "index": 18
  },
  {
    "name": "Require(16) node_modules/egg-static/config/config.prod.js",
    "start": 1565169290531,
    "end": 1565169290531,
    "duration": 0,
    "pid": 13064,
    "index": 19
  },
  {
    "name": "Load extend/application.js",
    "start": 1565169290538,
    "end": 1565169290618,
    "duration": 80,
    "pid": 13064,
    "index": 20
  },
  {
    "name": "Require(17) node_modules/egg-session/app/extend/application.js",
    "start": 1565169290540,
    "end": 1565169290541,
    "duration": 1,
    "pid": 13064,
    "index": 21
  },
  {
    "name": "Require(18) node_modules/egg-security/app/extend/application.js",
    "start": 1565169290543,
    "end": 1565169290546,
    "duration": 3,
    "pid": 13064,
    "index": 22
  },
  {
    "name": "Require(19) node_modules/egg-jsonp/app/extend/application.js",
    "start": 1565169290548,
    "end": 1565169290554,
    "duration": 6,
    "pid": 13064,
    "index": 23
  },
  {
    "name": "Require(20) node_modules/egg-logrotator/app/extend/application.js",
    "start": 1565169290560,
    "end": 1565169290585,
    "duration": 25,
    "pid": 13064,
    "index": 24
  },
  {
    "name": "Require(21) node_modules/egg-view/app/extend/application.js",
    "start": 1565169290587,
    "end": 1565169290592,
    "duration": 5,
    "pid": 13064,
    "index": 25
  },
  {
    "name": "Load extend/request.js",
    "start": 1565169290618,
    "end": 1565169290669,
    "duration": 51,
    "pid": 13064,
    "index": 26
  },
  {
    "name": "Require(22) node_modules/egg/app/extend/request.js",
    "start": 1565169290643,
    "end": 1565169290655,
    "duration": 12,
    "pid": 13064,
    "index": 27
  },
  {
    "name": "Load extend/response.js",
    "start": 1565169290669,
    "end": 1565169290703,
    "duration": 34,
    "pid": 13064,
    "index": 28
  },
  {
    "name": "Require(23) node_modules/egg/app/extend/response.js",
    "start": 1565169290683,
    "end": 1565169290690,
    "duration": 7,
    "pid": 13064,
    "index": 29
  },
  {
    "name": "Load extend/context.js",
    "start": 1565169290703,
    "end": 1565169290952,
    "duration": 249,
    "pid": 13064,
    "index": 30
  },
  {
    "name": "Require(24) node_modules/egg-security/app/extend/context.js",
    "start": 1565169290705,
    "end": 1565169290762,
    "duration": 57,
    "pid": 13064,
    "index": 31
  },
  {
    "name": "Require(25) node_modules/egg-jsonp/app/extend/context.js",
    "start": 1565169290763,
    "end": 1565169290768,
    "duration": 5,
    "pid": 13064,
    "index": 32
  },
  {
    "name": "Require(26) node_modules/egg-i18n/app/extend/context.js",
    "start": 1565169290770,
    "end": 1565169290771,
    "duration": 1,
    "pid": 13064,
    "index": 33
  },
  {
    "name": "Require(27) node_modules/egg-multipart/app/extend/context.js",
    "start": 1565169290774,
    "end": 1565169290901,
    "duration": 127,
    "pid": 13064,
    "index": 34
  },
  {
    "name": "Require(28) node_modules/egg-view/app/extend/context.js",
    "start": 1565169290904,
    "end": 1565169290907,
    "duration": 3,
    "pid": 13064,
    "index": 35
  },
  {
    "name": "Require(29) node_modules/egg-validate/app/extend/context.js",
    "start": 1565169290910,
    "end": 1565169290911,
    "duration": 1,
    "pid": 13064,
    "index": 36
  },
  {
    "name": "Require(30) node_modules/egg/app/extend/context.js",
    "start": 1565169290915,
    "end": 1565169290935,
    "duration": 20,
    "pid": 13064,
    "index": 37
  },
  {
    "name": "Load extend/helper.js",
    "start": 1565169290953,
    "end": 1565169291039,
    "duration": 86,
    "pid": 13064,
    "index": 38
  },
  {
    "name": "Require(31) node_modules/egg-security/app/extend/helper.js",
    "start": 1565169290955,
    "end": 1565169291012,
    "duration": 57,
    "pid": 13064,
    "index": 39
  },
  {
    "name": "Require(32) node_modules/egg/app/extend/helper.js",
    "start": 1565169291024,
    "end": 1565169291024,
    "duration": 0,
    "pid": 13064,
    "index": 40
  },
  {
    "name": "Load app.js",
    "start": 1565169291039,
    "end": 1565169291262,
    "duration": 223,
    "pid": 13064,
    "index": 41
  },
  {
    "name": "Require(33) node_modules/egg-session/app.js",
    "start": 1565169291040,
    "end": 1565169291041,
    "duration": 1,
    "pid": 13064,
    "index": 42
  },
  {
    "name": "Require(34) node_modules/egg-security/app.js",
    "start": 1565169291042,
    "end": 1565169291053,
    "duration": 11,
    "pid": 13064,
    "index": 43
  },
  {
    "name": "Require(35) node_modules/egg-onerror/app.js",
    "start": 1565169291057,
    "end": 1565169291101,
    "duration": 44,
    "pid": 13064,
    "index": 44
  },
  {
    "name": "Require(36) node_modules/egg-i18n/app.js",
    "start": 1565169291103,
    "end": 1565169291156,
    "duration": 53,
    "pid": 13064,
    "index": 45
  },
  {
    "name": "Require(37) node_modules/egg-watcher/app.js",
    "start": 1565169291157,
    "end": 1565169291171,
    "duration": 14,
    "pid": 13064,
    "index": 46
  },
  {
    "name": "Require(38) node_modules/egg-schedule/app.js",
    "start": 1565169291172,
    "end": 1565169291178,
    "duration": 6,
    "pid": 13064,
    "index": 47
  },
  {
    "name": "Require(39) node_modules/egg-multipart/app.js",
    "start": 1565169291179,
    "end": 1565169291189,
    "duration": 10,
    "pid": 13064,
    "index": 48
  },
  {
    "name": "Require(40) node_modules/egg-logrotator/app.js",
    "start": 1565169291190,
    "end": 1565169291191,
    "duration": 1,
    "pid": 13064,
    "index": 49
  },
  {
    "name": "Require(41) node_modules/egg-static/app.js",
    "start": 1565169291192,
    "end": 1565169291193,
    "duration": 1,
    "pid": 13064,
    "index": 50
  },
  {
    "name": "Require(42) node_modules/egg-validate/app.js",
    "start": 1565169291196,
    "end": 1565169291202,
    "duration": 6,
    "pid": 13064,
    "index": 51
  },
  {
    "name": "Require(43) node_modules/egg-cors/app.js",
    "start": 1565169291203,
    "end": 1565169291204,
    "duration": 1,
    "pid": 13064,
    "index": 52
  },
  {
    "name": "Require(44) node_modules/egg-mysql/app.js",
    "start": 1565169291205,
    "end": 1565169291257,
    "duration": 52,
    "pid": 13064,
    "index": 53
  },
  {
    "name": "Before Start in node_modules/egg-watcher/lib/init.js:15:14",
    "start": 1565169291307,
    "end": 1565169292192,
    "duration": 885,
    "pid": 13064,
    "index": 54
  },
  {
    "name": "Before Start in node_modules/egg-mysql/lib/mysql.js:20:7",
    "start": 1565169291668,
    "end": 1565169292195,
    "duration": 527,
    "pid": 13064,
    "index": 55
  },
  {
    "name": "Load Service",
    "start": 1565169291668,
    "end": 1565169291727,
    "duration": 59,
    "pid": 13064,
    "index": 56
  },
  {
    "name": "Load \"service\" to Context",
    "start": 1565169291669,
    "end": 1565169291727,
    "duration": 58,
    "pid": 13064,
    "index": 57
  },
  {
    "name": "Load Middleware",
    "start": 1565169291727,
    "end": 1565169292103,
    "duration": 376,
    "pid": 13064,
    "index": 58
  },
  {
    "name": "Load \"middlewares\" to Application",
    "start": 1565169291727,
    "end": 1565169292061,
    "duration": 334,
    "pid": 13064,
    "index": 59
  },
  {
    "name": "Load Controller",
    "start": 1565169292103,
    "end": 1565169292152,
    "duration": 49,
    "pid": 13064,
    "index": 60
  },
  {
    "name": "Load \"controller\" to Application",
    "start": 1565169292103,
    "end": 1565169292152,
    "duration": 49,
    "pid": 13064,
    "index": 61
  },
  {
    "name": "Load Router",
    "start": 1565169292152,
    "end": 1565169292157,
    "duration": 5,
    "pid": 13064,
    "index": 62
  },
  {
    "name": "Require(45) app/router.js",
    "start": 1565169292153,
    "end": 1565169292154,
    "duration": 1,
    "pid": 13064,
    "index": 63
  },
  {
    "name": "Before Start in node_modules/egg-core/lib/egg.js:303:10",
    "start": 1565169292154,
    "end": 1565169292172,
    "duration": 18,
    "pid": 13064,
    "index": 64
  }
]