[
  {
    "name": "Application Start",
    "start": 1565061138278,
    "end": 1565061140161,
    "duration": 1883,
    "pid": 6480,
    "index": 0
  },
  {
    "name": "Load Plugin",
    "start": 1565061138294,
    "end": 1565061138384,
    "duration": 90,
    "pid": 6480,
    "index": 1
  },
  {
    "name": "Load Config",
    "start": 1565061138384,
    "end": 1565061138455,
    "duration": 71,
    "pid": 6480,
    "index": 2
  },
  {
    "name": "Require(0) config/config.default.js",
    "start": 1565061138386,
    "end": 1565061138386,
    "duration": 0,
    "pid": 6480,
    "index": 3
  },
  {
    "name": "Require(1) node_modules/egg-session/config/config.default.js",
    "start": 1565061138392,
    "end": 1565061138393,
    "duration": 1,
    "pid": 6480,
    "index": 4
  },
  {
    "name": "Require(2) node_modules/egg-security/config/config.default.js",
    "start": 1565061138396,
    "end": 1565061138397,
    "duration": 1,
    "pid": 6480,
    "index": 5
  },
  {
    "name": "Require(3) node_modules/egg-jsonp/config/config.default.js",
    "start": 1565061138400,
    "end": 1565061138401,
    "duration": 1,
    "pid": 6480,
    "index": 6
  },
  {
    "name": "Require(4) node_modules/egg-onerror/config/config.default.js",
    "start": 1565061138403,
    "end": 1565061138404,
    "duration": 1,
    "pid": 6480,
    "index": 7
  },
  {
    "name": "Require(5) node_modules/egg-i18n/config/config.default.js",
    "start": 1565061138406,
    "end": 1565061138407,
    "duration": 1,
    "pid": 6480,
    "index": 8
  },
  {
    "name": "Require(6) node_modules/egg-watcher/config/config.default.js",
    "start": 1565061138410,
    "end": 1565061138410,
    "duration": 0,
    "pid": 6480,
    "index": 9
  },
  {
    "name": "Require(7) node_modules/egg-schedule/config/config.default.js",
    "start": 1565061138413,
    "end": 1565061138413,
    "duration": 0,
    "pid": 6480,
    "index": 10
  },
  {
    "name": "Require(8) node_modules/egg-multipart/config/config.default.js",
    "start": 1565061138415,
    "end": 1565061138416,
    "duration": 1,
    "pid": 6480,
    "index": 11
  },
  {
    "name": "Require(9) node_modules/egg-logrotator/config/config.default.js",
    "start": 1565061138419,
    "end": 1565061138419,
    "duration": 0,
    "pid": 6480,
    "index": 12
  },
  {
    "name": "Require(10) node_modules/egg-static/config/config.default.js",
    "start": 1565061138421,
    "end": 1565061138422,
    "duration": 1,
    "pid": 6480,
    "index": 13
  },
  {
    "name": "Require(11) node_modules/egg-view/config/config.default.js",
    "start": 1565061138424,
    "end": 1565061138427,
    "duration": 3,
    "pid": 6480,
    "index": 14
  },
  {
    "name": "Require(12) node_modules/egg-cors/config/config.default.js",
    "start": 1565061138431,
    "end": 1565061138431,
    "duration": 0,
    "pid": 6480,
    "index": 15
  },
  {
    "name": "Require(13) node_modules/egg-mysql/config/config.default.js",
    "start": 1565061138433,
    "end": 1565061138433,
    "duration": 0,
    "pid": 6480,
    "index": 16
  },
  {
    "name": "Require(14) node_modules/egg/config/config.default.js",
    "start": 1565061138435,
    "end": 1565061138436,
    "duration": 1,
    "pid": 6480,
    "index": 17
  },
  {
    "name": "Require(15) config/config.default.js",
    "start": 1565061138438,
    "end": 1565061138438,
    "duration": 0,
    "pid": 6480,
    "index": 18
  },
  {
    "name": "Require(16) node_modules/egg-static/config/config.prod.js",
    "start": 1565061138449,
    "end": 1565061138449,
    "duration": 0,
    "pid": 6480,
    "index": 19
  },
  {
    "name": "Load extend/application.js",
    "start": 1565061138457,
    "end": 1565061138534,
    "duration": 77,
    "pid": 6480,
    "index": 20
  },
  {
    "name": "Require(17) node_modules/egg-session/app/extend/application.js",
    "start": 1565061138459,
    "end": 1565061138460,
    "duration": 1,
    "pid": 6480,
    "index": 21
  },
  {
    "name": "Require(18) node_modules/egg-security/app/extend/application.js",
    "start": 1565061138462,
    "end": 1565061138465,
    "duration": 3,
    "pid": 6480,
    "index": 22
  },
  {
    "name": "Require(19) node_modules/egg-jsonp/app/extend/application.js",
    "start": 1565061138466,
    "end": 1565061138472,
    "duration": 6,
    "pid": 6480,
    "index": 23
  },
  {
    "name": "Require(20) node_modules/egg-logrotator/app/extend/application.js",
    "start": 1565061138483,
    "end": 1565061138505,
    "duration": 22,
    "pid": 6480,
    "index": 24
  },
  {
    "name": "Require(21) node_modules/egg-view/app/extend/application.js",
    "start": 1565061138507,
    "end": 1565061138512,
    "duration": 5,
    "pid": 6480,
    "index": 25
  },
  {
    "name": "Load extend/request.js",
    "start": 1565061138534,
    "end": 1565061138588,
    "duration": 54,
    "pid": 6480,
    "index": 26
  },
  {
    "name": "Require(22) node_modules/egg/app/extend/request.js",
    "start": 1565061138563,
    "end": 1565061138569,
    "duration": 6,
    "pid": 6480,
    "index": 27
  },
  {
    "name": "Load extend/response.js",
    "start": 1565061138588,
    "end": 1565061138624,
    "duration": 36,
    "pid": 6480,
    "index": 28
  },
  {
    "name": "Require(23) node_modules/egg/app/extend/response.js",
    "start": 1565061138601,
    "end": 1565061138610,
    "duration": 9,
    "pid": 6480,
    "index": 29
  },
  {
    "name": "Load extend/context.js",
    "start": 1565061138624,
    "end": 1565061138849,
    "duration": 225,
    "pid": 6480,
    "index": 30
  },
  {
    "name": "Require(24) node_modules/egg-security/app/extend/context.js",
    "start": 1565061138627,
    "end": 1565061138693,
    "duration": 66,
    "pid": 6480,
    "index": 31
  },
  {
    "name": "Require(25) node_modules/egg-jsonp/app/extend/context.js",
    "start": 1565061138694,
    "end": 1565061138702,
    "duration": 8,
    "pid": 6480,
    "index": 32
  },
  {
    "name": "Require(26) node_modules/egg-i18n/app/extend/context.js",
    "start": 1565061138705,
    "end": 1565061138706,
    "duration": 1,
    "pid": 6480,
    "index": 33
  },
  {
    "name": "Require(27) node_modules/egg-multipart/app/extend/context.js",
    "start": 1565061138709,
    "end": 1565061138813,
    "duration": 104,
    "pid": 6480,
    "index": 34
  },
  {
    "name": "Require(28) node_modules/egg-view/app/extend/context.js",
    "start": 1565061138816,
    "end": 1565061138819,
    "duration": 3,
    "pid": 6480,
    "index": 35
  },
  {
    "name": "Require(29) node_modules/egg-validate/app/extend/context.js",
    "start": 1565061138821,
    "end": 1565061138822,
    "duration": 1,
    "pid": 6480,
    "index": 36
  },
  {
    "name": "Require(30) node_modules/egg/app/extend/context.js",
    "start": 1565061138824,
    "end": 1565061138835,
    "duration": 11,
    "pid": 6480,
    "index": 37
  },
  {
    "name": "Load extend/helper.js",
    "start": 1565061138849,
    "end": 1565061138929,
    "duration": 80,
    "pid": 6480,
    "index": 38
  },
  {
    "name": "Require(31) node_modules/egg-security/app/extend/helper.js",
    "start": 1565061138851,
    "end": 1565061138904,
    "duration": 53,
    "pid": 6480,
    "index": 39
  },
  {
    "name": "Require(32) node_modules/egg/app/extend/helper.js",
    "start": 1565061138915,
    "end": 1565061138916,
    "duration": 1,
    "pid": 6480,
    "index": 40
  },
  {
    "name": "Load app.js",
    "start": 1565061138929,
    "end": 1565061139120,
    "duration": 191,
    "pid": 6480,
    "index": 41
  },
  {
    "name": "Require(33) node_modules/egg-session/app.js",
    "start": 1565061138930,
    "end": 1565061138931,
    "duration": 1,
    "pid": 6480,
    "index": 42
  },
  {
    "name": "Require(34) node_modules/egg-security/app.js",
    "start": 1565061138932,
    "end": 1565061138940,
    "duration": 8,
    "pid": 6480,
    "index": 43
  },
  {
    "name": "Require(35) node_modules/egg-onerror/app.js",
    "start": 1565061138942,
    "end": 1565061138978,
    "duration": 36,
    "pid": 6480,
    "index": 44
  },
  {
    "name": "Require(36) node_modules/egg-i18n/app.js",
    "start": 1565061138979,
    "end": 1565061139017,
    "duration": 38,
    "pid": 6480,
    "index": 45
  },
  {
    "name": "Require(37) node_modules/egg-watcher/app.js",
    "start": 1565061139018,
    "end": 1565061139033,
    "duration": 15,
    "pid": 6480,
    "index": 46
  },
  {
    "name": "Require(38) node_modules/egg-schedule/app.js",
    "start": 1565061139034,
    "end": 1565061139040,
    "duration": 6,
    "pid": 6480,
    "index": 47
  },
  {
    "name": "Require(39) node_modules/egg-multipart/app.js",
    "start": 1565061139041,
    "end": 1565061139051,
    "duration": 10,
    "pid": 6480,
    "index": 48
  },
  {
    "name": "Require(40) node_modules/egg-logrotator/app.js",
    "start": 1565061139052,
    "end": 1565061139053,
    "duration": 1,
    "pid": 6480,
    "index": 49
  },
  {
    "name": "Require(41) node_modules/egg-static/app.js",
    "start": 1565061139055,
    "end": 1565061139056,
    "duration": 1,
    "pid": 6480,
    "index": 50
  },
  {
    "name": "Require(42) node_modules/egg-validate/app.js",
    "start": 1565061139060,
    "end": 1565061139066,
    "duration": 6,
    "pid": 6480,
    "index": 51
  },
  {
    "name": "Require(43) node_modules/egg-cors/app.js",
    "start": 1565061139067,
    "end": 1565061139068,
    "duration": 1,
    "pid": 6480,
    "index": 52
  },
  {
    "name": "Require(44) node_modules/egg-mysql/app.js",
    "start": 1565061139070,
    "end": 1565061139116,
    "duration": 46,
    "pid": 6480,
    "index": 53
  },
  {
    "name": "Before Start in node_modules/egg-watcher/lib/init.js:15:14",
    "start": 1565061139159,
    "end": 1565061140148,
    "duration": 989,
    "pid": 6480,
    "index": 54
  },
  {
    "name": "Before Start in node_modules/egg-mysql/lib/mysql.js:20:7",
    "start": 1565061139510,
    "end": 1565061140158,
    "duration": 648,
    "pid": 6480,
    "index": 55
  },
  {
    "name": "Load Service",
    "start": 1565061139510,
    "end": 1565061139585,
    "duration": 75,
    "pid": 6480,
    "index": 56
  },
  {
    "name": "Load \"service\" to Context",
    "start": 1565061139511,
    "end": 1565061139585,
    "duration": 74,
    "pid": 6480,
    "index": 57
  },
  {
    "name": "Load Middleware",
    "start": 1565061139585,
    "end": 1565061140069,
    "duration": 484,
    "pid": 6480,
    "index": 58
  },
  {
    "name": "Load \"middlewares\" to Application",
    "start": 1565061139585,
    "end": 1565061140046,
    "duration": 461,
    "pid": 6480,
    "index": 59
  },
  {
    "name": "Load Controller",
    "start": 1565061140070,
    "end": 1565061140107,
    "duration": 37,
    "pid": 6480,
    "index": 60
  },
  {
    "name": "Load \"controller\" to Application",
    "start": 1565061140070,
    "end": 1565061140107,
    "duration": 37,
    "pid": 6480,
    "index": 61
  },
  {
    "name": "Load Router",
    "start": 1565061140107,
    "end": 1565061140112,
    "duration": 5,
    "pid": 6480,
    "index": 62
  },
  {
    "name": "Require(45) app/router.js",
    "start": 1565061140108,
    "end": 1565061140109,
    "duration": 1,
    "pid": 6480,
    "index": 63
  },
  {
    "name": "Before Start in node_modules/egg-core/lib/egg.js:303:10",
    "start": 1565061140109,
    "end": 1565061140126,
    "duration": 17,
    "pid": 6480,
    "index": 64
  }
]