[
  {
    "name": "Application Start",
    "start": 1565003894348,
    "end": 1565003896209,
    "duration": 1861,
    "pid": 11172,
    "index": 0
  },
  {
    "name": "Load Plugin",
    "start": 1565003894365,
    "end": 1565003894462,
    "duration": 97,
    "pid": 11172,
    "index": 1
  },
  {
    "name": "Load Config",
    "start": 1565003894462,
    "end": 1565003894531,
    "duration": 69,
    "pid": 11172,
    "index": 2
  },
  {
    "name": "Require(0) config/config.default.js",
    "start": 1565003894464,
    "end": 1565003894465,
    "duration": 1,
    "pid": 11172,
    "index": 3
  },
  {
    "name": "Require(1) node_modules/egg-session/config/config.default.js",
    "start": 1565003894469,
    "end": 1565003894470,
    "duration": 1,
    "pid": 11172,
    "index": 4
  },
  {
    "name": "Require(2) node_modules/egg-security/config/config.default.js",
    "start": 1565003894472,
    "end": 1565003894473,
    "duration": 1,
    "pid": 11172,
    "index": 5
  },
  {
    "name": "Require(3) node_modules/egg-jsonp/config/config.default.js",
    "start": 1565003894475,
    "end": 1565003894476,
    "duration": 1,
    "pid": 11172,
    "index": 6
  },
  {
    "name": "Require(4) node_modules/egg-onerror/config/config.default.js",
    "start": 1565003894478,
    "end": 1565003894479,
    "duration": 1,
    "pid": 11172,
    "index": 7
  },
  {
    "name": "Require(5) node_modules/egg-i18n/config/config.default.js",
    "start": 1565003894480,
    "end": 1565003894481,
    "duration": 1,
    "pid": 11172,
    "index": 8
  },
  {
    "name": "Require(6) node_modules/egg-watcher/config/config.default.js",
    "start": 1565003894483,
    "end": 1565003894484,
    "duration": 1,
    "pid": 11172,
    "index": 9
  },
  {
    "name": "Require(7) node_modules/egg-schedule/config/config.default.js",
    "start": 1565003894485,
    "end": 1565003894486,
    "duration": 1,
    "pid": 11172,
    "index": 10
  },
  {
    "name": "Require(8) node_modules/egg-multipart/config/config.default.js",
    "start": 1565003894488,
    "end": 1565003894488,
    "duration": 0,
    "pid": 11172,
    "index": 11
  },
  {
    "name": "Require(9) node_modules/egg-logrotator/config/config.default.js",
    "start": 1565003894491,
    "end": 1565003894492,
    "duration": 1,
    "pid": 11172,
    "index": 12
  },
  {
    "name": "Require(10) node_modules/egg-static/config/config.default.js",
    "start": 1565003894493,
    "end": 1565003894494,
    "duration": 1,
    "pid": 11172,
    "index": 13
  },
  {
    "name": "Require(11) node_modules/egg-view/config/config.default.js",
    "start": 1565003894496,
    "end": 1565003894497,
    "duration": 1,
    "pid": 11172,
    "index": 14
  },
  {
    "name": "Require(12) node_modules/egg-cors/config/config.default.js",
    "start": 1565003894500,
    "end": 1565003894501,
    "duration": 1,
    "pid": 11172,
    "index": 15
  },
  {
    "name": "Require(13) node_modules/egg-mysql/config/config.default.js",
    "start": 1565003894502,
    "end": 1565003894503,
    "duration": 1,
    "pid": 11172,
    "index": 16
  },
  {
    "name": "Require(14) node_modules/egg/config/config.default.js",
    "start": 1565003894505,
    "end": 1565003894505,
    "duration": 0,
    "pid": 11172,
    "index": 17
  },
  {
    "name": "Require(15) config/config.default.js",
    "start": 1565003894507,
    "end": 1565003894508,
    "duration": 1,
    "pid": 11172,
    "index": 18
  },
  {
    "name": "Require(16) node_modules/egg-static/config/config.prod.js",
    "start": 1565003894520,
    "end": 1565003894522,
    "duration": 2,
    "pid": 11172,
    "index": 19
  },
  {
    "name": "Load extend/application.js",
    "start": 1565003894534,
    "end": 1565003894632,
    "duration": 98,
    "pid": 11172,
    "index": 20
  },
  {
    "name": "Require(17) node_modules/egg-session/app/extend/application.js",
    "start": 1565003894536,
    "end": 1565003894537,
    "duration": 1,
    "pid": 11172,
    "index": 21
  },
  {
    "name": "Require(18) node_modules/egg-security/app/extend/application.js",
    "start": 1565003894548,
    "end": 1565003894551,
    "duration": 3,
    "pid": 11172,
    "index": 22
  },
  {
    "name": "Require(19) node_modules/egg-jsonp/app/extend/application.js",
    "start": 1565003894553,
    "end": 1565003894563,
    "duration": 10,
    "pid": 11172,
    "index": 23
  },
  {
    "name": "Require(20) node_modules/egg-logrotator/app/extend/application.js",
    "start": 1565003894570,
    "end": 1565003894601,
    "duration": 31,
    "pid": 11172,
    "index": 24
  },
  {
    "name": "Require(21) node_modules/egg-view/app/extend/application.js",
    "start": 1565003894606,
    "end": 1565003894615,
    "duration": 9,
    "pid": 11172,
    "index": 25
  },
  {
    "name": "Load extend/request.js",
    "start": 1565003894632,
    "end": 1565003894667,
    "duration": 35,
    "pid": 11172,
    "index": 26
  },
  {
    "name": "Require(22) node_modules/egg/app/extend/request.js",
    "start": 1565003894647,
    "end": 1565003894652,
    "duration": 5,
    "pid": 11172,
    "index": 27
  },
  {
    "name": "Load extend/response.js",
    "start": 1565003894667,
    "end": 1565003894706,
    "duration": 39,
    "pid": 11172,
    "index": 28
  },
  {
    "name": "Require(23) node_modules/egg/app/extend/response.js",
    "start": 1565003894682,
    "end": 1565003894690,
    "duration": 8,
    "pid": 11172,
    "index": 29
  },
  {
    "name": "Load extend/context.js",
    "start": 1565003894706,
    "end": 1565003894935,
    "duration": 229,
    "pid": 11172,
    "index": 30
  },
  {
    "name": "Require(24) node_modules/egg-security/app/extend/context.js",
    "start": 1565003894709,
    "end": 1565003894778,
    "duration": 69,
    "pid": 11172,
    "index": 31
  },
  {
    "name": "Require(25) node_modules/egg-jsonp/app/extend/context.js",
    "start": 1565003894779,
    "end": 1565003894784,
    "duration": 5,
    "pid": 11172,
    "index": 32
  },
  {
    "name": "Require(26) node_modules/egg-i18n/app/extend/context.js",
    "start": 1565003894786,
    "end": 1565003894787,
    "duration": 1,
    "pid": 11172,
    "index": 33
  },
  {
    "name": "Require(27) node_modules/egg-multipart/app/extend/context.js",
    "start": 1565003894790,
    "end": 1565003894900,
    "duration": 110,
    "pid": 11172,
    "index": 34
  },
  {
    "name": "Require(28) node_modules/egg-view/app/extend/context.js",
    "start": 1565003894903,
    "end": 1565003894906,
    "duration": 3,
    "pid": 11172,
    "index": 35
  },
  {
    "name": "Require(29) node_modules/egg-validate/app/extend/context.js",
    "start": 1565003894908,
    "end": 1565003894908,
    "duration": 0,
    "pid": 11172,
    "index": 36
  },
  {
    "name": "Require(30) node_modules/egg/app/extend/context.js",
    "start": 1565003894911,
    "end": 1565003894922,
    "duration": 11,
    "pid": 11172,
    "index": 37
  },
  {
    "name": "Load extend/helper.js",
    "start": 1565003894935,
    "end": 1565003895037,
    "duration": 102,
    "pid": 11172,
    "index": 38
  },
  {
    "name": "Require(31) node_modules/egg-security/app/extend/helper.js",
    "start": 1565003894938,
    "end": 1565003895008,
    "duration": 70,
    "pid": 11172,
    "index": 39
  },
  {
    "name": "Require(32) node_modules/egg/app/extend/helper.js",
    "start": 1565003895021,
    "end": 1565003895022,
    "duration": 1,
    "pid": 11172,
    "index": 40
  },
  {
    "name": "Load app.js",
    "start": 1565003895037,
    "end": 1565003895232,
    "duration": 195,
    "pid": 11172,
    "index": 41
  },
  {
    "name": "Require(33) node_modules/egg-session/app.js",
    "start": 1565003895038,
    "end": 1565003895039,
    "duration": 1,
    "pid": 11172,
    "index": 42
  },
  {
    "name": "Require(34) node_modules/egg-security/app.js",
    "start": 1565003895041,
    "end": 1565003895048,
    "duration": 7,
    "pid": 11172,
    "index": 43
  },
  {
    "name": "Require(35) node_modules/egg-onerror/app.js",
    "start": 1565003895051,
    "end": 1565003895088,
    "duration": 37,
    "pid": 11172,
    "index": 44
  },
  {
    "name": "Require(36) node_modules/egg-i18n/app.js",
    "start": 1565003895090,
    "end": 1565003895129,
    "duration": 39,
    "pid": 11172,
    "index": 45
  },
  {
    "name": "Require(37) node_modules/egg-watcher/app.js",
    "start": 1565003895130,
    "end": 1565003895145,
    "duration": 15,
    "pid": 11172,
    "index": 46
  },
  {
    "name": "Require(38) node_modules/egg-schedule/app.js",
    "start": 1565003895147,
    "end": 1565003895154,
    "duration": 7,
    "pid": 11172,
    "index": 47
  },
  {
    "name": "Require(39) node_modules/egg-multipart/app.js",
    "start": 1565003895155,
    "end": 1565003895166,
    "duration": 11,
    "pid": 11172,
    "index": 48
  },
  {
    "name": "Require(40) node_modules/egg-logrotator/app.js",
    "start": 1565003895167,
    "end": 1565003895168,
    "duration": 1,
    "pid": 11172,
    "index": 49
  },
  {
    "name": "Require(41) node_modules/egg-static/app.js",
    "start": 1565003895169,
    "end": 1565003895170,
    "duration": 1,
    "pid": 11172,
    "index": 50
  },
  {
    "name": "Require(42) node_modules/egg-validate/app.js",
    "start": 1565003895173,
    "end": 1565003895179,
    "duration": 6,
    "pid": 11172,
    "index": 51
  },
  {
    "name": "Require(43) node_modules/egg-cors/app.js",
    "start": 1565003895180,
    "end": 1565003895181,
    "duration": 1,
    "pid": 11172,
    "index": 52
  },
  {
    "name": "Require(44) node_modules/egg-mysql/app.js",
    "start": 1565003895182,
    "end": 1565003895228,
    "duration": 46,
    "pid": 11172,
    "index": 53
  },
  {
    "name": "Before Start in node_modules/egg-watcher/lib/init.js:15:14",
    "start": 1565003895272,
    "end": 1565003896203,
    "duration": 931,
    "pid": 11172,
    "index": 54
  },
  {
    "name": "Before Start in node_modules/egg-mysql/lib/mysql.js:20:7",
    "start": 1565003895623,
    "end": 1565003896206,
    "duration": 583,
    "pid": 11172,
    "index": 55
  },
  {
    "name": "Load Service",
    "start": 1565003895623,
    "end": 1565003895704,
    "duration": 81,
    "pid": 11172,
    "index": 56
  },
  {
    "name": "Load \"service\" to Context",
    "start": 1565003895624,
    "end": 1565003895704,
    "duration": 80,
    "pid": 11172,
    "index": 57
  },
  {
    "name": "Load Middleware",
    "start": 1565003895704,
    "end": 1565003896117,
    "duration": 413,
    "pid": 11172,
    "index": 58
  },
  {
    "name": "Load \"middlewares\" to Application",
    "start": 1565003895704,
    "end": 1565003896088,
    "duration": 384,
    "pid": 11172,
    "index": 59
  },
  {
    "name": "Load Controller",
    "start": 1565003896117,
    "end": 1565003896162,
    "duration": 45,
    "pid": 11172,
    "index": 60
  },
  {
    "name": "Load \"controller\" to Application",
    "start": 1565003896117,
    "end": 1565003896162,
    "duration": 45,
    "pid": 11172,
    "index": 61
  },
  {
    "name": "Load Router",
    "start": 1565003896162,
    "end": 1565003896166,
    "duration": 4,
    "pid": 11172,
    "index": 62
  },
  {
    "name": "Require(45) app/router.js",
    "start": 1565003896162,
    "end": 1565003896163,
    "duration": 1,
    "pid": 11172,
    "index": 63
  },
  {
    "name": "Before Start in node_modules/egg-core/lib/egg.js:303:10",
    "start": 1565003896164,
    "end": 1565003896182,
    "duration": 18,
    "pid": 11172,
    "index": 64
  }
]