[
  {
    "name": "Application Start",
    "start": 1565002788713,
    "end": 1565002790766,
    "duration": 2053,
    "pid": 22196,
    "index": 0
  },
  {
    "name": "Load Plugin",
    "start": 1565002788729,
    "end": 1565002788825,
    "duration": 96,
    "pid": 22196,
    "index": 1
  },
  {
    "name": "Load Config",
    "start": 1565002788825,
    "end": 1565002788892,
    "duration": 67,
    "pid": 22196,
    "index": 2
  },
  {
    "name": "Require(0) config/config.default.js",
    "start": 1565002788827,
    "end": 1565002788828,
    "duration": 1,
    "pid": 22196,
    "index": 3
  },
  {
    "name": "Require(1) node_modules/egg-session/config/config.default.js",
    "start": 1565002788833,
    "end": 1565002788834,
    "duration": 1,
    "pid": 22196,
    "index": 4
  },
  {
    "name": "Require(2) node_modules/egg-security/config/config.default.js",
    "start": 1565002788837,
    "end": 1565002788837,
    "duration": 0,
    "pid": 22196,
    "index": 5
  },
  {
    "name": "Require(3) node_modules/egg-jsonp/config/config.default.js",
    "start": 1565002788840,
    "end": 1565002788841,
    "duration": 1,
    "pid": 22196,
    "index": 6
  },
  {
    "name": "Require(4) node_modules/egg-onerror/config/config.default.js",
    "start": 1565002788843,
    "end": 1565002788843,
    "duration": 0,
    "pid": 22196,
    "index": 7
  },
  {
    "name": "Require(5) node_modules/egg-i18n/config/config.default.js",
    "start": 1565002788846,
    "end": 1565002788846,
    "duration": 0,
    "pid": 22196,
    "index": 8
  },
  {
    "name": "Require(6) node_modules/egg-watcher/config/config.default.js",
    "start": 1565002788849,
    "end": 1565002788849,
    "duration": 0,
    "pid": 22196,
    "index": 9
  },
  {
    "name": "Require(7) node_modules/egg-schedule/config/config.default.js",
    "start": 1565002788851,
    "end": 1565002788852,
    "duration": 1,
    "pid": 22196,
    "index": 10
  },
  {
    "name": "Require(8) node_modules/egg-multipart/config/config.default.js",
    "start": 1565002788854,
    "end": 1565002788855,
    "duration": 1,
    "pid": 22196,
    "index": 11
  },
  {
    "name": "Require(9) node_modules/egg-logrotator/config/config.default.js",
    "start": 1565002788857,
    "end": 1565002788858,
    "duration": 1,
    "pid": 22196,
    "index": 12
  },
  {
    "name": "Require(10) node_modules/egg-static/config/config.default.js",
    "start": 1565002788860,
    "end": 1565002788860,
    "duration": 0,
    "pid": 22196,
    "index": 13
  },
  {
    "name": "Require(11) node_modules/egg-view/config/config.default.js",
    "start": 1565002788862,
    "end": 1565002788863,
    "duration": 1,
    "pid": 22196,
    "index": 14
  },
  {
    "name": "Require(12) node_modules/egg-cors/config/config.default.js",
    "start": 1565002788867,
    "end": 1565002788867,
    "duration": 0,
    "pid": 22196,
    "index": 15
  },
  {
    "name": "Require(13) node_modules/egg-mysql/config/config.default.js",
    "start": 1565002788869,
    "end": 1565002788870,
    "duration": 1,
    "pid": 22196,
    "index": 16
  },
  {
    "name": "Require(14) node_modules/egg/config/config.default.js",
    "start": 1565002788872,
    "end": 1565002788873,
    "duration": 1,
    "pid": 22196,
    "index": 17
  },
  {
    "name": "Require(15) config/config.default.js",
    "start": 1565002788875,
    "end": 1565002788875,
    "duration": 0,
    "pid": 22196,
    "index": 18
  },
  {
    "name": "Require(16) node_modules/egg-static/config/config.prod.js",
    "start": 1565002788886,
    "end": 1565002788887,
    "duration": 1,
    "pid": 22196,
    "index": 19
  },
  {
    "name": "Load extend/application.js",
    "start": 1565002788894,
    "end": 1565002788964,
    "duration": 70,
    "pid": 22196,
    "index": 20
  },
  {
    "name": "Require(17) node_modules/egg-session/app/extend/application.js",
    "start": 1565002788896,
    "end": 1565002788897,
    "duration": 1,
    "pid": 22196,
    "index": 21
  },
  {
    "name": "Require(18) node_modules/egg-security/app/extend/application.js",
    "start": 1565002788899,
    "end": 1565002788902,
    "duration": 3,
    "pid": 22196,
    "index": 22
  },
  {
    "name": "Require(19) node_modules/egg-jsonp/app/extend/application.js",
    "start": 1565002788904,
    "end": 1565002788909,
    "duration": 5,
    "pid": 22196,
    "index": 23
  },
  {
    "name": "Require(20) node_modules/egg-logrotator/app/extend/application.js",
    "start": 1565002788915,
    "end": 1565002788940,
    "duration": 25,
    "pid": 22196,
    "index": 24
  },
  {
    "name": "Require(21) node_modules/egg-view/app/extend/application.js",
    "start": 1565002788942,
    "end": 1565002788946,
    "duration": 4,
    "pid": 22196,
    "index": 25
  },
  {
    "name": "Load extend/request.js",
    "start": 1565002788964,
    "end": 1565002788997,
    "duration": 33,
    "pid": 22196,
    "index": 26
  },
  {
    "name": "Require(22) node_modules/egg/app/extend/request.js",
    "start": 1565002788978,
    "end": 1565002788984,
    "duration": 6,
    "pid": 22196,
    "index": 27
  },
  {
    "name": "Load extend/response.js",
    "start": 1565002788997,
    "end": 1565002789031,
    "duration": 34,
    "pid": 22196,
    "index": 28
  },
  {
    "name": "Require(23) node_modules/egg/app/extend/response.js",
    "start": 1565002789010,
    "end": 1565002789018,
    "duration": 8,
    "pid": 22196,
    "index": 29
  },
  {
    "name": "Load extend/context.js",
    "start": 1565002789031,
    "end": 1565002789251,
    "duration": 220,
    "pid": 22196,
    "index": 30
  },
  {
    "name": "Require(24) node_modules/egg-security/app/extend/context.js",
    "start": 1565002789034,
    "end": 1565002789096,
    "duration": 62,
    "pid": 22196,
    "index": 31
  },
  {
    "name": "Require(25) node_modules/egg-jsonp/app/extend/context.js",
    "start": 1565002789097,
    "end": 1565002789103,
    "duration": 6,
    "pid": 22196,
    "index": 32
  },
  {
    "name": "Require(26) node_modules/egg-i18n/app/extend/context.js",
    "start": 1565002789106,
    "end": 1565002789106,
    "duration": 0,
    "pid": 22196,
    "index": 33
  },
  {
    "name": "Require(27) node_modules/egg-multipart/app/extend/context.js",
    "start": 1565002789110,
    "end": 1565002789216,
    "duration": 106,
    "pid": 22196,
    "index": 34
  },
  {
    "name": "Require(28) node_modules/egg-view/app/extend/context.js",
    "start": 1565002789219,
    "end": 1565002789222,
    "duration": 3,
    "pid": 22196,
    "index": 35
  },
  {
    "name": "Require(29) node_modules/egg-validate/app/extend/context.js",
    "start": 1565002789224,
    "end": 1565002789225,
    "duration": 1,
    "pid": 22196,
    "index": 36
  },
  {
    "name": "Require(30) node_modules/egg/app/extend/context.js",
    "start": 1565002789227,
    "end": 1565002789237,
    "duration": 10,
    "pid": 22196,
    "index": 37
  },
  {
    "name": "Load extend/helper.js",
    "start": 1565002789252,
    "end": 1565002789335,
    "duration": 83,
    "pid": 22196,
    "index": 38
  },
  {
    "name": "Require(31) node_modules/egg-security/app/extend/helper.js",
    "start": 1565002789254,
    "end": 1565002789308,
    "duration": 54,
    "pid": 22196,
    "index": 39
  },
  {
    "name": "Require(32) node_modules/egg/app/extend/helper.js",
    "start": 1565002789320,
    "end": 1565002789320,
    "duration": 0,
    "pid": 22196,
    "index": 40
  },
  {
    "name": "Load app.js",
    "start": 1565002789335,
    "end": 1565002789543,
    "duration": 208,
    "pid": 22196,
    "index": 41
  },
  {
    "name": "Require(33) node_modules/egg-session/app.js",
    "start": 1565002789336,
    "end": 1565002789337,
    "duration": 1,
    "pid": 22196,
    "index": 42
  },
  {
    "name": "Require(34) node_modules/egg-security/app.js",
    "start": 1565002789339,
    "end": 1565002789347,
    "duration": 8,
    "pid": 22196,
    "index": 43
  },
  {
    "name": "Require(35) node_modules/egg-onerror/app.js",
    "start": 1565002789350,
    "end": 1565002789388,
    "duration": 38,
    "pid": 22196,
    "index": 44
  },
  {
    "name": "Require(36) node_modules/egg-i18n/app.js",
    "start": 1565002789389,
    "end": 1565002789437,
    "duration": 48,
    "pid": 22196,
    "index": 45
  },
  {
    "name": "Require(37) node_modules/egg-watcher/app.js",
    "start": 1565002789438,
    "end": 1565002789454,
    "duration": 16,
    "pid": 22196,
    "index": 46
  },
  {
    "name": "Require(38) node_modules/egg-schedule/app.js",
    "start": 1565002789455,
    "end": 1565002789461,
    "duration": 6,
    "pid": 22196,
    "index": 47
  },
  {
    "name": "Require(39) node_modules/egg-multipart/app.js",
    "start": 1565002789463,
    "end": 1565002789473,
    "duration": 10,
    "pid": 22196,
    "index": 48
  },
  {
    "name": "Require(40) node_modules/egg-logrotator/app.js",
    "start": 1565002789474,
    "end": 1565002789475,
    "duration": 1,
    "pid": 22196,
    "index": 49
  },
  {
    "name": "Require(41) node_modules/egg-static/app.js",
    "start": 1565002789476,
    "end": 1565002789477,
    "duration": 1,
    "pid": 22196,
    "index": 50
  },
  {
    "name": "Require(42) node_modules/egg-validate/app.js",
    "start": 1565002789480,
    "end": 1565002789486,
    "duration": 6,
    "pid": 22196,
    "index": 51
  },
  {
    "name": "Require(43) node_modules/egg-cors/app.js",
    "start": 1565002789487,
    "end": 1565002789488,
    "duration": 1,
    "pid": 22196,
    "index": 52
  },
  {
    "name": "Require(44) node_modules/egg-mysql/app.js",
    "start": 1565002789490,
    "end": 1565002789537,
    "duration": 47,
    "pid": 22196,
    "index": 53
  },
  {
    "name": "Before Start in node_modules/egg-watcher/lib/init.js:15:14",
    "start": 1565002789582,
    "end": 1565002790762,
    "duration": 1180,
    "pid": 22196,
    "index": 54
  },
  {
    "name": "Before Start in node_modules/egg-mysql/lib/mysql.js:20:7",
    "start": 1565002789896,
    "end": 1565002790758,
    "duration": 862,
    "pid": 22196,
    "index": 55
  },
  {
    "name": "Load Service",
    "start": 1565002789897,
    "end": 1565002789965,
    "duration": 68,
    "pid": 22196,
    "index": 56
  },
  {
    "name": "Load \"service\" to Context",
    "start": 1565002789897,
    "end": 1565002789965,
    "duration": 68,
    "pid": 22196,
    "index": 57
  },
  {
    "name": "Load Middleware",
    "start": 1565002789965,
    "end": 1565002790496,
    "duration": 531,
    "pid": 22196,
    "index": 58
  },
  {
    "name": "Load \"middlewares\" to Application",
    "start": 1565002789965,
    "end": 1565002790447,
    "duration": 482,
    "pid": 22196,
    "index": 59
  },
  {
    "name": "Load Controller",
    "start": 1565002790496,
    "end": 1565002790563,
    "duration": 67,
    "pid": 22196,
    "index": 60
  },
  {
    "name": "Load \"controller\" to Application",
    "start": 1565002790496,
    "end": 1565002790563,
    "duration": 67,
    "pid": 22196,
    "index": 61
  },
  {
    "name": "Load Router",
    "start": 1565002790563,
    "end": 1565002790586,
    "duration": 23,
    "pid": 22196,
    "index": 62
  },
  {
    "name": "Require(45) app/router.js",
    "start": 1565002790566,
    "end": 1565002790568,
    "duration": 2,
    "pid": 22196,
    "index": 63
  },
  {
    "name": "Before Start in node_modules/egg-core/lib/egg.js:303:10",
    "start": 1565002790569,
    "end": 1565002790658,
    "duration": 89,
    "pid": 22196,
    "index": 64
  }
]