[
  {
    "name": "Application Start",
    "start": 1565156599152,
    "end": 1565156600970,
    "duration": 1818,
    "pid": 14920,
    "index": 0
  },
  {
    "name": "Load Plugin",
    "start": 1565156599167,
    "end": 1565156599256,
    "duration": 89,
    "pid": 14920,
    "index": 1
  },
  {
    "name": "Load Config",
    "start": 1565156599256,
    "end": 1565156599317,
    "duration": 61,
    "pid": 14920,
    "index": 2
  },
  {
    "name": "Require(0) config/config.default.js",
    "start": 1565156599258,
    "end": 1565156599259,
    "duration": 1,
    "pid": 14920,
    "index": 3
  },
  {
    "name": "Require(1) node_modules/egg-session/config/config.default.js",
    "start": 1565156599263,
    "end": 1565156599264,
    "duration": 1,
    "pid": 14920,
    "index": 4
  },
  {
    "name": "Require(2) node_modules/egg-security/config/config.default.js",
    "start": 1565156599266,
    "end": 1565156599266,
    "duration": 0,
    "pid": 14920,
    "index": 5
  },
  {
    "name": "Require(3) node_modules/egg-jsonp/config/config.default.js",
    "start": 1565156599269,
    "end": 1565156599270,
    "duration": 1,
    "pid": 14920,
    "index": 6
  },
  {
    "name": "Require(4) node_modules/egg-onerror/config/config.default.js",
    "start": 1565156599271,
    "end": 1565156599272,
    "duration": 1,
    "pid": 14920,
    "index": 7
  },
  {
    "name": "Require(5) node_modules/egg-i18n/config/config.default.js",
    "start": 1565156599274,
    "end": 1565156599274,
    "duration": 0,
    "pid": 14920,
    "index": 8
  },
  {
    "name": "Require(6) node_modules/egg-watcher/config/config.default.js",
    "start": 1565156599276,
    "end": 1565156599277,
    "duration": 1,
    "pid": 14920,
    "index": 9
  },
  {
    "name": "Require(7) node_modules/egg-schedule/config/config.default.js",
    "start": 1565156599279,
    "end": 1565156599279,
    "duration": 0,
    "pid": 14920,
    "index": 10
  },
  {
    "name": "Require(8) node_modules/egg-multipart/config/config.default.js",
    "start": 1565156599282,
    "end": 1565156599282,
    "duration": 0,
    "pid": 14920,
    "index": 11
  },
  {
    "name": "Require(9) node_modules/egg-logrotator/config/config.default.js",
    "start": 1565156599285,
    "end": 1565156599285,
    "duration": 0,
    "pid": 14920,
    "index": 12
  },
  {
    "name": "Require(10) node_modules/egg-static/config/config.default.js",
    "start": 1565156599287,
    "end": 1565156599288,
    "duration": 1,
    "pid": 14920,
    "index": 13
  },
  {
    "name": "Require(11) node_modules/egg-view/config/config.default.js",
    "start": 1565156599290,
    "end": 1565156599290,
    "duration": 0,
    "pid": 14920,
    "index": 14
  },
  {
    "name": "Require(12) node_modules/egg-cors/config/config.default.js",
    "start": 1565156599293,
    "end": 1565156599294,
    "duration": 1,
    "pid": 14920,
    "index": 15
  },
  {
    "name": "Require(13) node_modules/egg-mysql/config/config.default.js",
    "start": 1565156599296,
    "end": 1565156599296,
    "duration": 0,
    "pid": 14920,
    "index": 16
  },
  {
    "name": "Require(14) node_modules/egg/config/config.default.js",
    "start": 1565156599298,
    "end": 1565156599299,
    "duration": 1,
    "pid": 14920,
    "index": 17
  },
  {
    "name": "Require(15) config/config.default.js",
    "start": 1565156599301,
    "end": 1565156599301,
    "duration": 0,
    "pid": 14920,
    "index": 18
  },
  {
    "name": "Require(16) node_modules/egg-static/config/config.prod.js",
    "start": 1565156599311,
    "end": 1565156599312,
    "duration": 1,
    "pid": 14920,
    "index": 19
  },
  {
    "name": "Load extend/application.js",
    "start": 1565156599319,
    "end": 1565156599393,
    "duration": 74,
    "pid": 14920,
    "index": 20
  },
  {
    "name": "Require(17) node_modules/egg-session/app/extend/application.js",
    "start": 1565156599321,
    "end": 1565156599322,
    "duration": 1,
    "pid": 14920,
    "index": 21
  },
  {
    "name": "Require(18) node_modules/egg-security/app/extend/application.js",
    "start": 1565156599324,
    "end": 1565156599328,
    "duration": 4,
    "pid": 14920,
    "index": 22
  },
  {
    "name": "Require(19) node_modules/egg-jsonp/app/extend/application.js",
    "start": 1565156599329,
    "end": 1565156599335,
    "duration": 6,
    "pid": 14920,
    "index": 23
  },
  {
    "name": "Require(20) node_modules/egg-logrotator/app/extend/application.js",
    "start": 1565156599346,
    "end": 1565156599370,
    "duration": 24,
    "pid": 14920,
    "index": 24
  },
  {
    "name": "Require(21) node_modules/egg-view/app/extend/application.js",
    "start": 1565156599372,
    "end": 1565156599377,
    "duration": 5,
    "pid": 14920,
    "index": 25
  },
  {
    "name": "Load extend/request.js",
    "start": 1565156599393,
    "end": 1565156599424,
    "duration": 31,
    "pid": 14920,
    "index": 26
  },
  {
    "name": "Require(22) node_modules/egg/app/extend/request.js",
    "start": 1565156599406,
    "end": 1565156599411,
    "duration": 5,
    "pid": 14920,
    "index": 27
  },
  {
    "name": "Load extend/response.js",
    "start": 1565156599424,
    "end": 1565156599459,
    "duration": 35,
    "pid": 14920,
    "index": 28
  },
  {
    "name": "Require(23) node_modules/egg/app/extend/response.js",
    "start": 1565156599438,
    "end": 1565156599445,
    "duration": 7,
    "pid": 14920,
    "index": 29
  },
  {
    "name": "Load extend/context.js",
    "start": 1565156599459,
    "end": 1565156599673,
    "duration": 214,
    "pid": 14920,
    "index": 30
  },
  {
    "name": "Require(24) node_modules/egg-security/app/extend/context.js",
    "start": 1565156599461,
    "end": 1565156599519,
    "duration": 58,
    "pid": 14920,
    "index": 31
  },
  {
    "name": "Require(25) node_modules/egg-jsonp/app/extend/context.js",
    "start": 1565156599520,
    "end": 1565156599525,
    "duration": 5,
    "pid": 14920,
    "index": 32
  },
  {
    "name": "Require(26) node_modules/egg-i18n/app/extend/context.js",
    "start": 1565156599527,
    "end": 1565156599528,
    "duration": 1,
    "pid": 14920,
    "index": 33
  },
  {
    "name": "Require(27) node_modules/egg-multipart/app/extend/context.js",
    "start": 1565156599531,
    "end": 1565156599639,
    "duration": 108,
    "pid": 14920,
    "index": 34
  },
  {
    "name": "Require(28) node_modules/egg-view/app/extend/context.js",
    "start": 1565156599642,
    "end": 1565156599645,
    "duration": 3,
    "pid": 14920,
    "index": 35
  },
  {
    "name": "Require(29) node_modules/egg-validate/app/extend/context.js",
    "start": 1565156599646,
    "end": 1565156599647,
    "duration": 1,
    "pid": 14920,
    "index": 36
  },
  {
    "name": "Require(30) node_modules/egg/app/extend/context.js",
    "start": 1565156599650,
    "end": 1565156599660,
    "duration": 10,
    "pid": 14920,
    "index": 37
  },
  {
    "name": "Load extend/helper.js",
    "start": 1565156599674,
    "end": 1565156599753,
    "duration": 79,
    "pid": 14920,
    "index": 38
  },
  {
    "name": "Require(31) node_modules/egg-security/app/extend/helper.js",
    "start": 1565156599676,
    "end": 1565156599727,
    "duration": 51,
    "pid": 14920,
    "index": 39
  },
  {
    "name": "Require(32) node_modules/egg/app/extend/helper.js",
    "start": 1565156599738,
    "end": 1565156599739,
    "duration": 1,
    "pid": 14920,
    "index": 40
  },
  {
    "name": "Load app.js",
    "start": 1565156599753,
    "end": 1565156599939,
    "duration": 186,
    "pid": 14920,
    "index": 41
  },
  {
    "name": "Require(33) node_modules/egg-session/app.js",
    "start": 1565156599754,
    "end": 1565156599755,
    "duration": 1,
    "pid": 14920,
    "index": 42
  },
  {
    "name": "Require(34) node_modules/egg-security/app.js",
    "start": 1565156599756,
    "end": 1565156599764,
    "duration": 8,
    "pid": 14920,
    "index": 43
  },
  {
    "name": "Require(35) node_modules/egg-onerror/app.js",
    "start": 1565156599767,
    "end": 1565156599804,
    "duration": 37,
    "pid": 14920,
    "index": 44
  },
  {
    "name": "Require(36) node_modules/egg-i18n/app.js",
    "start": 1565156599805,
    "end": 1565156599842,
    "duration": 37,
    "pid": 14920,
    "index": 45
  },
  {
    "name": "Require(37) node_modules/egg-watcher/app.js",
    "start": 1565156599843,
    "end": 1565156599858,
    "duration": 15,
    "pid": 14920,
    "index": 46
  },
  {
    "name": "Require(38) node_modules/egg-schedule/app.js",
    "start": 1565156599859,
    "end": 1565156599865,
    "duration": 6,
    "pid": 14920,
    "index": 47
  },
  {
    "name": "Require(39) node_modules/egg-multipart/app.js",
    "start": 1565156599866,
    "end": 1565156599875,
    "duration": 9,
    "pid": 14920,
    "index": 48
  },
  {
    "name": "Require(40) node_modules/egg-logrotator/app.js",
    "start": 1565156599877,
    "end": 1565156599878,
    "duration": 1,
    "pid": 14920,
    "index": 49
  },
  {
    "name": "Require(41) node_modules/egg-static/app.js",
    "start": 1565156599879,
    "end": 1565156599880,
    "duration": 1,
    "pid": 14920,
    "index": 50
  },
  {
    "name": "Require(42) node_modules/egg-validate/app.js",
    "start": 1565156599883,
    "end": 1565156599888,
    "duration": 5,
    "pid": 14920,
    "index": 51
  },
  {
    "name": "Require(43) node_modules/egg-cors/app.js",
    "start": 1565156599890,
    "end": 1565156599890,
    "duration": 0,
    "pid": 14920,
    "index": 52
  },
  {
    "name": "Require(44) node_modules/egg-mysql/app.js",
    "start": 1565156599891,
    "end": 1565156599935,
    "duration": 44,
    "pid": 14920,
    "index": 53
  },
  {
    "name": "Before Start in node_modules/egg-watcher/lib/init.js:15:14",
    "start": 1565156599977,
    "end": 1565156600946,
    "duration": 969,
    "pid": 14920,
    "index": 54
  },
  {
    "name": "Before Start in node_modules/egg-mysql/lib/mysql.js:20:7",
    "start": 1565156600273,
    "end": 1565156600969,
    "duration": 696,
    "pid": 14920,
    "index": 55
  },
  {
    "name": "Load Service",
    "start": 1565156600274,
    "end": 1565156600332,
    "duration": 58,
    "pid": 14920,
    "index": 56
  },
  {
    "name": "Load \"service\" to Context",
    "start": 1565156600274,
    "end": 1565156600332,
    "duration": 58,
    "pid": 14920,
    "index": 57
  },
  {
    "name": "Load Middleware",
    "start": 1565156600332,
    "end": 1565156600826,
    "duration": 494,
    "pid": 14920,
    "index": 58
  },
  {
    "name": "Load \"middlewares\" to Application",
    "start": 1565156600333,
    "end": 1565156600785,
    "duration": 452,
    "pid": 14920,
    "index": 59
  },
  {
    "name": "Load Controller",
    "start": 1565156600826,
    "end": 1565156600892,
    "duration": 66,
    "pid": 14920,
    "index": 60
  },
  {
    "name": "Load \"controller\" to Application",
    "start": 1565156600826,
    "end": 1565156600892,
    "duration": 66,
    "pid": 14920,
    "index": 61
  },
  {
    "name": "Load Router",
    "start": 1565156600892,
    "end": 1565156600900,
    "duration": 8,
    "pid": 14920,
    "index": 62
  },
  {
    "name": "Require(45) app/router.js",
    "start": 1565156600894,
    "end": 1565156600895,
    "duration": 1,
    "pid": 14920,
    "index": 63
  },
  {
    "name": "Before Start in node_modules/egg-core/lib/egg.js:303:10",
    "start": 1565156600896,
    "end": 1565156600923,
    "duration": 27,
    "pid": 14920,
    "index": 64
  }
]