[
  {
    "name": "Application Start",
    "start": 1565061137992,
    "end": 1565061140021,
    "duration": 2029,
    "pid": 22328,
    "index": 0
  },
  {
    "name": "Load Plugin",
    "start": 1565061138008,
    "end": 1565061138152,
    "duration": 144,
    "pid": 22328,
    "index": 1
  },
  {
    "name": "Load Config",
    "start": 1565061138152,
    "end": 1565061138215,
    "duration": 63,
    "pid": 22328,
    "index": 2
  },
  {
    "name": "Require(0) config/config.default.js",
    "start": 1565061138154,
    "end": 1565061138155,
    "duration": 1,
    "pid": 22328,
    "index": 3
  },
  {
    "name": "Require(1) node_modules/egg-session/config/config.default.js",
    "start": 1565061138159,
    "end": 1565061138160,
    "duration": 1,
    "pid": 22328,
    "index": 4
  },
  {
    "name": "Require(2) node_modules/egg-security/config/config.default.js",
    "start": 1565061138161,
    "end": 1565061138162,
    "duration": 1,
    "pid": 22328,
    "index": 5
  },
  {
    "name": "Require(3) node_modules/egg-jsonp/config/config.default.js",
    "start": 1565061138165,
    "end": 1565061138166,
    "duration": 1,
    "pid": 22328,
    "index": 6
  },
  {
    "name": "Require(4) node_modules/egg-onerror/config/config.default.js",
    "start": 1565061138168,
    "end": 1565061138169,
    "duration": 1,
    "pid": 22328,
    "index": 7
  },
  {
    "name": "Require(5) node_modules/egg-i18n/config/config.default.js",
    "start": 1565061138170,
    "end": 1565061138171,
    "duration": 1,
    "pid": 22328,
    "index": 8
  },
  {
    "name": "Require(6) node_modules/egg-watcher/config/config.default.js",
    "start": 1565061138173,
    "end": 1565061138174,
    "duration": 1,
    "pid": 22328,
    "index": 9
  },
  {
    "name": "Require(7) node_modules/egg-schedule/config/config.default.js",
    "start": 1565061138176,
    "end": 1565061138176,
    "duration": 0,
    "pid": 22328,
    "index": 10
  },
  {
    "name": "Require(8) node_modules/egg-multipart/config/config.default.js",
    "start": 1565061138178,
    "end": 1565061138179,
    "duration": 1,
    "pid": 22328,
    "index": 11
  },
  {
    "name": "Require(9) node_modules/egg-logrotator/config/config.default.js",
    "start": 1565061138181,
    "end": 1565061138182,
    "duration": 1,
    "pid": 22328,
    "index": 12
  },
  {
    "name": "Require(10) node_modules/egg-static/config/config.default.js",
    "start": 1565061138183,
    "end": 1565061138184,
    "duration": 1,
    "pid": 22328,
    "index": 13
  },
  {
    "name": "Require(11) node_modules/egg-view/config/config.default.js",
    "start": 1565061138186,
    "end": 1565061138187,
    "duration": 1,
    "pid": 22328,
    "index": 14
  },
  {
    "name": "Require(12) node_modules/egg-cors/config/config.default.js",
    "start": 1565061138190,
    "end": 1565061138191,
    "duration": 1,
    "pid": 22328,
    "index": 15
  },
  {
    "name": "Require(13) node_modules/egg-mysql/config/config.default.js",
    "start": 1565061138193,
    "end": 1565061138193,
    "duration": 0,
    "pid": 22328,
    "index": 16
  },
  {
    "name": "Require(14) node_modules/egg/config/config.default.js",
    "start": 1565061138195,
    "end": 1565061138196,
    "duration": 1,
    "pid": 22328,
    "index": 17
  },
  {
    "name": "Require(15) config/config.default.js",
    "start": 1565061138198,
    "end": 1565061138198,
    "duration": 0,
    "pid": 22328,
    "index": 18
  },
  {
    "name": "Require(16) node_modules/egg-static/config/config.prod.js",
    "start": 1565061138209,
    "end": 1565061138210,
    "duration": 1,
    "pid": 22328,
    "index": 19
  },
  {
    "name": "Load extend/application.js",
    "start": 1565061138218,
    "end": 1565061138287,
    "duration": 69,
    "pid": 22328,
    "index": 20
  },
  {
    "name": "Require(17) node_modules/egg-session/app/extend/application.js",
    "start": 1565061138220,
    "end": 1565061138221,
    "duration": 1,
    "pid": 22328,
    "index": 21
  },
  {
    "name": "Require(18) node_modules/egg-security/app/extend/application.js",
    "start": 1565061138222,
    "end": 1565061138225,
    "duration": 3,
    "pid": 22328,
    "index": 22
  },
  {
    "name": "Require(19) node_modules/egg-jsonp/app/extend/application.js",
    "start": 1565061138227,
    "end": 1565061138233,
    "duration": 6,
    "pid": 22328,
    "index": 23
  },
  {
    "name": "Require(20) node_modules/egg-logrotator/app/extend/application.js",
    "start": 1565061138239,
    "end": 1565061138263,
    "duration": 24,
    "pid": 22328,
    "index": 24
  },
  {
    "name": "Require(21) node_modules/egg-view/app/extend/application.js",
    "start": 1565061138265,
    "end": 1565061138270,
    "duration": 5,
    "pid": 22328,
    "index": 25
  },
  {
    "name": "Load extend/request.js",
    "start": 1565061138287,
    "end": 1565061138324,
    "duration": 37,
    "pid": 22328,
    "index": 26
  },
  {
    "name": "Require(22) node_modules/egg/app/extend/request.js",
    "start": 1565061138301,
    "end": 1565061138307,
    "duration": 6,
    "pid": 22328,
    "index": 27
  },
  {
    "name": "Load extend/response.js",
    "start": 1565061138324,
    "end": 1565061138361,
    "duration": 37,
    "pid": 22328,
    "index": 28
  },
  {
    "name": "Require(23) node_modules/egg/app/extend/response.js",
    "start": 1565061138340,
    "end": 1565061138347,
    "duration": 7,
    "pid": 22328,
    "index": 29
  },
  {
    "name": "Load extend/context.js",
    "start": 1565061138361,
    "end": 1565061138628,
    "duration": 267,
    "pid": 22328,
    "index": 30
  },
  {
    "name": "Require(24) node_modules/egg-security/app/extend/context.js",
    "start": 1565061138363,
    "end": 1565061138427,
    "duration": 64,
    "pid": 22328,
    "index": 31
  },
  {
    "name": "Require(25) node_modules/egg-jsonp/app/extend/context.js",
    "start": 1565061138432,
    "end": 1565061138440,
    "duration": 8,
    "pid": 22328,
    "index": 32
  },
  {
    "name": "Require(26) node_modules/egg-i18n/app/extend/context.js",
    "start": 1565061138443,
    "end": 1565061138444,
    "duration": 1,
    "pid": 22328,
    "index": 33
  },
  {
    "name": "Require(27) node_modules/egg-multipart/app/extend/context.js",
    "start": 1565061138447,
    "end": 1565061138589,
    "duration": 142,
    "pid": 22328,
    "index": 34
  },
  {
    "name": "Require(28) node_modules/egg-view/app/extend/context.js",
    "start": 1565061138592,
    "end": 1565061138597,
    "duration": 5,
    "pid": 22328,
    "index": 35
  },
  {
    "name": "Require(29) node_modules/egg-validate/app/extend/context.js",
    "start": 1565061138599,
    "end": 1565061138600,
    "duration": 1,
    "pid": 22328,
    "index": 36
  },
  {
    "name": "Require(30) node_modules/egg/app/extend/context.js",
    "start": 1565061138603,
    "end": 1565061138615,
    "duration": 12,
    "pid": 22328,
    "index": 37
  },
  {
    "name": "Load extend/helper.js",
    "start": 1565061138628,
    "end": 1565061138728,
    "duration": 100,
    "pid": 22328,
    "index": 38
  },
  {
    "name": "Require(31) node_modules/egg-security/app/extend/helper.js",
    "start": 1565061138630,
    "end": 1565061138703,
    "duration": 73,
    "pid": 22328,
    "index": 39
  },
  {
    "name": "Require(32) node_modules/egg/app/extend/helper.js",
    "start": 1565061138713,
    "end": 1565061138715,
    "duration": 2,
    "pid": 22328,
    "index": 40
  },
  {
    "name": "Load app.js",
    "start": 1565061138729,
    "end": 1565061138914,
    "duration": 185,
    "pid": 22328,
    "index": 41
  },
  {
    "name": "Require(33) node_modules/egg-session/app.js",
    "start": 1565061138730,
    "end": 1565061138731,
    "duration": 1,
    "pid": 22328,
    "index": 42
  },
  {
    "name": "Require(34) node_modules/egg-security/app.js",
    "start": 1565061138732,
    "end": 1565061138739,
    "duration": 7,
    "pid": 22328,
    "index": 43
  },
  {
    "name": "Require(35) node_modules/egg-onerror/app.js",
    "start": 1565061138742,
    "end": 1565061138777,
    "duration": 35,
    "pid": 22328,
    "index": 44
  },
  {
    "name": "Require(36) node_modules/egg-i18n/app.js",
    "start": 1565061138778,
    "end": 1565061138814,
    "duration": 36,
    "pid": 22328,
    "index": 45
  },
  {
    "name": "Require(37) node_modules/egg-watcher/app.js",
    "start": 1565061138815,
    "end": 1565061138830,
    "duration": 15,
    "pid": 22328,
    "index": 46
  },
  {
    "name": "Require(38) node_modules/egg-schedule/app.js",
    "start": 1565061138831,
    "end": 1565061138838,
    "duration": 7,
    "pid": 22328,
    "index": 47
  },
  {
    "name": "Require(39) node_modules/egg-multipart/app.js",
    "start": 1565061138839,
    "end": 1565061138849,
    "duration": 10,
    "pid": 22328,
    "index": 48
  },
  {
    "name": "Require(40) node_modules/egg-logrotator/app.js",
    "start": 1565061138850,
    "end": 1565061138851,
    "duration": 1,
    "pid": 22328,
    "index": 49
  },
  {
    "name": "Require(41) node_modules/egg-static/app.js",
    "start": 1565061138852,
    "end": 1565061138853,
    "duration": 1,
    "pid": 22328,
    "index": 50
  },
  {
    "name": "Require(42) node_modules/egg-validate/app.js",
    "start": 1565061138856,
    "end": 1565061138861,
    "duration": 5,
    "pid": 22328,
    "index": 51
  },
  {
    "name": "Require(43) node_modules/egg-cors/app.js",
    "start": 1565061138862,
    "end": 1565061138863,
    "duration": 1,
    "pid": 22328,
    "index": 52
  },
  {
    "name": "Require(44) node_modules/egg-mysql/app.js",
    "start": 1565061138864,
    "end": 1565061138910,
    "duration": 46,
    "pid": 22328,
    "index": 53
  },
  {
    "name": "Before Start in node_modules/egg-watcher/lib/init.js:15:14",
    "start": 1565061138953,
    "end": 1565061139998,
    "duration": 1045,
    "pid": 22328,
    "index": 54
  },
  {
    "name": "Before Start in node_modules/egg-mysql/lib/mysql.js:20:7",
    "start": 1565061139301,
    "end": 1565061140016,
    "duration": 715,
    "pid": 22328,
    "index": 55
  },
  {
    "name": "Load Service",
    "start": 1565061139301,
    "end": 1565061139375,
    "duration": 74,
    "pid": 22328,
    "index": 56
  },
  {
    "name": "Load \"service\" to Context",
    "start": 1565061139301,
    "end": 1565061139375,
    "duration": 74,
    "pid": 22328,
    "index": 57
  },
  {
    "name": "Load Middleware",
    "start": 1565061139375,
    "end": 1565061139892,
    "duration": 517,
    "pid": 22328,
    "index": 58
  },
  {
    "name": "Load \"middlewares\" to Application",
    "start": 1565061139375,
    "end": 1565061139855,
    "duration": 480,
    "pid": 22328,
    "index": 59
  },
  {
    "name": "Load Controller",
    "start": 1565061139892,
    "end": 1565061139950,
    "duration": 58,
    "pid": 22328,
    "index": 60
  },
  {
    "name": "Load \"controller\" to Application",
    "start": 1565061139892,
    "end": 1565061139950,
    "duration": 58,
    "pid": 22328,
    "index": 61
  },
  {
    "name": "Load Router",
    "start": 1565061139951,
    "end": 1565061139957,
    "duration": 6,
    "pid": 22328,
    "index": 62
  },
  {
    "name": "Require(45) app/router.js",
    "start": 1565061139951,
    "end": 1565061139952,
    "duration": 1,
    "pid": 22328,
    "index": 63
  },
  {
    "name": "Before Start in node_modules/egg-core/lib/egg.js:303:10",
    "start": 1565061139953,
    "end": 1565061139979,
    "duration": 26,
    "pid": 22328,
    "index": 64
  }
]