[
  {
    "name": "Application Start",
    "start": 1561426277782,
    "end": 1561426278664,
    "duration": 882,
    "pid": 6316,
    "index": 0
  },
  {
    "name": "Load Plugin",
    "start": 1561426277797,
    "end": 1561426277827,
    "duration": 30,
    "pid": 6316,
    "index": 1
  },
  {
    "name": "Load Config",
    "start": 1561426277827,
    "end": 1561426277850,
    "duration": 23,
    "pid": 6316,
    "index": 2
  },
  {
    "name": "Require(0) config/config.default.js",
    "start": 1561426277828,
    "end": 1561426277829,
    "duration": 1,
    "pid": 6316,
    "index": 3
  },
  {
    "name": "Require(1) node_modules/egg-session/config/config.default.js",
    "start": 1561426277831,
    "end": 1561426277832,
    "duration": 1,
    "pid": 6316,
    "index": 4
  },
  {
    "name": "Require(2) node_modules/egg-security/config/config.default.js",
    "start": 1561426277833,
    "end": 1561426277833,
    "duration": 0,
    "pid": 6316,
    "index": 5
  },
  {
    "name": "Require(3) node_modules/egg-jsonp/config/config.default.js",
    "start": 1561426277835,
    "end": 1561426277835,
    "duration": 0,
    "pid": 6316,
    "index": 6
  },
  {
    "name": "Require(4) node_modules/egg-onerror/config/config.default.js",
    "start": 1561426277836,
    "end": 1561426277836,
    "duration": 0,
    "pid": 6316,
    "index": 7
  },
  {
    "name": "Require(5) node_modules/egg-i18n/config/config.default.js",
    "start": 1561426277837,
    "end": 1561426277837,
    "duration": 0,
    "pid": 6316,
    "index": 8
  },
  {
    "name": "Require(6) node_modules/egg-watcher/config/config.default.js",
    "start": 1561426277838,
    "end": 1561426277838,
    "duration": 0,
    "pid": 6316,
    "index": 9
  },
  {
    "name": "Require(7) node_modules/egg-schedule/config/config.default.js",
    "start": 1561426277839,
    "end": 1561426277839,
    "duration": 0,
    "pid": 6316,
    "index": 10
  },
  {
    "name": "Require(8) node_modules/egg-multipart/config/config.default.js",
    "start": 1561426277840,
    "end": 1561426277840,
    "duration": 0,
    "pid": 6316,
    "index": 11
  },
  {
    "name": "Require(9) node_modules/egg-logrotator/config/config.default.js",
    "start": 1561426277841,
    "end": 1561426277841,
    "duration": 0,
    "pid": 6316,
    "index": 12
  },
  {
    "name": "Require(10) node_modules/egg-static/config/config.default.js",
    "start": 1561426277842,
    "end": 1561426277842,
    "duration": 0,
    "pid": 6316,
    "index": 13
  },
  {
    "name": "Require(11) node_modules/egg-view/config/config.default.js",
    "start": 1561426277843,
    "end": 1561426277844,
    "duration": 1,
    "pid": 6316,
    "index": 14
  },
  {
    "name": "Require(12) node_modules/egg-cors/config/config.default.js",
    "start": 1561426277845,
    "end": 1561426277845,
    "duration": 0,
    "pid": 6316,
    "index": 15
  },
  {
    "name": "Require(13) node_modules/egg-mysql/config/config.default.js",
    "start": 1561426277845,
    "end": 1561426277846,
    "duration": 1,
    "pid": 6316,
    "index": 16
  },
  {
    "name": "Require(14) node_modules/egg/config/config.default.js",
    "start": 1561426277846,
    "end": 1561426277847,
    "duration": 1,
    "pid": 6316,
    "index": 17
  },
  {
    "name": "Require(15) config/config.default.js",
    "start": 1561426277850,
    "end": 1561426277850,
    "duration": 0,
    "pid": 6316,
    "index": 18
  },
  {
    "name": "Require(16) node_modules/egg-static/config/config.prod.js",
    "start": 1561426277850,
    "end": 1561426277850,
    "duration": 0,
    "pid": 6316,
    "index": 19
  },
  {
    "name": "Load extend/application.js",
    "start": 1561426277850,
    "end": 1561426277872,
    "duration": 22,
    "pid": 6316,
    "index": 20
  },
  {
    "name": "Require(17) node_modules/egg-session/app/extend/application.js",
    "start": 1561426277850,
    "end": 1561426277850,
    "duration": 0,
    "pid": 6316,
    "index": 21
  },
  {
    "name": "Require(18) node_modules/egg-security/app/extend/application.js",
    "start": 1561426277850,
    "end": 1561426277860,
    "duration": 10,
    "pid": 6316,
    "index": 22
  },
  {
    "name": "Require(19) node_modules/egg-jsonp/app/extend/application.js",
    "start": 1561426277860,
    "end": 1561426277860,
    "duration": 0,
    "pid": 6316,
    "index": 23
  },
  {
    "name": "Require(20) node_modules/egg-logrotator/app/extend/application.js",
    "start": 1561426277860,
    "end": 1561426277860,
    "duration": 0,
    "pid": 6316,
    "index": 24
  },
  {
    "name": "Require(21) node_modules/egg-view/app/extend/application.js",
    "start": 1561426277860,
    "end": 1561426277860,
    "duration": 0,
    "pid": 6316,
    "index": 25
  },
  {
    "name": "Load extend/request.js",
    "start": 1561426277872,
    "end": 1561426277881,
    "duration": 9,
    "pid": 6316,
    "index": 26
  },
  {
    "name": "Require(22) node_modules/egg/app/extend/request.js",
    "start": 1561426277876,
    "end": 1561426277878,
    "duration": 2,
    "pid": 6316,
    "index": 27
  },
  {
    "name": "Load extend/response.js",
    "start": 1561426277881,
    "end": 1561426277889,
    "duration": 8,
    "pid": 6316,
    "index": 28
  },
  {
    "name": "Require(23) node_modules/egg/app/extend/response.js",
    "start": 1561426277884,
    "end": 1561426277886,
    "duration": 2,
    "pid": 6316,
    "index": 29
  },
  {
    "name": "Load extend/context.js",
    "start": 1561426277889,
    "end": 1561426277997,
    "duration": 108,
    "pid": 6316,
    "index": 30
  },
  {
    "name": "Require(24) node_modules/egg-security/app/extend/context.js",
    "start": 1561426277890,
    "end": 1561426277903,
    "duration": 13,
    "pid": 6316,
    "index": 31
  },
  {
    "name": "Require(25) node_modules/egg-jsonp/app/extend/context.js",
    "start": 1561426277904,
    "end": 1561426277906,
    "duration": 2,
    "pid": 6316,
    "index": 32
  },
  {
    "name": "Require(26) node_modules/egg-i18n/app/extend/context.js",
    "start": 1561426277907,
    "end": 1561426277907,
    "duration": 0,
    "pid": 6316,
    "index": 33
  },
  {
    "name": "Require(27) node_modules/egg-multipart/app/extend/context.js",
    "start": 1561426277908,
    "end": 1561426277981,
    "duration": 73,
    "pid": 6316,
    "index": 34
  },
  {
    "name": "Require(28) node_modules/egg-view/app/extend/context.js",
    "start": 1561426277982,
    "end": 1561426277983,
    "duration": 1,
    "pid": 6316,
    "index": 35
  },
  {
    "name": "Require(29) node_modules/egg-validate/app/extend/context.js",
    "start": 1561426277984,
    "end": 1561426277984,
    "duration": 0,
    "pid": 6316,
    "index": 36
  },
  {
    "name": "Require(30) node_modules/egg/app/extend/context.js",
    "start": 1561426277985,
    "end": 1561426277994,
    "duration": 9,
    "pid": 6316,
    "index": 37
  },
  {
    "name": "Load extend/helper.js",
    "start": 1561426277998,
    "end": 1561426278022,
    "duration": 24,
    "pid": 6316,
    "index": 38
  },
  {
    "name": "Require(31) node_modules/egg-security/app/extend/helper.js",
    "start": 1561426277998,
    "end": 1561426278010,
    "duration": 12,
    "pid": 6316,
    "index": 39
  },
  {
    "name": "Require(32) node_modules/egg/app/extend/helper.js",
    "start": 1561426278021,
    "end": 1561426278022,
    "duration": 1,
    "pid": 6316,
    "index": 40
  },
  {
    "name": "Load app.js",
    "start": 1561426278022,
    "end": 1561426278103,
    "duration": 81,
    "pid": 6316,
    "index": 41
  },
  {
    "name": "Require(33) node_modules/egg-session/app.js",
    "start": 1561426278022,
    "end": 1561426278022,
    "duration": 0,
    "pid": 6316,
    "index": 42
  },
  {
    "name": "Require(34) node_modules/egg-security/app.js",
    "start": 1561426278022,
    "end": 1561426278022,
    "duration": 0,
    "pid": 6316,
    "index": 43
  },
  {
    "name": "Require(35) node_modules/egg-onerror/app.js",
    "start": 1561426278022,
    "end": 1561426278034,
    "duration": 12,
    "pid": 6316,
    "index": 44
  },
  {
    "name": "Require(36) node_modules/egg-i18n/app.js",
    "start": 1561426278034,
    "end": 1561426278056,
    "duration": 22,
    "pid": 6316,
    "index": 45
  },
  {
    "name": "Require(37) node_modules/egg-watcher/app.js",
    "start": 1561426278056,
    "end": 1561426278066,
    "duration": 10,
    "pid": 6316,
    "index": 46
  },
  {
    "name": "Require(38) node_modules/egg-schedule/app.js",
    "start": 1561426278067,
    "end": 1561426278069,
    "duration": 2,
    "pid": 6316,
    "index": 47
  },
  {
    "name": "Require(39) node_modules/egg-multipart/app.js",
    "start": 1561426278069,
    "end": 1561426278072,
    "duration": 3,
    "pid": 6316,
    "index": 48
  },
  {
    "name": "Require(40) node_modules/egg-logrotator/app.js",
    "start": 1561426278073,
    "end": 1561426278073,
    "duration": 0,
    "pid": 6316,
    "index": 49
  },
  {
    "name": "Require(41) node_modules/egg-static/app.js",
    "start": 1561426278074,
    "end": 1561426278074,
    "duration": 0,
    "pid": 6316,
    "index": 50
  },
  {
    "name": "Require(42) node_modules/egg-validate/app.js",
    "start": 1561426278075,
    "end": 1561426278077,
    "duration": 2,
    "pid": 6316,
    "index": 51
  },
  {
    "name": "Require(43) node_modules/egg-cors/app.js",
    "start": 1561426278078,
    "end": 1561426278078,
    "duration": 0,
    "pid": 6316,
    "index": 52
  },
  {
    "name": "Require(44) node_modules/egg-mysql/app.js",
    "start": 1561426278079,
    "end": 1561426278102,
    "duration": 23,
    "pid": 6316,
    "index": 53
  },
  {
    "name": "Before Start in node_modules/egg-watcher/lib/init.js:15:14",
    "start": 1561426278124,
    "end": 1561426278663,
    "duration": 539,
    "pid": 6316,
    "index": 54
  },
  {
    "name": "Before Start in node_modules/egg-mysql/lib/mysql.js:20:7",
    "start": 1561426278290,
    "end": 1561426278660,
    "duration": 370,
    "pid": 6316,
    "index": 55
  },
  {
    "name": "Load Service",
    "start": 1561426278290,
    "end": 1561426278334,
    "duration": 44,
    "pid": 6316,
    "index": 56
  },
  {
    "name": "Load \"service\" to Context",
    "start": 1561426278290,
    "end": 1561426278334,
    "duration": 44,
    "pid": 6316,
    "index": 57
  },
  {
    "name": "Load Middleware",
    "start": 1561426278334,
    "end": 1561426278491,
    "duration": 157,
    "pid": 6316,
    "index": 58
  },
  {
    "name": "Load \"middlewares\" to Application",
    "start": 1561426278334,
    "end": 1561426278463,
    "duration": 129,
    "pid": 6316,
    "index": 59
  },
  {
    "name": "Load Controller",
    "start": 1561426278491,
    "end": 1561426278516,
    "duration": 25,
    "pid": 6316,
    "index": 60
  },
  {
    "name": "Load \"controller\" to Application",
    "start": 1561426278491,
    "end": 1561426278516,
    "duration": 25,
    "pid": 6316,
    "index": 61
  },
  {
    "name": "Load Router",
    "start": 1561426278516,
    "end": 1561426278526,
    "duration": 10,
    "pid": 6316,
    "index": 62
  },
  {
    "name": "Require(45) app/router.js",
    "start": 1561426278516,
    "end": 1561426278516,
    "duration": 0,
    "pid": 6316,
    "index": 63
  },
  {
    "name": "Before Start in node_modules/egg-core/lib/egg.js:303:10",
    "start": 1561426278516,
    "end": 1561426278571,
    "duration": 55,
    "pid": 6316,
    "index": 64
  }
]