[
  {
    "name": "Application Start",
    "start": 1565003894498,
    "end": 1565003896335,
    "duration": 1837,
    "pid": 11064,
    "index": 0
  },
  {
    "name": "Load Plugin",
    "start": 1565003894515,
    "end": 1565003894641,
    "duration": 126,
    "pid": 11064,
    "index": 1
  },
  {
    "name": "Load Config",
    "start": 1565003894641,
    "end": 1565003894712,
    "duration": 71,
    "pid": 11064,
    "index": 2
  },
  {
    "name": "Require(0) config/config.default.js",
    "start": 1565003894643,
    "end": 1565003894644,
    "duration": 1,
    "pid": 11064,
    "index": 3
  },
  {
    "name": "Require(1) node_modules/egg-session/config/config.default.js",
    "start": 1565003894649,
    "end": 1565003894650,
    "duration": 1,
    "pid": 11064,
    "index": 4
  },
  {
    "name": "Require(2) node_modules/egg-security/config/config.default.js",
    "start": 1565003894652,
    "end": 1565003894653,
    "duration": 1,
    "pid": 11064,
    "index": 5
  },
  {
    "name": "Require(3) node_modules/egg-jsonp/config/config.default.js",
    "start": 1565003894655,
    "end": 1565003894656,
    "duration": 1,
    "pid": 11064,
    "index": 6
  },
  {
    "name": "Require(4) node_modules/egg-onerror/config/config.default.js",
    "start": 1565003894658,
    "end": 1565003894658,
    "duration": 0,
    "pid": 11064,
    "index": 7
  },
  {
    "name": "Require(5) node_modules/egg-i18n/config/config.default.js",
    "start": 1565003894660,
    "end": 1565003894661,
    "duration": 1,
    "pid": 11064,
    "index": 8
  },
  {
    "name": "Require(6) node_modules/egg-watcher/config/config.default.js",
    "start": 1565003894663,
    "end": 1565003894663,
    "duration": 0,
    "pid": 11064,
    "index": 9
  },
  {
    "name": "Require(7) node_modules/egg-schedule/config/config.default.js",
    "start": 1565003894666,
    "end": 1565003894666,
    "duration": 0,
    "pid": 11064,
    "index": 10
  },
  {
    "name": "Require(8) node_modules/egg-multipart/config/config.default.js",
    "start": 1565003894669,
    "end": 1565003894670,
    "duration": 1,
    "pid": 11064,
    "index": 11
  },
  {
    "name": "Require(9) node_modules/egg-logrotator/config/config.default.js",
    "start": 1565003894672,
    "end": 1565003894673,
    "duration": 1,
    "pid": 11064,
    "index": 12
  },
  {
    "name": "Require(10) node_modules/egg-static/config/config.default.js",
    "start": 1565003894674,
    "end": 1565003894675,
    "duration": 1,
    "pid": 11064,
    "index": 13
  },
  {
    "name": "Require(11) node_modules/egg-view/config/config.default.js",
    "start": 1565003894677,
    "end": 1565003894678,
    "duration": 1,
    "pid": 11064,
    "index": 14
  },
  {
    "name": "Require(12) node_modules/egg-cors/config/config.default.js",
    "start": 1565003894681,
    "end": 1565003894681,
    "duration": 0,
    "pid": 11064,
    "index": 15
  },
  {
    "name": "Require(13) node_modules/egg-mysql/config/config.default.js",
    "start": 1565003894683,
    "end": 1565003894684,
    "duration": 1,
    "pid": 11064,
    "index": 16
  },
  {
    "name": "Require(14) node_modules/egg/config/config.default.js",
    "start": 1565003894685,
    "end": 1565003894687,
    "duration": 2,
    "pid": 11064,
    "index": 17
  },
  {
    "name": "Require(15) config/config.default.js",
    "start": 1565003894696,
    "end": 1565003894696,
    "duration": 0,
    "pid": 11064,
    "index": 18
  },
  {
    "name": "Require(16) node_modules/egg-static/config/config.prod.js",
    "start": 1565003894706,
    "end": 1565003894707,
    "duration": 1,
    "pid": 11064,
    "index": 19
  },
  {
    "name": "Load extend/application.js",
    "start": 1565003894714,
    "end": 1565003894796,
    "duration": 82,
    "pid": 11064,
    "index": 20
  },
  {
    "name": "Require(17) node_modules/egg-session/app/extend/application.js",
    "start": 1565003894716,
    "end": 1565003894717,
    "duration": 1,
    "pid": 11064,
    "index": 21
  },
  {
    "name": "Require(18) node_modules/egg-security/app/extend/application.js",
    "start": 1565003894719,
    "end": 1565003894723,
    "duration": 4,
    "pid": 11064,
    "index": 22
  },
  {
    "name": "Require(19) node_modules/egg-jsonp/app/extend/application.js",
    "start": 1565003894725,
    "end": 1565003894731,
    "duration": 6,
    "pid": 11064,
    "index": 23
  },
  {
    "name": "Require(20) node_modules/egg-logrotator/app/extend/application.js",
    "start": 1565003894737,
    "end": 1565003894770,
    "duration": 33,
    "pid": 11064,
    "index": 24
  },
  {
    "name": "Require(21) node_modules/egg-view/app/extend/application.js",
    "start": 1565003894773,
    "end": 1565003894778,
    "duration": 5,
    "pid": 11064,
    "index": 25
  },
  {
    "name": "Load extend/request.js",
    "start": 1565003894796,
    "end": 1565003894830,
    "duration": 34,
    "pid": 11064,
    "index": 26
  },
  {
    "name": "Require(22) node_modules/egg/app/extend/request.js",
    "start": 1565003894809,
    "end": 1565003894815,
    "duration": 6,
    "pid": 11064,
    "index": 27
  },
  {
    "name": "Load extend/response.js",
    "start": 1565003894830,
    "end": 1565003894867,
    "duration": 37,
    "pid": 11064,
    "index": 28
  },
  {
    "name": "Require(23) node_modules/egg/app/extend/response.js",
    "start": 1565003894843,
    "end": 1565003894850,
    "duration": 7,
    "pid": 11064,
    "index": 29
  },
  {
    "name": "Load extend/context.js",
    "start": 1565003894867,
    "end": 1565003895140,
    "duration": 273,
    "pid": 11064,
    "index": 30
  },
  {
    "name": "Require(24) node_modules/egg-security/app/extend/context.js",
    "start": 1565003894869,
    "end": 1565003894931,
    "duration": 62,
    "pid": 11064,
    "index": 31
  },
  {
    "name": "Require(25) node_modules/egg-jsonp/app/extend/context.js",
    "start": 1565003894932,
    "end": 1565003894940,
    "duration": 8,
    "pid": 11064,
    "index": 32
  },
  {
    "name": "Require(26) node_modules/egg-i18n/app/extend/context.js",
    "start": 1565003894942,
    "end": 1565003894943,
    "duration": 1,
    "pid": 11064,
    "index": 33
  },
  {
    "name": "Require(27) node_modules/egg-multipart/app/extend/context.js",
    "start": 1565003894947,
    "end": 1565003895101,
    "duration": 154,
    "pid": 11064,
    "index": 34
  },
  {
    "name": "Require(28) node_modules/egg-view/app/extend/context.js",
    "start": 1565003895104,
    "end": 1565003895108,
    "duration": 4,
    "pid": 11064,
    "index": 35
  },
  {
    "name": "Require(29) node_modules/egg-validate/app/extend/context.js",
    "start": 1565003895110,
    "end": 1565003895112,
    "duration": 2,
    "pid": 11064,
    "index": 36
  },
  {
    "name": "Require(30) node_modules/egg/app/extend/context.js",
    "start": 1565003895114,
    "end": 1565003895124,
    "duration": 10,
    "pid": 11064,
    "index": 37
  },
  {
    "name": "Load extend/helper.js",
    "start": 1565003895140,
    "end": 1565003895224,
    "duration": 84,
    "pid": 11064,
    "index": 38
  },
  {
    "name": "Require(31) node_modules/egg-security/app/extend/helper.js",
    "start": 1565003895142,
    "end": 1565003895196,
    "duration": 54,
    "pid": 11064,
    "index": 39
  },
  {
    "name": "Require(32) node_modules/egg/app/extend/helper.js",
    "start": 1565003895207,
    "end": 1565003895208,
    "duration": 1,
    "pid": 11064,
    "index": 40
  },
  {
    "name": "Load app.js",
    "start": 1565003895224,
    "end": 1565003895424,
    "duration": 200,
    "pid": 11064,
    "index": 41
  },
  {
    "name": "Require(33) node_modules/egg-session/app.js",
    "start": 1565003895225,
    "end": 1565003895226,
    "duration": 1,
    "pid": 11064,
    "index": 42
  },
  {
    "name": "Require(34) node_modules/egg-security/app.js",
    "start": 1565003895227,
    "end": 1565003895235,
    "duration": 8,
    "pid": 11064,
    "index": 43
  },
  {
    "name": "Require(35) node_modules/egg-onerror/app.js",
    "start": 1565003895238,
    "end": 1565003895278,
    "duration": 40,
    "pid": 11064,
    "index": 44
  },
  {
    "name": "Require(36) node_modules/egg-i18n/app.js",
    "start": 1565003895279,
    "end": 1565003895318,
    "duration": 39,
    "pid": 11064,
    "index": 45
  },
  {
    "name": "Require(37) node_modules/egg-watcher/app.js",
    "start": 1565003895319,
    "end": 1565003895334,
    "duration": 15,
    "pid": 11064,
    "index": 46
  },
  {
    "name": "Require(38) node_modules/egg-schedule/app.js",
    "start": 1565003895335,
    "end": 1565003895342,
    "duration": 7,
    "pid": 11064,
    "index": 47
  },
  {
    "name": "Require(39) node_modules/egg-multipart/app.js",
    "start": 1565003895343,
    "end": 1565003895353,
    "duration": 10,
    "pid": 11064,
    "index": 48
  },
  {
    "name": "Require(40) node_modules/egg-logrotator/app.js",
    "start": 1565003895354,
    "end": 1565003895355,
    "duration": 1,
    "pid": 11064,
    "index": 49
  },
  {
    "name": "Require(41) node_modules/egg-static/app.js",
    "start": 1565003895357,
    "end": 1565003895357,
    "duration": 0,
    "pid": 11064,
    "index": 50
  },
  {
    "name": "Require(42) node_modules/egg-validate/app.js",
    "start": 1565003895360,
    "end": 1565003895366,
    "duration": 6,
    "pid": 11064,
    "index": 51
  },
  {
    "name": "Require(43) node_modules/egg-cors/app.js",
    "start": 1565003895367,
    "end": 1565003895368,
    "duration": 1,
    "pid": 11064,
    "index": 52
  },
  {
    "name": "Require(44) node_modules/egg-mysql/app.js",
    "start": 1565003895369,
    "end": 1565003895418,
    "duration": 49,
    "pid": 11064,
    "index": 53
  },
  {
    "name": "Before Start in node_modules/egg-watcher/lib/init.js:15:14",
    "start": 1565003895466,
    "end": 1565003896327,
    "duration": 861,
    "pid": 11064,
    "index": 54
  },
  {
    "name": "Before Start in node_modules/egg-mysql/lib/mysql.js:20:7",
    "start": 1565003895813,
    "end": 1565003896333,
    "duration": 520,
    "pid": 11064,
    "index": 55
  },
  {
    "name": "Load Service",
    "start": 1565003895813,
    "end": 1565003895865,
    "duration": 52,
    "pid": 11064,
    "index": 56
  },
  {
    "name": "Load \"service\" to Context",
    "start": 1565003895813,
    "end": 1565003895865,
    "duration": 52,
    "pid": 11064,
    "index": 57
  },
  {
    "name": "Load Middleware",
    "start": 1565003895865,
    "end": 1565003896247,
    "duration": 382,
    "pid": 11064,
    "index": 58
  },
  {
    "name": "Load \"middlewares\" to Application",
    "start": 1565003895865,
    "end": 1565003896223,
    "duration": 358,
    "pid": 11064,
    "index": 59
  },
  {
    "name": "Load Controller",
    "start": 1565003896247,
    "end": 1565003896286,
    "duration": 39,
    "pid": 11064,
    "index": 60
  },
  {
    "name": "Load \"controller\" to Application",
    "start": 1565003896247,
    "end": 1565003896286,
    "duration": 39,
    "pid": 11064,
    "index": 61
  },
  {
    "name": "Load Router",
    "start": 1565003896286,
    "end": 1565003896291,
    "duration": 5,
    "pid": 11064,
    "index": 62
  },
  {
    "name": "Require(45) app/router.js",
    "start": 1565003896287,
    "end": 1565003896288,
    "duration": 1,
    "pid": 11064,
    "index": 63
  },
  {
    "name": "Before Start in node_modules/egg-core/lib/egg.js:303:10",
    "start": 1565003896288,
    "end": 1565003896305,
    "duration": 17,
    "pid": 11064,
    "index": 64
  }
]