[
  {
    "name": "Application Start",
    "start": 1561523180790,
    "end": 1561523181753,
    "duration": 963,
    "pid": 11244,
    "index": 0
  },
  {
    "name": "Load Plugin",
    "start": 1561523180797,
    "end": 1561523180829,
    "duration": 32,
    "pid": 11244,
    "index": 1
  },
  {
    "name": "Load Config",
    "start": 1561523180829,
    "end": 1561523180855,
    "duration": 26,
    "pid": 11244,
    "index": 2
  },
  {
    "name": "Require(0) config/config.default.js",
    "start": 1561523180830,
    "end": 1561523180831,
    "duration": 1,
    "pid": 11244,
    "index": 3
  },
  {
    "name": "Require(1) node_modules/egg-session/config/config.default.js",
    "start": 1561523180832,
    "end": 1561523180832,
    "duration": 0,
    "pid": 11244,
    "index": 4
  },
  {
    "name": "Require(2) node_modules/egg-security/config/config.default.js",
    "start": 1561523180832,
    "end": 1561523180832,
    "duration": 0,
    "pid": 11244,
    "index": 5
  },
  {
    "name": "Require(3) node_modules/egg-jsonp/config/config.default.js",
    "start": 1561523180832,
    "end": 1561523180832,
    "duration": 0,
    "pid": 11244,
    "index": 6
  },
  {
    "name": "Require(4) node_modules/egg-onerror/config/config.default.js",
    "start": 1561523180832,
    "end": 1561523180832,
    "duration": 0,
    "pid": 11244,
    "index": 7
  },
  {
    "name": "Require(5) node_modules/egg-i18n/config/config.default.js",
    "start": 1561523180832,
    "end": 1561523180832,
    "duration": 0,
    "pid": 11244,
    "index": 8
  },
  {
    "name": "Require(6) node_modules/egg-watcher/config/config.default.js",
    "start": 1561523180832,
    "end": 1561523180832,
    "duration": 0,
    "pid": 11244,
    "index": 9
  },
  {
    "name": "Require(7) node_modules/egg-schedule/config/config.default.js",
    "start": 1561523180832,
    "end": 1561523180832,
    "duration": 0,
    "pid": 11244,
    "index": 10
  },
  {
    "name": "Require(8) node_modules/egg-multipart/config/config.default.js",
    "start": 1561523180832,
    "end": 1561523180842,
    "duration": 10,
    "pid": 11244,
    "index": 11
  },
  {
    "name": "Require(9) node_modules/egg-logrotator/config/config.default.js",
    "start": 1561523180842,
    "end": 1561523180842,
    "duration": 0,
    "pid": 11244,
    "index": 12
  },
  {
    "name": "Require(10) node_modules/egg-static/config/config.default.js",
    "start": 1561523180842,
    "end": 1561523180842,
    "duration": 0,
    "pid": 11244,
    "index": 13
  },
  {
    "name": "Require(11) node_modules/egg-view/config/config.default.js",
    "start": 1561523180842,
    "end": 1561523180842,
    "duration": 0,
    "pid": 11244,
    "index": 14
  },
  {
    "name": "Require(12) node_modules/egg-cors/config/config.default.js",
    "start": 1561523180842,
    "end": 1561523180842,
    "duration": 0,
    "pid": 11244,
    "index": 15
  },
  {
    "name": "Require(13) node_modules/egg-mysql/config/config.default.js",
    "start": 1561523180842,
    "end": 1561523180842,
    "duration": 0,
    "pid": 11244,
    "index": 16
  },
  {
    "name": "Require(14) node_modules/egg/config/config.default.js",
    "start": 1561523180842,
    "end": 1561523180842,
    "duration": 0,
    "pid": 11244,
    "index": 17
  },
  {
    "name": "Require(15) config/config.default.js",
    "start": 1561523180842,
    "end": 1561523180842,
    "duration": 0,
    "pid": 11244,
    "index": 18
  },
  {
    "name": "Require(16) node_modules/egg-static/config/config.prod.js",
    "start": 1561523180854,
    "end": 1561523180854,
    "duration": 0,
    "pid": 11244,
    "index": 19
  },
  {
    "name": "Load extend/application.js",
    "start": 1561523180858,
    "end": 1561523180872,
    "duration": 14,
    "pid": 11244,
    "index": 20
  },
  {
    "name": "Require(17) node_modules/egg-session/app/extend/application.js",
    "start": 1561523180859,
    "end": 1561523180859,
    "duration": 0,
    "pid": 11244,
    "index": 21
  },
  {
    "name": "Require(18) node_modules/egg-security/app/extend/application.js",
    "start": 1561523180860,
    "end": 1561523180861,
    "duration": 1,
    "pid": 11244,
    "index": 22
  },
  {
    "name": "Require(19) node_modules/egg-jsonp/app/extend/application.js",
    "start": 1561523180861,
    "end": 1561523180863,
    "duration": 2,
    "pid": 11244,
    "index": 23
  },
  {
    "name": "Require(20) node_modules/egg-logrotator/app/extend/application.js",
    "start": 1561523180864,
    "end": 1561523180865,
    "duration": 1,
    "pid": 11244,
    "index": 24
  },
  {
    "name": "Require(21) node_modules/egg-view/app/extend/application.js",
    "start": 1561523180866,
    "end": 1561523180868,
    "duration": 2,
    "pid": 11244,
    "index": 25
  },
  {
    "name": "Load extend/request.js",
    "start": 1561523180872,
    "end": 1561523180880,
    "duration": 8,
    "pid": 11244,
    "index": 26
  },
  {
    "name": "Require(22) node_modules/egg/app/extend/request.js",
    "start": 1561523180875,
    "end": 1561523180877,
    "duration": 2,
    "pid": 11244,
    "index": 27
  },
  {
    "name": "Load extend/response.js",
    "start": 1561523180880,
    "end": 1561523180889,
    "duration": 9,
    "pid": 11244,
    "index": 28
  },
  {
    "name": "Require(23) node_modules/egg/app/extend/response.js",
    "start": 1561523180884,
    "end": 1561523180885,
    "duration": 1,
    "pid": 11244,
    "index": 29
  },
  {
    "name": "Load extend/context.js",
    "start": 1561523180889,
    "end": 1561523180991,
    "duration": 102,
    "pid": 11244,
    "index": 30
  },
  {
    "name": "Require(24) node_modules/egg-security/app/extend/context.js",
    "start": 1561523180890,
    "end": 1561523180906,
    "duration": 16,
    "pid": 11244,
    "index": 31
  },
  {
    "name": "Require(25) node_modules/egg-jsonp/app/extend/context.js",
    "start": 1561523180906,
    "end": 1561523180908,
    "duration": 2,
    "pid": 11244,
    "index": 32
  },
  {
    "name": "Require(26) node_modules/egg-i18n/app/extend/context.js",
    "start": 1561523180909,
    "end": 1561523180909,
    "duration": 0,
    "pid": 11244,
    "index": 33
  },
  {
    "name": "Require(27) node_modules/egg-multipart/app/extend/context.js",
    "start": 1561523180910,
    "end": 1561523180979,
    "duration": 69,
    "pid": 11244,
    "index": 34
  },
  {
    "name": "Require(28) node_modules/egg-view/app/extend/context.js",
    "start": 1561523180979,
    "end": 1561523180984,
    "duration": 5,
    "pid": 11244,
    "index": 35
  },
  {
    "name": "Require(29) node_modules/egg-validate/app/extend/context.js",
    "start": 1561523180984,
    "end": 1561523180985,
    "duration": 1,
    "pid": 11244,
    "index": 36
  },
  {
    "name": "Require(30) node_modules/egg/app/extend/context.js",
    "start": 1561523180986,
    "end": 1561523180987,
    "duration": 1,
    "pid": 11244,
    "index": 37
  },
  {
    "name": "Load extend/helper.js",
    "start": 1561523180991,
    "end": 1561523181022,
    "duration": 31,
    "pid": 11244,
    "index": 38
  },
  {
    "name": "Require(31) node_modules/egg-security/app/extend/helper.js",
    "start": 1561523180992,
    "end": 1561523181015,
    "duration": 23,
    "pid": 11244,
    "index": 39
  },
  {
    "name": "Require(32) node_modules/egg/app/extend/helper.js",
    "start": 1561523181018,
    "end": 1561523181018,
    "duration": 0,
    "pid": 11244,
    "index": 40
  },
  {
    "name": "Load app.js",
    "start": 1561523181023,
    "end": 1561523181108,
    "duration": 85,
    "pid": 11244,
    "index": 41
  },
  {
    "name": "Require(33) node_modules/egg-session/app.js",
    "start": 1561523181024,
    "end": 1561523181024,
    "duration": 0,
    "pid": 11244,
    "index": 42
  },
  {
    "name": "Require(34) node_modules/egg-security/app.js",
    "start": 1561523181025,
    "end": 1561523181026,
    "duration": 1,
    "pid": 11244,
    "index": 43
  },
  {
    "name": "Require(35) node_modules/egg-onerror/app.js",
    "start": 1561523181027,
    "end": 1561523181042,
    "duration": 15,
    "pid": 11244,
    "index": 44
  },
  {
    "name": "Require(36) node_modules/egg-i18n/app.js",
    "start": 1561523181042,
    "end": 1561523181064,
    "duration": 22,
    "pid": 11244,
    "index": 45
  },
  {
    "name": "Require(37) node_modules/egg-watcher/app.js",
    "start": 1561523181065,
    "end": 1561523181069,
    "duration": 4,
    "pid": 11244,
    "index": 46
  },
  {
    "name": "Require(38) node_modules/egg-schedule/app.js",
    "start": 1561523181069,
    "end": 1561523181071,
    "duration": 2,
    "pid": 11244,
    "index": 47
  },
  {
    "name": "Require(39) node_modules/egg-multipart/app.js",
    "start": 1561523181072,
    "end": 1561523181075,
    "duration": 3,
    "pid": 11244,
    "index": 48
  },
  {
    "name": "Require(40) node_modules/egg-logrotator/app.js",
    "start": 1561523181076,
    "end": 1561523181076,
    "duration": 0,
    "pid": 11244,
    "index": 49
  },
  {
    "name": "Require(41) node_modules/egg-static/app.js",
    "start": 1561523181077,
    "end": 1561523181077,
    "duration": 0,
    "pid": 11244,
    "index": 50
  },
  {
    "name": "Require(42) node_modules/egg-validate/app.js",
    "start": 1561523181078,
    "end": 1561523181081,
    "duration": 3,
    "pid": 11244,
    "index": 51
  },
  {
    "name": "Require(43) node_modules/egg-cors/app.js",
    "start": 1561523181082,
    "end": 1561523181082,
    "duration": 0,
    "pid": 11244,
    "index": 52
  },
  {
    "name": "Require(44) node_modules/egg-mysql/app.js",
    "start": 1561523181082,
    "end": 1561523181106,
    "duration": 24,
    "pid": 11244,
    "index": 53
  },
  {
    "name": "Before Start in node_modules/egg-watcher/lib/init.js:15:14",
    "start": 1561523181130,
    "end": 1561523181752,
    "duration": 622,
    "pid": 11244,
    "index": 54
  },
  {
    "name": "Before Start in node_modules/egg-mysql/lib/mysql.js:20:7",
    "start": 1561523181329,
    "end": 1561523181748,
    "duration": 419,
    "pid": 11244,
    "index": 55
  },
  {
    "name": "Load Service",
    "start": 1561523181329,
    "end": 1561523181365,
    "duration": 36,
    "pid": 11244,
    "index": 56
  },
  {
    "name": "Load \"service\" to Context",
    "start": 1561523181330,
    "end": 1561523181365,
    "duration": 35,
    "pid": 11244,
    "index": 57
  },
  {
    "name": "Load Middleware",
    "start": 1561523181365,
    "end": 1561523181613,
    "duration": 248,
    "pid": 11244,
    "index": 58
  },
  {
    "name": "Load \"middlewares\" to Application",
    "start": 1561523181366,
    "end": 1561523181592,
    "duration": 226,
    "pid": 11244,
    "index": 59
  },
  {
    "name": "Load Controller",
    "start": 1561523181613,
    "end": 1561523181650,
    "duration": 37,
    "pid": 11244,
    "index": 60
  },
  {
    "name": "Load \"controller\" to Application",
    "start": 1561523181614,
    "end": 1561523181650,
    "duration": 36,
    "pid": 11244,
    "index": 61
  },
  {
    "name": "Load Router",
    "start": 1561523181650,
    "end": 1561523181654,
    "duration": 4,
    "pid": 11244,
    "index": 62
  },
  {
    "name": "Require(45) app/router.js",
    "start": 1561523181651,
    "end": 1561523181652,
    "duration": 1,
    "pid": 11244,
    "index": 63
  },
  {
    "name": "Before Start in node_modules/egg-core/lib/egg.js:303:10",
    "start": 1561523181653,
    "end": 1561523181688,
    "duration": 35,
    "pid": 11244,
    "index": 64
  }
]