[
  {
    "name": "Application Start",
    "start": 1565061138010,
    "end": 1565061140022,
    "duration": 2012,
    "pid": 14584,
    "index": 0
  },
  {
    "name": "Load Plugin",
    "start": 1565061138026,
    "end": 1565061138155,
    "duration": 129,
    "pid": 14584,
    "index": 1
  },
  {
    "name": "Load Config",
    "start": 1565061138155,
    "end": 1565061138225,
    "duration": 70,
    "pid": 14584,
    "index": 2
  },
  {
    "name": "Require(0) config/config.default.js",
    "start": 1565061138157,
    "end": 1565061138158,
    "duration": 1,
    "pid": 14584,
    "index": 3
  },
  {
    "name": "Require(1) node_modules/egg-session/config/config.default.js",
    "start": 1565061138163,
    "end": 1565061138164,
    "duration": 1,
    "pid": 14584,
    "index": 4
  },
  {
    "name": "Require(2) node_modules/egg-security/config/config.default.js",
    "start": 1565061138166,
    "end": 1565061138167,
    "duration": 1,
    "pid": 14584,
    "index": 5
  },
  {
    "name": "Require(3) node_modules/egg-jsonp/config/config.default.js",
    "start": 1565061138170,
    "end": 1565061138170,
    "duration": 0,
    "pid": 14584,
    "index": 6
  },
  {
    "name": "Require(4) node_modules/egg-onerror/config/config.default.js",
    "start": 1565061138172,
    "end": 1565061138173,
    "duration": 1,
    "pid": 14584,
    "index": 7
  },
  {
    "name": "Require(5) node_modules/egg-i18n/config/config.default.js",
    "start": 1565061138175,
    "end": 1565061138175,
    "duration": 0,
    "pid": 14584,
    "index": 8
  },
  {
    "name": "Require(6) node_modules/egg-watcher/config/config.default.js",
    "start": 1565061138177,
    "end": 1565061138178,
    "duration": 1,
    "pid": 14584,
    "index": 9
  },
  {
    "name": "Require(7) node_modules/egg-schedule/config/config.default.js",
    "start": 1565061138180,
    "end": 1565061138180,
    "duration": 0,
    "pid": 14584,
    "index": 10
  },
  {
    "name": "Require(8) node_modules/egg-multipart/config/config.default.js",
    "start": 1565061138182,
    "end": 1565061138183,
    "duration": 1,
    "pid": 14584,
    "index": 11
  },
  {
    "name": "Require(9) node_modules/egg-logrotator/config/config.default.js",
    "start": 1565061138185,
    "end": 1565061138186,
    "duration": 1,
    "pid": 14584,
    "index": 12
  },
  {
    "name": "Require(10) node_modules/egg-static/config/config.default.js",
    "start": 1565061138191,
    "end": 1565061138192,
    "duration": 1,
    "pid": 14584,
    "index": 13
  },
  {
    "name": "Require(11) node_modules/egg-view/config/config.default.js",
    "start": 1565061138196,
    "end": 1565061138197,
    "duration": 1,
    "pid": 14584,
    "index": 14
  },
  {
    "name": "Require(12) node_modules/egg-cors/config/config.default.js",
    "start": 1565061138200,
    "end": 1565061138201,
    "duration": 1,
    "pid": 14584,
    "index": 15
  },
  {
    "name": "Require(13) node_modules/egg-mysql/config/config.default.js",
    "start": 1565061138203,
    "end": 1565061138203,
    "duration": 0,
    "pid": 14584,
    "index": 16
  },
  {
    "name": "Require(14) node_modules/egg/config/config.default.js",
    "start": 1565061138205,
    "end": 1565061138206,
    "duration": 1,
    "pid": 14584,
    "index": 17
  },
  {
    "name": "Require(15) config/config.default.js",
    "start": 1565061138208,
    "end": 1565061138208,
    "duration": 0,
    "pid": 14584,
    "index": 18
  },
  {
    "name": "Require(16) node_modules/egg-static/config/config.prod.js",
    "start": 1565061138219,
    "end": 1565061138219,
    "duration": 0,
    "pid": 14584,
    "index": 19
  },
  {
    "name": "Load extend/application.js",
    "start": 1565061138227,
    "end": 1565061138298,
    "duration": 71,
    "pid": 14584,
    "index": 20
  },
  {
    "name": "Require(17) node_modules/egg-session/app/extend/application.js",
    "start": 1565061138230,
    "end": 1565061138231,
    "duration": 1,
    "pid": 14584,
    "index": 21
  },
  {
    "name": "Require(18) node_modules/egg-security/app/extend/application.js",
    "start": 1565061138232,
    "end": 1565061138236,
    "duration": 4,
    "pid": 14584,
    "index": 22
  },
  {
    "name": "Require(19) node_modules/egg-jsonp/app/extend/application.js",
    "start": 1565061138238,
    "end": 1565061138243,
    "duration": 5,
    "pid": 14584,
    "index": 23
  },
  {
    "name": "Require(20) node_modules/egg-logrotator/app/extend/application.js",
    "start": 1565061138249,
    "end": 1565061138273,
    "duration": 24,
    "pid": 14584,
    "index": 24
  },
  {
    "name": "Require(21) node_modules/egg-view/app/extend/application.js",
    "start": 1565061138275,
    "end": 1565061138280,
    "duration": 5,
    "pid": 14584,
    "index": 25
  },
  {
    "name": "Load extend/request.js",
    "start": 1565061138298,
    "end": 1565061138331,
    "duration": 33,
    "pid": 14584,
    "index": 26
  },
  {
    "name": "Require(22) node_modules/egg/app/extend/request.js",
    "start": 1565061138312,
    "end": 1565061138318,
    "duration": 6,
    "pid": 14584,
    "index": 27
  },
  {
    "name": "Load extend/response.js",
    "start": 1565061138331,
    "end": 1565061138365,
    "duration": 34,
    "pid": 14584,
    "index": 28
  },
  {
    "name": "Require(23) node_modules/egg/app/extend/response.js",
    "start": 1565061138344,
    "end": 1565061138352,
    "duration": 8,
    "pid": 14584,
    "index": 29
  },
  {
    "name": "Load extend/context.js",
    "start": 1565061138366,
    "end": 1565061138614,
    "duration": 248,
    "pid": 14584,
    "index": 30
  },
  {
    "name": "Require(24) node_modules/egg-security/app/extend/context.js",
    "start": 1565061138368,
    "end": 1565061138438,
    "duration": 70,
    "pid": 14584,
    "index": 31
  },
  {
    "name": "Require(25) node_modules/egg-jsonp/app/extend/context.js",
    "start": 1565061138439,
    "end": 1565061138444,
    "duration": 5,
    "pid": 14584,
    "index": 32
  },
  {
    "name": "Require(26) node_modules/egg-i18n/app/extend/context.js",
    "start": 1565061138447,
    "end": 1565061138447,
    "duration": 0,
    "pid": 14584,
    "index": 33
  },
  {
    "name": "Require(27) node_modules/egg-multipart/app/extend/context.js",
    "start": 1565061138451,
    "end": 1565061138566,
    "duration": 115,
    "pid": 14584,
    "index": 34
  },
  {
    "name": "Require(28) node_modules/egg-view/app/extend/context.js",
    "start": 1565061138569,
    "end": 1565061138577,
    "duration": 8,
    "pid": 14584,
    "index": 35
  },
  {
    "name": "Require(29) node_modules/egg-validate/app/extend/context.js",
    "start": 1565061138581,
    "end": 1565061138582,
    "duration": 1,
    "pid": 14584,
    "index": 36
  },
  {
    "name": "Require(30) node_modules/egg/app/extend/context.js",
    "start": 1565061138584,
    "end": 1565061138595,
    "duration": 11,
    "pid": 14584,
    "index": 37
  },
  {
    "name": "Load extend/helper.js",
    "start": 1565061138614,
    "end": 1565061138713,
    "duration": 99,
    "pid": 14584,
    "index": 38
  },
  {
    "name": "Require(31) node_modules/egg-security/app/extend/helper.js",
    "start": 1565061138616,
    "end": 1565061138680,
    "duration": 64,
    "pid": 14584,
    "index": 39
  },
  {
    "name": "Require(32) node_modules/egg/app/extend/helper.js",
    "start": 1565061138698,
    "end": 1565061138699,
    "duration": 1,
    "pid": 14584,
    "index": 40
  },
  {
    "name": "Load app.js",
    "start": 1565061138713,
    "end": 1565061138902,
    "duration": 189,
    "pid": 14584,
    "index": 41
  },
  {
    "name": "Require(33) node_modules/egg-session/app.js",
    "start": 1565061138714,
    "end": 1565061138716,
    "duration": 2,
    "pid": 14584,
    "index": 42
  },
  {
    "name": "Require(34) node_modules/egg-security/app.js",
    "start": 1565061138717,
    "end": 1565061138724,
    "duration": 7,
    "pid": 14584,
    "index": 43
  },
  {
    "name": "Require(35) node_modules/egg-onerror/app.js",
    "start": 1565061138727,
    "end": 1565061138761,
    "duration": 34,
    "pid": 14584,
    "index": 44
  },
  {
    "name": "Require(36) node_modules/egg-i18n/app.js",
    "start": 1565061138763,
    "end": 1565061138800,
    "duration": 37,
    "pid": 14584,
    "index": 45
  },
  {
    "name": "Require(37) node_modules/egg-watcher/app.js",
    "start": 1565061138801,
    "end": 1565061138815,
    "duration": 14,
    "pid": 14584,
    "index": 46
  },
  {
    "name": "Require(38) node_modules/egg-schedule/app.js",
    "start": 1565061138816,
    "end": 1565061138822,
    "duration": 6,
    "pid": 14584,
    "index": 47
  },
  {
    "name": "Require(39) node_modules/egg-multipart/app.js",
    "start": 1565061138823,
    "end": 1565061138833,
    "duration": 10,
    "pid": 14584,
    "index": 48
  },
  {
    "name": "Require(40) node_modules/egg-logrotator/app.js",
    "start": 1565061138834,
    "end": 1565061138835,
    "duration": 1,
    "pid": 14584,
    "index": 49
  },
  {
    "name": "Require(41) node_modules/egg-static/app.js",
    "start": 1565061138836,
    "end": 1565061138837,
    "duration": 1,
    "pid": 14584,
    "index": 50
  },
  {
    "name": "Require(42) node_modules/egg-validate/app.js",
    "start": 1565061138840,
    "end": 1565061138846,
    "duration": 6,
    "pid": 14584,
    "index": 51
  },
  {
    "name": "Require(43) node_modules/egg-cors/app.js",
    "start": 1565061138847,
    "end": 1565061138848,
    "duration": 1,
    "pid": 14584,
    "index": 52
  },
  {
    "name": "Require(44) node_modules/egg-mysql/app.js",
    "start": 1565061138851,
    "end": 1565061138897,
    "duration": 46,
    "pid": 14584,
    "index": 53
  },
  {
    "name": "Before Start in node_modules/egg-watcher/lib/init.js:15:14",
    "start": 1565061138938,
    "end": 1565061140014,
    "duration": 1076,
    "pid": 14584,
    "index": 54
  },
  {
    "name": "Before Start in node_modules/egg-mysql/lib/mysql.js:20:7",
    "start": 1565061139250,
    "end": 1565061140018,
    "duration": 768,
    "pid": 14584,
    "index": 55
  },
  {
    "name": "Load Service",
    "start": 1565061139251,
    "end": 1565061139368,
    "duration": 117,
    "pid": 14584,
    "index": 56
  },
  {
    "name": "Load \"service\" to Context",
    "start": 1565061139251,
    "end": 1565061139368,
    "duration": 117,
    "pid": 14584,
    "index": 57
  },
  {
    "name": "Load Middleware",
    "start": 1565061139368,
    "end": 1565061139883,
    "duration": 515,
    "pid": 14584,
    "index": 58
  },
  {
    "name": "Load \"middlewares\" to Application",
    "start": 1565061139368,
    "end": 1565061139846,
    "duration": 478,
    "pid": 14584,
    "index": 59
  },
  {
    "name": "Load Controller",
    "start": 1565061139883,
    "end": 1565061139943,
    "duration": 60,
    "pid": 14584,
    "index": 60
  },
  {
    "name": "Load \"controller\" to Application",
    "start": 1565061139883,
    "end": 1565061139943,
    "duration": 60,
    "pid": 14584,
    "index": 61
  },
  {
    "name": "Load Router",
    "start": 1565061139943,
    "end": 1565061139950,
    "duration": 7,
    "pid": 14584,
    "index": 62
  },
  {
    "name": "Require(45) app/router.js",
    "start": 1565061139944,
    "end": 1565061139945,
    "duration": 1,
    "pid": 14584,
    "index": 63
  },
  {
    "name": "Before Start in node_modules/egg-core/lib/egg.js:303:10",
    "start": 1565061139946,
    "end": 1565061139971,
    "duration": 25,
    "pid": 14584,
    "index": 64
  }
]