[
  {
    "name": "Application Start",
    "start": 1565170181467,
    "end": 1565170183489,
    "duration": 2022,
    "pid": 14168,
    "index": 0
  },
  {
    "name": "Load Plugin",
    "start": 1565170181482,
    "end": 1565170181578,
    "duration": 96,
    "pid": 14168,
    "index": 1
  },
  {
    "name": "Load Config",
    "start": 1565170181579,
    "end": 1565170181644,
    "duration": 65,
    "pid": 14168,
    "index": 2
  },
  {
    "name": "Require(0) config/config.default.js",
    "start": 1565170181581,
    "end": 1565170181581,
    "duration": 0,
    "pid": 14168,
    "index": 3
  },
  {
    "name": "Require(1) node_modules/egg-session/config/config.default.js",
    "start": 1565170181586,
    "end": 1565170181587,
    "duration": 1,
    "pid": 14168,
    "index": 4
  },
  {
    "name": "Require(2) node_modules/egg-security/config/config.default.js",
    "start": 1565170181588,
    "end": 1565170181589,
    "duration": 1,
    "pid": 14168,
    "index": 5
  },
  {
    "name": "Require(3) node_modules/egg-jsonp/config/config.default.js",
    "start": 1565170181592,
    "end": 1565170181593,
    "duration": 1,
    "pid": 14168,
    "index": 6
  },
  {
    "name": "Require(4) node_modules/egg-onerror/config/config.default.js",
    "start": 1565170181595,
    "end": 1565170181595,
    "duration": 0,
    "pid": 14168,
    "index": 7
  },
  {
    "name": "Require(5) node_modules/egg-i18n/config/config.default.js",
    "start": 1565170181597,
    "end": 1565170181598,
    "duration": 1,
    "pid": 14168,
    "index": 8
  },
  {
    "name": "Require(6) node_modules/egg-watcher/config/config.default.js",
    "start": 1565170181600,
    "end": 1565170181601,
    "duration": 1,
    "pid": 14168,
    "index": 9
  },
  {
    "name": "Require(7) node_modules/egg-schedule/config/config.default.js",
    "start": 1565170181603,
    "end": 1565170181603,
    "duration": 0,
    "pid": 14168,
    "index": 10
  },
  {
    "name": "Require(8) node_modules/egg-multipart/config/config.default.js",
    "start": 1565170181606,
    "end": 1565170181606,
    "duration": 0,
    "pid": 14168,
    "index": 11
  },
  {
    "name": "Require(9) node_modules/egg-logrotator/config/config.default.js",
    "start": 1565170181609,
    "end": 1565170181609,
    "duration": 0,
    "pid": 14168,
    "index": 12
  },
  {
    "name": "Require(10) node_modules/egg-static/config/config.default.js",
    "start": 1565170181611,
    "end": 1565170181612,
    "duration": 1,
    "pid": 14168,
    "index": 13
  },
  {
    "name": "Require(11) node_modules/egg-view/config/config.default.js",
    "start": 1565170181614,
    "end": 1565170181615,
    "duration": 1,
    "pid": 14168,
    "index": 14
  },
  {
    "name": "Require(12) node_modules/egg-cors/config/config.default.js",
    "start": 1565170181618,
    "end": 1565170181619,
    "duration": 1,
    "pid": 14168,
    "index": 15
  },
  {
    "name": "Require(13) node_modules/egg-mysql/config/config.default.js",
    "start": 1565170181621,
    "end": 1565170181621,
    "duration": 0,
    "pid": 14168,
    "index": 16
  },
  {
    "name": "Require(14) node_modules/egg/config/config.default.js",
    "start": 1565170181623,
    "end": 1565170181624,
    "duration": 1,
    "pid": 14168,
    "index": 17
  },
  {
    "name": "Require(15) config/config.default.js",
    "start": 1565170181627,
    "end": 1565170181628,
    "duration": 1,
    "pid": 14168,
    "index": 18
  },
  {
    "name": "Require(16) node_modules/egg-static/config/config.prod.js",
    "start": 1565170181638,
    "end": 1565170181639,
    "duration": 1,
    "pid": 14168,
    "index": 19
  },
  {
    "name": "Load extend/application.js",
    "start": 1565170181646,
    "end": 1565170181716,
    "duration": 70,
    "pid": 14168,
    "index": 20
  },
  {
    "name": "Require(17) node_modules/egg-session/app/extend/application.js",
    "start": 1565170181648,
    "end": 1565170181649,
    "duration": 1,
    "pid": 14168,
    "index": 21
  },
  {
    "name": "Require(18) node_modules/egg-security/app/extend/application.js",
    "start": 1565170181651,
    "end": 1565170181654,
    "duration": 3,
    "pid": 14168,
    "index": 22
  },
  {
    "name": "Require(19) node_modules/egg-jsonp/app/extend/application.js",
    "start": 1565170181656,
    "end": 1565170181662,
    "duration": 6,
    "pid": 14168,
    "index": 23
  },
  {
    "name": "Require(20) node_modules/egg-logrotator/app/extend/application.js",
    "start": 1565170181668,
    "end": 1565170181693,
    "duration": 25,
    "pid": 14168,
    "index": 24
  },
  {
    "name": "Require(21) node_modules/egg-view/app/extend/application.js",
    "start": 1565170181695,
    "end": 1565170181700,
    "duration": 5,
    "pid": 14168,
    "index": 25
  },
  {
    "name": "Load extend/request.js",
    "start": 1565170181716,
    "end": 1565170181749,
    "duration": 33,
    "pid": 14168,
    "index": 26
  },
  {
    "name": "Require(22) node_modules/egg/app/extend/request.js",
    "start": 1565170181730,
    "end": 1565170181735,
    "duration": 5,
    "pid": 14168,
    "index": 27
  },
  {
    "name": "Load extend/response.js",
    "start": 1565170181749,
    "end": 1565170181789,
    "duration": 40,
    "pid": 14168,
    "index": 28
  },
  {
    "name": "Require(23) node_modules/egg/app/extend/response.js",
    "start": 1565170181767,
    "end": 1565170181775,
    "duration": 8,
    "pid": 14168,
    "index": 29
  },
  {
    "name": "Load extend/context.js",
    "start": 1565170181789,
    "end": 1565170182012,
    "duration": 223,
    "pid": 14168,
    "index": 30
  },
  {
    "name": "Require(24) node_modules/egg-security/app/extend/context.js",
    "start": 1565170181791,
    "end": 1565170181854,
    "duration": 63,
    "pid": 14168,
    "index": 31
  },
  {
    "name": "Require(25) node_modules/egg-jsonp/app/extend/context.js",
    "start": 1565170181855,
    "end": 1565170181861,
    "duration": 6,
    "pid": 14168,
    "index": 32
  },
  {
    "name": "Require(26) node_modules/egg-i18n/app/extend/context.js",
    "start": 1565170181863,
    "end": 1565170181864,
    "duration": 1,
    "pid": 14168,
    "index": 33
  },
  {
    "name": "Require(27) node_modules/egg-multipart/app/extend/context.js",
    "start": 1565170181868,
    "end": 1565170181975,
    "duration": 107,
    "pid": 14168,
    "index": 34
  },
  {
    "name": "Require(28) node_modules/egg-view/app/extend/context.js",
    "start": 1565170181978,
    "end": 1565170181981,
    "duration": 3,
    "pid": 14168,
    "index": 35
  },
  {
    "name": "Require(29) node_modules/egg-validate/app/extend/context.js",
    "start": 1565170181982,
    "end": 1565170181983,
    "duration": 1,
    "pid": 14168,
    "index": 36
  },
  {
    "name": "Require(30) node_modules/egg/app/extend/context.js",
    "start": 1565170181985,
    "end": 1565170181997,
    "duration": 12,
    "pid": 14168,
    "index": 37
  },
  {
    "name": "Load extend/helper.js",
    "start": 1565170182012,
    "end": 1565170182094,
    "duration": 82,
    "pid": 14168,
    "index": 38
  },
  {
    "name": "Require(31) node_modules/egg-security/app/extend/helper.js",
    "start": 1565170182014,
    "end": 1565170182066,
    "duration": 52,
    "pid": 14168,
    "index": 39
  },
  {
    "name": "Require(32) node_modules/egg/app/extend/helper.js",
    "start": 1565170182079,
    "end": 1565170182080,
    "duration": 1,
    "pid": 14168,
    "index": 40
  },
  {
    "name": "Load app.js",
    "start": 1565170182094,
    "end": 1565170182293,
    "duration": 199,
    "pid": 14168,
    "index": 41
  },
  {
    "name": "Require(33) node_modules/egg-session/app.js",
    "start": 1565170182095,
    "end": 1565170182096,
    "duration": 1,
    "pid": 14168,
    "index": 42
  },
  {
    "name": "Require(34) node_modules/egg-security/app.js",
    "start": 1565170182097,
    "end": 1565170182105,
    "duration": 8,
    "pid": 14168,
    "index": 43
  },
  {
    "name": "Require(35) node_modules/egg-onerror/app.js",
    "start": 1565170182108,
    "end": 1565170182145,
    "duration": 37,
    "pid": 14168,
    "index": 44
  },
  {
    "name": "Require(36) node_modules/egg-i18n/app.js",
    "start": 1565170182146,
    "end": 1565170182187,
    "duration": 41,
    "pid": 14168,
    "index": 45
  },
  {
    "name": "Require(37) node_modules/egg-watcher/app.js",
    "start": 1565170182188,
    "end": 1565170182205,
    "duration": 17,
    "pid": 14168,
    "index": 46
  },
  {
    "name": "Require(38) node_modules/egg-schedule/app.js",
    "start": 1565170182206,
    "end": 1565170182212,
    "duration": 6,
    "pid": 14168,
    "index": 47
  },
  {
    "name": "Require(39) node_modules/egg-multipart/app.js",
    "start": 1565170182213,
    "end": 1565170182224,
    "duration": 11,
    "pid": 14168,
    "index": 48
  },
  {
    "name": "Require(40) node_modules/egg-logrotator/app.js",
    "start": 1565170182225,
    "end": 1565170182226,
    "duration": 1,
    "pid": 14168,
    "index": 49
  },
  {
    "name": "Require(41) node_modules/egg-static/app.js",
    "start": 1565170182227,
    "end": 1565170182229,
    "duration": 2,
    "pid": 14168,
    "index": 50
  },
  {
    "name": "Require(42) node_modules/egg-validate/app.js",
    "start": 1565170182232,
    "end": 1565170182238,
    "duration": 6,
    "pid": 14168,
    "index": 51
  },
  {
    "name": "Require(43) node_modules/egg-cors/app.js",
    "start": 1565170182239,
    "end": 1565170182240,
    "duration": 1,
    "pid": 14168,
    "index": 52
  },
  {
    "name": "Require(44) node_modules/egg-mysql/app.js",
    "start": 1565170182241,
    "end": 1565170182288,
    "duration": 47,
    "pid": 14168,
    "index": 53
  },
  {
    "name": "Before Start in node_modules/egg-watcher/lib/init.js:15:14",
    "start": 1565170182333,
    "end": 1565170183479,
    "duration": 1146,
    "pid": 14168,
    "index": 54
  },
  {
    "name": "Before Start in node_modules/egg-mysql/lib/mysql.js:20:7",
    "start": 1565170182648,
    "end": 1565170183485,
    "duration": 837,
    "pid": 14168,
    "index": 55
  },
  {
    "name": "Load Service",
    "start": 1565170182649,
    "end": 1565170182712,
    "duration": 63,
    "pid": 14168,
    "index": 56
  },
  {
    "name": "Load \"service\" to Context",
    "start": 1565170182649,
    "end": 1565170182712,
    "duration": 63,
    "pid": 14168,
    "index": 57
  },
  {
    "name": "Load Middleware",
    "start": 1565170182713,
    "end": 1565170183247,
    "duration": 534,
    "pid": 14168,
    "index": 58
  },
  {
    "name": "Load \"middlewares\" to Application",
    "start": 1565170182713,
    "end": 1565170183207,
    "duration": 494,
    "pid": 14168,
    "index": 59
  },
  {
    "name": "Load Controller",
    "start": 1565170183247,
    "end": 1565170183327,
    "duration": 80,
    "pid": 14168,
    "index": 60
  },
  {
    "name": "Load \"controller\" to Application",
    "start": 1565170183247,
    "end": 1565170183327,
    "duration": 80,
    "pid": 14168,
    "index": 61
  },
  {
    "name": "Load Router",
    "start": 1565170183327,
    "end": 1565170183336,
    "duration": 9,
    "pid": 14168,
    "index": 62
  },
  {
    "name": "Require(45) app/router.js",
    "start": 1565170183329,
    "end": 1565170183331,
    "duration": 2,
    "pid": 14168,
    "index": 63
  },
  {
    "name": "Before Start in node_modules/egg-core/lib/egg.js:303:10",
    "start": 1565170183332,
    "end": 1565170183369,
    "duration": 37,
    "pid": 14168,
    "index": 64
  }
]