[
  {
    "name": "Application Start",
    "start": 1565156599246,
    "end": 1565156601051,
    "duration": 1805,
    "pid": 7212,
    "index": 0
  },
  {
    "name": "Load Plugin",
    "start": 1565156599261,
    "end": 1565156599353,
    "duration": 92,
    "pid": 7212,
    "index": 1
  },
  {
    "name": "Load Config",
    "start": 1565156599353,
    "end": 1565156599414,
    "duration": 61,
    "pid": 7212,
    "index": 2
  },
  {
    "name": "Require(0) config/config.default.js",
    "start": 1565156599355,
    "end": 1565156599355,
    "duration": 0,
    "pid": 7212,
    "index": 3
  },
  {
    "name": "Require(1) node_modules/egg-session/config/config.default.js",
    "start": 1565156599360,
    "end": 1565156599361,
    "duration": 1,
    "pid": 7212,
    "index": 4
  },
  {
    "name": "Require(2) node_modules/egg-security/config/config.default.js",
    "start": 1565156599363,
    "end": 1565156599363,
    "duration": 0,
    "pid": 7212,
    "index": 5
  },
  {
    "name": "Require(3) node_modules/egg-jsonp/config/config.default.js",
    "start": 1565156599366,
    "end": 1565156599367,
    "duration": 1,
    "pid": 7212,
    "index": 6
  },
  {
    "name": "Require(4) node_modules/egg-onerror/config/config.default.js",
    "start": 1565156599368,
    "end": 1565156599369,
    "duration": 1,
    "pid": 7212,
    "index": 7
  },
  {
    "name": "Require(5) node_modules/egg-i18n/config/config.default.js",
    "start": 1565156599371,
    "end": 1565156599372,
    "duration": 1,
    "pid": 7212,
    "index": 8
  },
  {
    "name": "Require(6) node_modules/egg-watcher/config/config.default.js",
    "start": 1565156599373,
    "end": 1565156599374,
    "duration": 1,
    "pid": 7212,
    "index": 9
  },
  {
    "name": "Require(7) node_modules/egg-schedule/config/config.default.js",
    "start": 1565156599376,
    "end": 1565156599377,
    "duration": 1,
    "pid": 7212,
    "index": 10
  },
  {
    "name": "Require(8) node_modules/egg-multipart/config/config.default.js",
    "start": 1565156599378,
    "end": 1565156599379,
    "duration": 1,
    "pid": 7212,
    "index": 11
  },
  {
    "name": "Require(9) node_modules/egg-logrotator/config/config.default.js",
    "start": 1565156599381,
    "end": 1565156599382,
    "duration": 1,
    "pid": 7212,
    "index": 12
  },
  {
    "name": "Require(10) node_modules/egg-static/config/config.default.js",
    "start": 1565156599384,
    "end": 1565156599384,
    "duration": 0,
    "pid": 7212,
    "index": 13
  },
  {
    "name": "Require(11) node_modules/egg-view/config/config.default.js",
    "start": 1565156599386,
    "end": 1565156599387,
    "duration": 1,
    "pid": 7212,
    "index": 14
  },
  {
    "name": "Require(12) node_modules/egg-cors/config/config.default.js",
    "start": 1565156599390,
    "end": 1565156599390,
    "duration": 0,
    "pid": 7212,
    "index": 15
  },
  {
    "name": "Require(13) node_modules/egg-mysql/config/config.default.js",
    "start": 1565156599392,
    "end": 1565156599393,
    "duration": 1,
    "pid": 7212,
    "index": 16
  },
  {
    "name": "Require(14) node_modules/egg/config/config.default.js",
    "start": 1565156599394,
    "end": 1565156599395,
    "duration": 1,
    "pid": 7212,
    "index": 17
  },
  {
    "name": "Require(15) config/config.default.js",
    "start": 1565156599398,
    "end": 1565156599398,
    "duration": 0,
    "pid": 7212,
    "index": 18
  },
  {
    "name": "Require(16) node_modules/egg-static/config/config.prod.js",
    "start": 1565156599408,
    "end": 1565156599409,
    "duration": 1,
    "pid": 7212,
    "index": 19
  },
  {
    "name": "Load extend/application.js",
    "start": 1565156599416,
    "end": 1565156599487,
    "duration": 71,
    "pid": 7212,
    "index": 20
  },
  {
    "name": "Require(17) node_modules/egg-session/app/extend/application.js",
    "start": 1565156599418,
    "end": 1565156599419,
    "duration": 1,
    "pid": 7212,
    "index": 21
  },
  {
    "name": "Require(18) node_modules/egg-security/app/extend/application.js",
    "start": 1565156599420,
    "end": 1565156599424,
    "duration": 4,
    "pid": 7212,
    "index": 22
  },
  {
    "name": "Require(19) node_modules/egg-jsonp/app/extend/application.js",
    "start": 1565156599425,
    "end": 1565156599432,
    "duration": 7,
    "pid": 7212,
    "index": 23
  },
  {
    "name": "Require(20) node_modules/egg-logrotator/app/extend/application.js",
    "start": 1565156599438,
    "end": 1565156599463,
    "duration": 25,
    "pid": 7212,
    "index": 24
  },
  {
    "name": "Require(21) node_modules/egg-view/app/extend/application.js",
    "start": 1565156599465,
    "end": 1565156599469,
    "duration": 4,
    "pid": 7212,
    "index": 25
  },
  {
    "name": "Load extend/request.js",
    "start": 1565156599487,
    "end": 1565156599520,
    "duration": 33,
    "pid": 7212,
    "index": 26
  },
  {
    "name": "Require(22) node_modules/egg/app/extend/request.js",
    "start": 1565156599501,
    "end": 1565156599506,
    "duration": 5,
    "pid": 7212,
    "index": 27
  },
  {
    "name": "Load extend/response.js",
    "start": 1565156599520,
    "end": 1565156599554,
    "duration": 34,
    "pid": 7212,
    "index": 28
  },
  {
    "name": "Require(23) node_modules/egg/app/extend/response.js",
    "start": 1565156599532,
    "end": 1565156599540,
    "duration": 8,
    "pid": 7212,
    "index": 29
  },
  {
    "name": "Load extend/context.js",
    "start": 1565156599554,
    "end": 1565156599766,
    "duration": 212,
    "pid": 7212,
    "index": 30
  },
  {
    "name": "Require(24) node_modules/egg-security/app/extend/context.js",
    "start": 1565156599556,
    "end": 1565156599615,
    "duration": 59,
    "pid": 7212,
    "index": 31
  },
  {
    "name": "Require(25) node_modules/egg-jsonp/app/extend/context.js",
    "start": 1565156599616,
    "end": 1565156599622,
    "duration": 6,
    "pid": 7212,
    "index": 32
  },
  {
    "name": "Require(26) node_modules/egg-i18n/app/extend/context.js",
    "start": 1565156599625,
    "end": 1565156599626,
    "duration": 1,
    "pid": 7212,
    "index": 33
  },
  {
    "name": "Require(27) node_modules/egg-multipart/app/extend/context.js",
    "start": 1565156599629,
    "end": 1565156599731,
    "duration": 102,
    "pid": 7212,
    "index": 34
  },
  {
    "name": "Require(28) node_modules/egg-view/app/extend/context.js",
    "start": 1565156599734,
    "end": 1565156599737,
    "duration": 3,
    "pid": 7212,
    "index": 35
  },
  {
    "name": "Require(29) node_modules/egg-validate/app/extend/context.js",
    "start": 1565156599739,
    "end": 1565156599740,
    "duration": 1,
    "pid": 7212,
    "index": 36
  },
  {
    "name": "Require(30) node_modules/egg/app/extend/context.js",
    "start": 1565156599742,
    "end": 1565156599752,
    "duration": 10,
    "pid": 7212,
    "index": 37
  },
  {
    "name": "Load extend/helper.js",
    "start": 1565156599767,
    "end": 1565156599850,
    "duration": 83,
    "pid": 7212,
    "index": 38
  },
  {
    "name": "Require(31) node_modules/egg-security/app/extend/helper.js",
    "start": 1565156599769,
    "end": 1565156599823,
    "duration": 54,
    "pid": 7212,
    "index": 39
  },
  {
    "name": "Require(32) node_modules/egg/app/extend/helper.js",
    "start": 1565156599834,
    "end": 1565156599835,
    "duration": 1,
    "pid": 7212,
    "index": 40
  },
  {
    "name": "Load app.js",
    "start": 1565156599850,
    "end": 1565156600029,
    "duration": 179,
    "pid": 7212,
    "index": 41
  },
  {
    "name": "Require(33) node_modules/egg-session/app.js",
    "start": 1565156599851,
    "end": 1565156599852,
    "duration": 1,
    "pid": 7212,
    "index": 42
  },
  {
    "name": "Require(34) node_modules/egg-security/app.js",
    "start": 1565156599854,
    "end": 1565156599860,
    "duration": 6,
    "pid": 7212,
    "index": 43
  },
  {
    "name": "Require(35) node_modules/egg-onerror/app.js",
    "start": 1565156599863,
    "end": 1565156599897,
    "duration": 34,
    "pid": 7212,
    "index": 44
  },
  {
    "name": "Require(36) node_modules/egg-i18n/app.js",
    "start": 1565156599898,
    "end": 1565156599934,
    "duration": 36,
    "pid": 7212,
    "index": 45
  },
  {
    "name": "Require(37) node_modules/egg-watcher/app.js",
    "start": 1565156599935,
    "end": 1565156599948,
    "duration": 13,
    "pid": 7212,
    "index": 46
  },
  {
    "name": "Require(38) node_modules/egg-schedule/app.js",
    "start": 1565156599949,
    "end": 1565156599955,
    "duration": 6,
    "pid": 7212,
    "index": 47
  },
  {
    "name": "Require(39) node_modules/egg-multipart/app.js",
    "start": 1565156599956,
    "end": 1565156599965,
    "duration": 9,
    "pid": 7212,
    "index": 48
  },
  {
    "name": "Require(40) node_modules/egg-logrotator/app.js",
    "start": 1565156599966,
    "end": 1565156599967,
    "duration": 1,
    "pid": 7212,
    "index": 49
  },
  {
    "name": "Require(41) node_modules/egg-static/app.js",
    "start": 1565156599968,
    "end": 1565156599968,
    "duration": 0,
    "pid": 7212,
    "index": 50
  },
  {
    "name": "Require(42) node_modules/egg-validate/app.js",
    "start": 1565156599971,
    "end": 1565156599977,
    "duration": 6,
    "pid": 7212,
    "index": 51
  },
  {
    "name": "Require(43) node_modules/egg-cors/app.js",
    "start": 1565156599978,
    "end": 1565156599979,
    "duration": 1,
    "pid": 7212,
    "index": 52
  },
  {
    "name": "Require(44) node_modules/egg-mysql/app.js",
    "start": 1565156599980,
    "end": 1565156600025,
    "duration": 45,
    "pid": 7212,
    "index": 53
  },
  {
    "name": "Before Start in node_modules/egg-watcher/lib/init.js:15:14",
    "start": 1565156600064,
    "end": 1565156601046,
    "duration": 982,
    "pid": 7212,
    "index": 54
  },
  {
    "name": "Before Start in node_modules/egg-mysql/lib/mysql.js:20:7",
    "start": 1565156600362,
    "end": 1565156601049,
    "duration": 687,
    "pid": 7212,
    "index": 55
  },
  {
    "name": "Load Service",
    "start": 1565156600363,
    "end": 1565156600423,
    "duration": 60,
    "pid": 7212,
    "index": 56
  },
  {
    "name": "Load \"service\" to Context",
    "start": 1565156600363,
    "end": 1565156600423,
    "duration": 60,
    "pid": 7212,
    "index": 57
  },
  {
    "name": "Load Middleware",
    "start": 1565156600423,
    "end": 1565156600904,
    "duration": 481,
    "pid": 7212,
    "index": 58
  },
  {
    "name": "Load \"middlewares\" to Application",
    "start": 1565156600424,
    "end": 1565156600869,
    "duration": 445,
    "pid": 7212,
    "index": 59
  },
  {
    "name": "Load Controller",
    "start": 1565156600904,
    "end": 1565156600989,
    "duration": 85,
    "pid": 7212,
    "index": 60
  },
  {
    "name": "Load \"controller\" to Application",
    "start": 1565156600904,
    "end": 1565156600989,
    "duration": 85,
    "pid": 7212,
    "index": 61
  },
  {
    "name": "Load Router",
    "start": 1565156600989,
    "end": 1565156600995,
    "duration": 6,
    "pid": 7212,
    "index": 62
  },
  {
    "name": "Require(45) app/router.js",
    "start": 1565156600990,
    "end": 1565156600991,
    "duration": 1,
    "pid": 7212,
    "index": 63
  },
  {
    "name": "Before Start in node_modules/egg-core/lib/egg.js:303:10",
    "start": 1565156600992,
    "end": 1565156601018,
    "duration": 26,
    "pid": 7212,
    "index": 64
  }
]