[
  {
    "name": "Application Start",
    "start": 1565061137732,
    "end": 1565061139822,
    "duration": 2090,
    "pid": 17524,
    "index": 0
  },
  {
    "name": "Load Plugin",
    "start": 1565061137755,
    "end": 1565061137855,
    "duration": 100,
    "pid": 17524,
    "index": 1
  },
  {
    "name": "Load Config",
    "start": 1565061137855,
    "end": 1565061137919,
    "duration": 64,
    "pid": 17524,
    "index": 2
  },
  {
    "name": "Require(0) config/config.default.js",
    "start": 1565061137857,
    "end": 1565061137858,
    "duration": 1,
    "pid": 17524,
    "index": 3
  },
  {
    "name": "Require(1) node_modules/egg-session/config/config.default.js",
    "start": 1565061137862,
    "end": 1565061137863,
    "duration": 1,
    "pid": 17524,
    "index": 4
  },
  {
    "name": "Require(2) node_modules/egg-security/config/config.default.js",
    "start": 1565061137865,
    "end": 1565061137865,
    "duration": 0,
    "pid": 17524,
    "index": 5
  },
  {
    "name": "Require(3) node_modules/egg-jsonp/config/config.default.js",
    "start": 1565061137868,
    "end": 1565061137869,
    "duration": 1,
    "pid": 17524,
    "index": 6
  },
  {
    "name": "Require(4) node_modules/egg-onerror/config/config.default.js",
    "start": 1565061137871,
    "end": 1565061137871,
    "duration": 0,
    "pid": 17524,
    "index": 7
  },
  {
    "name": "Require(5) node_modules/egg-i18n/config/config.default.js",
    "start": 1565061137873,
    "end": 1565061137874,
    "duration": 1,
    "pid": 17524,
    "index": 8
  },
  {
    "name": "Require(6) node_modules/egg-watcher/config/config.default.js",
    "start": 1565061137876,
    "end": 1565061137876,
    "duration": 0,
    "pid": 17524,
    "index": 9
  },
  {
    "name": "Require(7) node_modules/egg-schedule/config/config.default.js",
    "start": 1565061137878,
    "end": 1565061137879,
    "duration": 1,
    "pid": 17524,
    "index": 10
  },
  {
    "name": "Require(8) node_modules/egg-multipart/config/config.default.js",
    "start": 1565061137881,
    "end": 1565061137881,
    "duration": 0,
    "pid": 17524,
    "index": 11
  },
  {
    "name": "Require(9) node_modules/egg-logrotator/config/config.default.js",
    "start": 1565061137883,
    "end": 1565061137884,
    "duration": 1,
    "pid": 17524,
    "index": 12
  },
  {
    "name": "Require(10) node_modules/egg-static/config/config.default.js",
    "start": 1565061137886,
    "end": 1565061137886,
    "duration": 0,
    "pid": 17524,
    "index": 13
  },
  {
    "name": "Require(11) node_modules/egg-view/config/config.default.js",
    "start": 1565061137888,
    "end": 1565061137889,
    "duration": 1,
    "pid": 17524,
    "index": 14
  },
  {
    "name": "Require(12) node_modules/egg-cors/config/config.default.js",
    "start": 1565061137893,
    "end": 1565061137893,
    "duration": 0,
    "pid": 17524,
    "index": 15
  },
  {
    "name": "Require(13) node_modules/egg-mysql/config/config.default.js",
    "start": 1565061137895,
    "end": 1565061137896,
    "duration": 1,
    "pid": 17524,
    "index": 16
  },
  {
    "name": "Require(14) node_modules/egg/config/config.default.js",
    "start": 1565061137897,
    "end": 1565061137899,
    "duration": 2,
    "pid": 17524,
    "index": 17
  },
  {
    "name": "Require(15) config/config.default.js",
    "start": 1565061137901,
    "end": 1565061137901,
    "duration": 0,
    "pid": 17524,
    "index": 18
  },
  {
    "name": "Require(16) node_modules/egg-static/config/config.prod.js",
    "start": 1565061137912,
    "end": 1565061137913,
    "duration": 1,
    "pid": 17524,
    "index": 19
  },
  {
    "name": "Load extend/application.js",
    "start": 1565061137921,
    "end": 1565061137994,
    "duration": 73,
    "pid": 17524,
    "index": 20
  },
  {
    "name": "Require(17) node_modules/egg-session/app/extend/application.js",
    "start": 1565061137923,
    "end": 1565061137924,
    "duration": 1,
    "pid": 17524,
    "index": 21
  },
  {
    "name": "Require(18) node_modules/egg-security/app/extend/application.js",
    "start": 1565061137926,
    "end": 1565061137930,
    "duration": 4,
    "pid": 17524,
    "index": 22
  },
  {
    "name": "Require(19) node_modules/egg-jsonp/app/extend/application.js",
    "start": 1565061137931,
    "end": 1565061137938,
    "duration": 7,
    "pid": 17524,
    "index": 23
  },
  {
    "name": "Require(20) node_modules/egg-logrotator/app/extend/application.js",
    "start": 1565061137944,
    "end": 1565061137968,
    "duration": 24,
    "pid": 17524,
    "index": 24
  },
  {
    "name": "Require(21) node_modules/egg-view/app/extend/application.js",
    "start": 1565061137972,
    "end": 1565061137976,
    "duration": 4,
    "pid": 17524,
    "index": 25
  },
  {
    "name": "Load extend/request.js",
    "start": 1565061137994,
    "end": 1565061138030,
    "duration": 36,
    "pid": 17524,
    "index": 26
  },
  {
    "name": "Require(22) node_modules/egg/app/extend/request.js",
    "start": 1565061138011,
    "end": 1565061138016,
    "duration": 5,
    "pid": 17524,
    "index": 27
  },
  {
    "name": "Load extend/response.js",
    "start": 1565061138030,
    "end": 1565061138081,
    "duration": 51,
    "pid": 17524,
    "index": 28
  },
  {
    "name": "Require(23) node_modules/egg/app/extend/response.js",
    "start": 1565061138046,
    "end": 1565061138057,
    "duration": 11,
    "pid": 17524,
    "index": 29
  },
  {
    "name": "Load extend/context.js",
    "start": 1565061138081,
    "end": 1565061138320,
    "duration": 239,
    "pid": 17524,
    "index": 30
  },
  {
    "name": "Require(24) node_modules/egg-security/app/extend/context.js",
    "start": 1565061138083,
    "end": 1565061138162,
    "duration": 79,
    "pid": 17524,
    "index": 31
  },
  {
    "name": "Require(25) node_modules/egg-jsonp/app/extend/context.js",
    "start": 1565061138163,
    "end": 1565061138169,
    "duration": 6,
    "pid": 17524,
    "index": 32
  },
  {
    "name": "Require(26) node_modules/egg-i18n/app/extend/context.js",
    "start": 1565061138172,
    "end": 1565061138172,
    "duration": 0,
    "pid": 17524,
    "index": 33
  },
  {
    "name": "Require(27) node_modules/egg-multipart/app/extend/context.js",
    "start": 1565061138175,
    "end": 1565061138284,
    "duration": 109,
    "pid": 17524,
    "index": 34
  },
  {
    "name": "Require(28) node_modules/egg-view/app/extend/context.js",
    "start": 1565061138286,
    "end": 1565061138289,
    "duration": 3,
    "pid": 17524,
    "index": 35
  },
  {
    "name": "Require(29) node_modules/egg-validate/app/extend/context.js",
    "start": 1565061138291,
    "end": 1565061138292,
    "duration": 1,
    "pid": 17524,
    "index": 36
  },
  {
    "name": "Require(30) node_modules/egg/app/extend/context.js",
    "start": 1565061138294,
    "end": 1565061138305,
    "duration": 11,
    "pid": 17524,
    "index": 37
  },
  {
    "name": "Load extend/helper.js",
    "start": 1565061138320,
    "end": 1565061138403,
    "duration": 83,
    "pid": 17524,
    "index": 38
  },
  {
    "name": "Require(31) node_modules/egg-security/app/extend/helper.js",
    "start": 1565061138322,
    "end": 1565061138375,
    "duration": 53,
    "pid": 17524,
    "index": 39
  },
  {
    "name": "Require(32) node_modules/egg/app/extend/helper.js",
    "start": 1565061138386,
    "end": 1565061138387,
    "duration": 1,
    "pid": 17524,
    "index": 40
  },
  {
    "name": "Load app.js",
    "start": 1565061138403,
    "end": 1565061138635,
    "duration": 232,
    "pid": 17524,
    "index": 41
  },
  {
    "name": "Require(33) node_modules/egg-session/app.js",
    "start": 1565061138405,
    "end": 1565061138406,
    "duration": 1,
    "pid": 17524,
    "index": 42
  },
  {
    "name": "Require(34) node_modules/egg-security/app.js",
    "start": 1565061138408,
    "end": 1565061138417,
    "duration": 9,
    "pid": 17524,
    "index": 43
  },
  {
    "name": "Require(35) node_modules/egg-onerror/app.js",
    "start": 1565061138420,
    "end": 1565061138465,
    "duration": 45,
    "pid": 17524,
    "index": 44
  },
  {
    "name": "Require(36) node_modules/egg-i18n/app.js",
    "start": 1565061138478,
    "end": 1565061138513,
    "duration": 35,
    "pid": 17524,
    "index": 45
  },
  {
    "name": "Require(37) node_modules/egg-watcher/app.js",
    "start": 1565061138514,
    "end": 1565061138531,
    "duration": 17,
    "pid": 17524,
    "index": 46
  },
  {
    "name": "Require(38) node_modules/egg-schedule/app.js",
    "start": 1565061138533,
    "end": 1565061138539,
    "duration": 6,
    "pid": 17524,
    "index": 47
  },
  {
    "name": "Require(39) node_modules/egg-multipart/app.js",
    "start": 1565061138540,
    "end": 1565061138560,
    "duration": 20,
    "pid": 17524,
    "index": 48
  },
  {
    "name": "Require(40) node_modules/egg-logrotator/app.js",
    "start": 1565061138561,
    "end": 1565061138562,
    "duration": 1,
    "pid": 17524,
    "index": 49
  },
  {
    "name": "Require(41) node_modules/egg-static/app.js",
    "start": 1565061138569,
    "end": 1565061138570,
    "duration": 1,
    "pid": 17524,
    "index": 50
  },
  {
    "name": "Require(42) node_modules/egg-validate/app.js",
    "start": 1565061138572,
    "end": 1565061138578,
    "duration": 6,
    "pid": 17524,
    "index": 51
  },
  {
    "name": "Require(43) node_modules/egg-cors/app.js",
    "start": 1565061138579,
    "end": 1565061138581,
    "duration": 2,
    "pid": 17524,
    "index": 52
  },
  {
    "name": "Require(44) node_modules/egg-mysql/app.js",
    "start": 1565061138582,
    "end": 1565061138631,
    "duration": 49,
    "pid": 17524,
    "index": 53
  },
  {
    "name": "Before Start in node_modules/egg-watcher/lib/init.js:15:14",
    "start": 1565061138718,
    "end": 1565061139819,
    "duration": 1101,
    "pid": 17524,
    "index": 54
  },
  {
    "name": "Before Start in node_modules/egg-mysql/lib/mysql.js:20:7",
    "start": 1565061139028,
    "end": 1565061139815,
    "duration": 787,
    "pid": 17524,
    "index": 55
  },
  {
    "name": "Load Service",
    "start": 1565061139029,
    "end": 1565061139092,
    "duration": 63,
    "pid": 17524,
    "index": 56
  },
  {
    "name": "Load \"service\" to Context",
    "start": 1565061139029,
    "end": 1565061139092,
    "duration": 63,
    "pid": 17524,
    "index": 57
  },
  {
    "name": "Load Middleware",
    "start": 1565061139093,
    "end": 1565061139607,
    "duration": 514,
    "pid": 17524,
    "index": 58
  },
  {
    "name": "Load \"middlewares\" to Application",
    "start": 1565061139093,
    "end": 1565061139569,
    "duration": 476,
    "pid": 17524,
    "index": 59
  },
  {
    "name": "Load Controller",
    "start": 1565061139607,
    "end": 1565061139666,
    "duration": 59,
    "pid": 17524,
    "index": 60
  },
  {
    "name": "Load \"controller\" to Application",
    "start": 1565061139607,
    "end": 1565061139665,
    "duration": 58,
    "pid": 17524,
    "index": 61
  },
  {
    "name": "Load Router",
    "start": 1565061139666,
    "end": 1565061139674,
    "duration": 8,
    "pid": 17524,
    "index": 62
  },
  {
    "name": "Require(45) app/router.js",
    "start": 1565061139667,
    "end": 1565061139668,
    "duration": 1,
    "pid": 17524,
    "index": 63
  },
  {
    "name": "Before Start in node_modules/egg-core/lib/egg.js:303:10",
    "start": 1565061139669,
    "end": 1565061139716,
    "duration": 47,
    "pid": 17524,
    "index": 64
  }
]