[
  {
    "name": "Application Start",
    "start": 1565003894218,
    "end": 1565003896134,
    "duration": 1916,
    "pid": 18436,
    "index": 0
  },
  {
    "name": "Load Plugin",
    "start": 1565003894234,
    "end": 1565003894325,
    "duration": 91,
    "pid": 18436,
    "index": 1
  },
  {
    "name": "Load Config",
    "start": 1565003894326,
    "end": 1565003894393,
    "duration": 67,
    "pid": 18436,
    "index": 2
  },
  {
    "name": "Require(0) config/config.default.js",
    "start": 1565003894329,
    "end": 1565003894329,
    "duration": 0,
    "pid": 18436,
    "index": 3
  },
  {
    "name": "Require(1) node_modules/egg-session/config/config.default.js",
    "start": 1565003894335,
    "end": 1565003894335,
    "duration": 0,
    "pid": 18436,
    "index": 4
  },
  {
    "name": "Require(2) node_modules/egg-security/config/config.default.js",
    "start": 1565003894337,
    "end": 1565003894338,
    "duration": 1,
    "pid": 18436,
    "index": 5
  },
  {
    "name": "Require(3) node_modules/egg-jsonp/config/config.default.js",
    "start": 1565003894341,
    "end": 1565003894341,
    "duration": 0,
    "pid": 18436,
    "index": 6
  },
  {
    "name": "Require(4) node_modules/egg-onerror/config/config.default.js",
    "start": 1565003894343,
    "end": 1565003894344,
    "duration": 1,
    "pid": 18436,
    "index": 7
  },
  {
    "name": "Require(5) node_modules/egg-i18n/config/config.default.js",
    "start": 1565003894346,
    "end": 1565003894347,
    "duration": 1,
    "pid": 18436,
    "index": 8
  },
  {
    "name": "Require(6) node_modules/egg-watcher/config/config.default.js",
    "start": 1565003894348,
    "end": 1565003894349,
    "duration": 1,
    "pid": 18436,
    "index": 9
  },
  {
    "name": "Require(7) node_modules/egg-schedule/config/config.default.js",
    "start": 1565003894351,
    "end": 1565003894351,
    "duration": 0,
    "pid": 18436,
    "index": 10
  },
  {
    "name": "Require(8) node_modules/egg-multipart/config/config.default.js",
    "start": 1565003894354,
    "end": 1565003894355,
    "duration": 1,
    "pid": 18436,
    "index": 11
  },
  {
    "name": "Require(9) node_modules/egg-logrotator/config/config.default.js",
    "start": 1565003894357,
    "end": 1565003894358,
    "duration": 1,
    "pid": 18436,
    "index": 12
  },
  {
    "name": "Require(10) node_modules/egg-static/config/config.default.js",
    "start": 1565003894360,
    "end": 1565003894361,
    "duration": 1,
    "pid": 18436,
    "index": 13
  },
  {
    "name": "Require(11) node_modules/egg-view/config/config.default.js",
    "start": 1565003894363,
    "end": 1565003894363,
    "duration": 0,
    "pid": 18436,
    "index": 14
  },
  {
    "name": "Require(12) node_modules/egg-cors/config/config.default.js",
    "start": 1565003894366,
    "end": 1565003894367,
    "duration": 1,
    "pid": 18436,
    "index": 15
  },
  {
    "name": "Require(13) node_modules/egg-mysql/config/config.default.js",
    "start": 1565003894369,
    "end": 1565003894370,
    "duration": 1,
    "pid": 18436,
    "index": 16
  },
  {
    "name": "Require(14) node_modules/egg/config/config.default.js",
    "start": 1565003894372,
    "end": 1565003894373,
    "duration": 1,
    "pid": 18436,
    "index": 17
  },
  {
    "name": "Require(15) config/config.default.js",
    "start": 1565003894375,
    "end": 1565003894375,
    "duration": 0,
    "pid": 18436,
    "index": 18
  },
  {
    "name": "Require(16) node_modules/egg-static/config/config.prod.js",
    "start": 1565003894386,
    "end": 1565003894387,
    "duration": 1,
    "pid": 18436,
    "index": 19
  },
  {
    "name": "Load extend/application.js",
    "start": 1565003894395,
    "end": 1565003894474,
    "duration": 79,
    "pid": 18436,
    "index": 20
  },
  {
    "name": "Require(17) node_modules/egg-session/app/extend/application.js",
    "start": 1565003894397,
    "end": 1565003894398,
    "duration": 1,
    "pid": 18436,
    "index": 21
  },
  {
    "name": "Require(18) node_modules/egg-security/app/extend/application.js",
    "start": 1565003894400,
    "end": 1565003894404,
    "duration": 4,
    "pid": 18436,
    "index": 22
  },
  {
    "name": "Require(19) node_modules/egg-jsonp/app/extend/application.js",
    "start": 1565003894406,
    "end": 1565003894413,
    "duration": 7,
    "pid": 18436,
    "index": 23
  },
  {
    "name": "Require(20) node_modules/egg-logrotator/app/extend/application.js",
    "start": 1565003894420,
    "end": 1565003894446,
    "duration": 26,
    "pid": 18436,
    "index": 24
  },
  {
    "name": "Require(21) node_modules/egg-view/app/extend/application.js",
    "start": 1565003894450,
    "end": 1565003894457,
    "duration": 7,
    "pid": 18436,
    "index": 25
  },
  {
    "name": "Load extend/request.js",
    "start": 1565003894474,
    "end": 1565003894506,
    "duration": 32,
    "pid": 18436,
    "index": 26
  },
  {
    "name": "Require(22) node_modules/egg/app/extend/request.js",
    "start": 1565003894487,
    "end": 1565003894492,
    "duration": 5,
    "pid": 18436,
    "index": 27
  },
  {
    "name": "Load extend/response.js",
    "start": 1565003894506,
    "end": 1565003894581,
    "duration": 75,
    "pid": 18436,
    "index": 28
  },
  {
    "name": "Require(23) node_modules/egg/app/extend/response.js",
    "start": 1565003894526,
    "end": 1565003894548,
    "duration": 22,
    "pid": 18436,
    "index": 29
  },
  {
    "name": "Load extend/context.js",
    "start": 1565003894581,
    "end": 1565003894813,
    "duration": 232,
    "pid": 18436,
    "index": 30
  },
  {
    "name": "Require(24) node_modules/egg-security/app/extend/context.js",
    "start": 1565003894584,
    "end": 1565003894646,
    "duration": 62,
    "pid": 18436,
    "index": 31
  },
  {
    "name": "Require(25) node_modules/egg-jsonp/app/extend/context.js",
    "start": 1565003894647,
    "end": 1565003894652,
    "duration": 5,
    "pid": 18436,
    "index": 32
  },
  {
    "name": "Require(26) node_modules/egg-i18n/app/extend/context.js",
    "start": 1565003894654,
    "end": 1565003894655,
    "duration": 1,
    "pid": 18436,
    "index": 33
  },
  {
    "name": "Require(27) node_modules/egg-multipart/app/extend/context.js",
    "start": 1565003894658,
    "end": 1565003894779,
    "duration": 121,
    "pid": 18436,
    "index": 34
  },
  {
    "name": "Require(28) node_modules/egg-view/app/extend/context.js",
    "start": 1565003894781,
    "end": 1565003894784,
    "duration": 3,
    "pid": 18436,
    "index": 35
  },
  {
    "name": "Require(29) node_modules/egg-validate/app/extend/context.js",
    "start": 1565003894786,
    "end": 1565003894787,
    "duration": 1,
    "pid": 18436,
    "index": 36
  },
  {
    "name": "Require(30) node_modules/egg/app/extend/context.js",
    "start": 1565003894789,
    "end": 1565003894799,
    "duration": 10,
    "pid": 18436,
    "index": 37
  },
  {
    "name": "Load extend/helper.js",
    "start": 1565003894814,
    "end": 1565003894896,
    "duration": 82,
    "pid": 18436,
    "index": 38
  },
  {
    "name": "Require(31) node_modules/egg-security/app/extend/helper.js",
    "start": 1565003894816,
    "end": 1565003894870,
    "duration": 54,
    "pid": 18436,
    "index": 39
  },
  {
    "name": "Require(32) node_modules/egg/app/extend/helper.js",
    "start": 1565003894881,
    "end": 1565003894882,
    "duration": 1,
    "pid": 18436,
    "index": 40
  },
  {
    "name": "Load app.js",
    "start": 1565003894896,
    "end": 1565003895115,
    "duration": 219,
    "pid": 18436,
    "index": 41
  },
  {
    "name": "Require(33) node_modules/egg-session/app.js",
    "start": 1565003894897,
    "end": 1565003894898,
    "duration": 1,
    "pid": 18436,
    "index": 42
  },
  {
    "name": "Require(34) node_modules/egg-security/app.js",
    "start": 1565003894899,
    "end": 1565003894907,
    "duration": 8,
    "pid": 18436,
    "index": 43
  },
  {
    "name": "Require(35) node_modules/egg-onerror/app.js",
    "start": 1565003894910,
    "end": 1565003894953,
    "duration": 43,
    "pid": 18436,
    "index": 44
  },
  {
    "name": "Require(36) node_modules/egg-i18n/app.js",
    "start": 1565003894955,
    "end": 1565003895009,
    "duration": 54,
    "pid": 18436,
    "index": 45
  },
  {
    "name": "Require(37) node_modules/egg-watcher/app.js",
    "start": 1565003895010,
    "end": 1565003895026,
    "duration": 16,
    "pid": 18436,
    "index": 46
  },
  {
    "name": "Require(38) node_modules/egg-schedule/app.js",
    "start": 1565003895027,
    "end": 1565003895034,
    "duration": 7,
    "pid": 18436,
    "index": 47
  },
  {
    "name": "Require(39) node_modules/egg-multipart/app.js",
    "start": 1565003895035,
    "end": 1565003895045,
    "duration": 10,
    "pid": 18436,
    "index": 48
  },
  {
    "name": "Require(40) node_modules/egg-logrotator/app.js",
    "start": 1565003895046,
    "end": 1565003895046,
    "duration": 0,
    "pid": 18436,
    "index": 49
  },
  {
    "name": "Require(41) node_modules/egg-static/app.js",
    "start": 1565003895048,
    "end": 1565003895048,
    "duration": 0,
    "pid": 18436,
    "index": 50
  },
  {
    "name": "Require(42) node_modules/egg-validate/app.js",
    "start": 1565003895052,
    "end": 1565003895058,
    "duration": 6,
    "pid": 18436,
    "index": 51
  },
  {
    "name": "Require(43) node_modules/egg-cors/app.js",
    "start": 1565003895059,
    "end": 1565003895060,
    "duration": 1,
    "pid": 18436,
    "index": 52
  },
  {
    "name": "Require(44) node_modules/egg-mysql/app.js",
    "start": 1565003895061,
    "end": 1565003895111,
    "duration": 50,
    "pid": 18436,
    "index": 53
  },
  {
    "name": "Before Start in node_modules/egg-watcher/lib/init.js:15:14",
    "start": 1565003895155,
    "end": 1565003896128,
    "duration": 973,
    "pid": 18436,
    "index": 54
  },
  {
    "name": "Before Start in node_modules/egg-mysql/lib/mysql.js:20:7",
    "start": 1565003895492,
    "end": 1565003896131,
    "duration": 639,
    "pid": 18436,
    "index": 55
  },
  {
    "name": "Load Service",
    "start": 1565003895493,
    "end": 1565003895563,
    "duration": 70,
    "pid": 18436,
    "index": 56
  },
  {
    "name": "Load \"service\" to Context",
    "start": 1565003895493,
    "end": 1565003895563,
    "duration": 70,
    "pid": 18436,
    "index": 57
  },
  {
    "name": "Load Middleware",
    "start": 1565003895563,
    "end": 1565003896039,
    "duration": 476,
    "pid": 18436,
    "index": 58
  },
  {
    "name": "Load \"middlewares\" to Application",
    "start": 1565003895564,
    "end": 1565003896008,
    "duration": 444,
    "pid": 18436,
    "index": 59
  },
  {
    "name": "Load Controller",
    "start": 1565003896039,
    "end": 1565003896083,
    "duration": 44,
    "pid": 18436,
    "index": 60
  },
  {
    "name": "Load \"controller\" to Application",
    "start": 1565003896040,
    "end": 1565003896083,
    "duration": 43,
    "pid": 18436,
    "index": 61
  },
  {
    "name": "Load Router",
    "start": 1565003896083,
    "end": 1565003896087,
    "duration": 4,
    "pid": 18436,
    "index": 62
  },
  {
    "name": "Require(45) app/router.js",
    "start": 1565003896084,
    "end": 1565003896084,
    "duration": 0,
    "pid": 18436,
    "index": 63
  },
  {
    "name": "Before Start in node_modules/egg-core/lib/egg.js:303:10",
    "start": 1565003896085,
    "end": 1565003896105,
    "duration": 20,
    "pid": 18436,
    "index": 64
  }
]