[
  {
    "name": "Application Start",
    "start": 1561425482269,
    "end": 1561425483716,
    "duration": 1447,
    "pid": 6112,
    "index": 0
  },
  {
    "name": "Load Plugin",
    "start": 1561425482276,
    "end": 1561425482350,
    "duration": 74,
    "pid": 6112,
    "index": 1
  },
  {
    "name": "Load Config",
    "start": 1561425482350,
    "end": 1561425482406,
    "duration": 56,
    "pid": 6112,
    "index": 2
  },
  {
    "name": "Require(0) config/config.default.js",
    "start": 1561425482360,
    "end": 1561425482360,
    "duration": 0,
    "pid": 6112,
    "index": 3
  },
  {
    "name": "Require(1) node_modules/egg-session/config/config.default.js",
    "start": 1561425482360,
    "end": 1561425482360,
    "duration": 0,
    "pid": 6112,
    "index": 4
  },
  {
    "name": "Require(2) node_modules/egg-security/config/config.default.js",
    "start": 1561425482370,
    "end": 1561425482371,
    "duration": 1,
    "pid": 6112,
    "index": 5
  },
  {
    "name": "Require(3) node_modules/egg-jsonp/config/config.default.js",
    "start": 1561425482373,
    "end": 1561425482374,
    "duration": 1,
    "pid": 6112,
    "index": 6
  },
  {
    "name": "Require(4) node_modules/egg-onerror/config/config.default.js",
    "start": 1561425482375,
    "end": 1561425482375,
    "duration": 0,
    "pid": 6112,
    "index": 7
  },
  {
    "name": "Require(5) node_modules/egg-i18n/config/config.default.js",
    "start": 1561425482376,
    "end": 1561425482377,
    "duration": 1,
    "pid": 6112,
    "index": 8
  },
  {
    "name": "Require(6) node_modules/egg-watcher/config/config.default.js",
    "start": 1561425482378,
    "end": 1561425482379,
    "duration": 1,
    "pid": 6112,
    "index": 9
  },
  {
    "name": "Require(7) node_modules/egg-schedule/config/config.default.js",
    "start": 1561425482381,
    "end": 1561425482381,
    "duration": 0,
    "pid": 6112,
    "index": 10
  },
  {
    "name": "Require(8) node_modules/egg-multipart/config/config.default.js",
    "start": 1561425482387,
    "end": 1561425482388,
    "duration": 1,
    "pid": 6112,
    "index": 11
  },
  {
    "name": "Require(9) node_modules/egg-logrotator/config/config.default.js",
    "start": 1561425482388,
    "end": 1561425482388,
    "duration": 0,
    "pid": 6112,
    "index": 12
  },
  {
    "name": "Require(10) node_modules/egg-static/config/config.default.js",
    "start": 1561425482388,
    "end": 1561425482388,
    "duration": 0,
    "pid": 6112,
    "index": 13
  },
  {
    "name": "Require(11) node_modules/egg-view/config/config.default.js",
    "start": 1561425482388,
    "end": 1561425482388,
    "duration": 0,
    "pid": 6112,
    "index": 14
  },
  {
    "name": "Require(12) node_modules/egg-cors/config/config.default.js",
    "start": 1561425482388,
    "end": 1561425482388,
    "duration": 0,
    "pid": 6112,
    "index": 15
  },
  {
    "name": "Require(13) node_modules/egg-mysql/config/config.default.js",
    "start": 1561425482398,
    "end": 1561425482398,
    "duration": 0,
    "pid": 6112,
    "index": 16
  },
  {
    "name": "Require(14) node_modules/egg/config/config.default.js",
    "start": 1561425482399,
    "end": 1561425482400,
    "duration": 1,
    "pid": 6112,
    "index": 17
  },
  {
    "name": "Require(15) config/config.default.js",
    "start": 1561425482402,
    "end": 1561425482402,
    "duration": 0,
    "pid": 6112,
    "index": 18
  },
  {
    "name": "Require(16) node_modules/egg-static/config/config.prod.js",
    "start": 1561425482405,
    "end": 1561425482405,
    "duration": 0,
    "pid": 6112,
    "index": 19
  },
  {
    "name": "Load extend/application.js",
    "start": 1561425482409,
    "end": 1561425482425,
    "duration": 16,
    "pid": 6112,
    "index": 20
  },
  {
    "name": "Require(17) node_modules/egg-session/app/extend/application.js",
    "start": 1561425482410,
    "end": 1561425482411,
    "duration": 1,
    "pid": 6112,
    "index": 21
  },
  {
    "name": "Require(18) node_modules/egg-security/app/extend/application.js",
    "start": 1561425482411,
    "end": 1561425482413,
    "duration": 2,
    "pid": 6112,
    "index": 22
  },
  {
    "name": "Require(19) node_modules/egg-jsonp/app/extend/application.js",
    "start": 1561425482413,
    "end": 1561425482415,
    "duration": 2,
    "pid": 6112,
    "index": 23
  },
  {
    "name": "Require(20) node_modules/egg-logrotator/app/extend/application.js",
    "start": 1561425482416,
    "end": 1561425482418,
    "duration": 2,
    "pid": 6112,
    "index": 24
  },
  {
    "name": "Require(21) node_modules/egg-view/app/extend/application.js",
    "start": 1561425482419,
    "end": 1561425482421,
    "duration": 2,
    "pid": 6112,
    "index": 25
  },
  {
    "name": "Load extend/request.js",
    "start": 1561425482425,
    "end": 1561425482432,
    "duration": 7,
    "pid": 6112,
    "index": 26
  },
  {
    "name": "Require(22) node_modules/egg/app/extend/request.js",
    "start": 1561425482429,
    "end": 1561425482430,
    "duration": 1,
    "pid": 6112,
    "index": 27
  },
  {
    "name": "Load extend/response.js",
    "start": 1561425482432,
    "end": 1561425482446,
    "duration": 14,
    "pid": 6112,
    "index": 28
  },
  {
    "name": "Require(23) node_modules/egg/app/extend/response.js",
    "start": 1561425482432,
    "end": 1561425482432,
    "duration": 0,
    "pid": 6112,
    "index": 29
  },
  {
    "name": "Load extend/context.js",
    "start": 1561425482446,
    "end": 1561425482549,
    "duration": 103,
    "pid": 6112,
    "index": 30
  },
  {
    "name": "Require(24) node_modules/egg-security/app/extend/context.js",
    "start": 1561425482447,
    "end": 1561425482462,
    "duration": 15,
    "pid": 6112,
    "index": 31
  },
  {
    "name": "Require(25) node_modules/egg-jsonp/app/extend/context.js",
    "start": 1561425482463,
    "end": 1561425482465,
    "duration": 2,
    "pid": 6112,
    "index": 32
  },
  {
    "name": "Require(26) node_modules/egg-i18n/app/extend/context.js",
    "start": 1561425482465,
    "end": 1561425482466,
    "duration": 1,
    "pid": 6112,
    "index": 33
  },
  {
    "name": "Require(27) node_modules/egg-multipart/app/extend/context.js",
    "start": 1561425482467,
    "end": 1561425482548,
    "duration": 81,
    "pid": 6112,
    "index": 34
  },
  {
    "name": "Require(28) node_modules/egg-view/app/extend/context.js",
    "start": 1561425482549,
    "end": 1561425482549,
    "duration": 0,
    "pid": 6112,
    "index": 35
  },
  {
    "name": "Require(29) node_modules/egg-validate/app/extend/context.js",
    "start": 1561425482549,
    "end": 1561425482549,
    "duration": 0,
    "pid": 6112,
    "index": 36
  },
  {
    "name": "Require(30) node_modules/egg/app/extend/context.js",
    "start": 1561425482549,
    "end": 1561425482549,
    "duration": 0,
    "pid": 6112,
    "index": 37
  },
  {
    "name": "Load extend/helper.js",
    "start": 1561425482549,
    "end": 1561425482611,
    "duration": 62,
    "pid": 6112,
    "index": 38
  },
  {
    "name": "Require(31) node_modules/egg-security/app/extend/helper.js",
    "start": 1561425482549,
    "end": 1561425482604,
    "duration": 55,
    "pid": 6112,
    "index": 39
  },
  {
    "name": "Require(32) node_modules/egg/app/extend/helper.js",
    "start": 1561425482607,
    "end": 1561425482608,
    "duration": 1,
    "pid": 6112,
    "index": 40
  },
  {
    "name": "Load app.js",
    "start": 1561425482611,
    "end": 1561425482755,
    "duration": 144,
    "pid": 6112,
    "index": 41
  },
  {
    "name": "Require(33) node_modules/egg-session/app.js",
    "start": 1561425482611,
    "end": 1561425482611,
    "duration": 0,
    "pid": 6112,
    "index": 42
  },
  {
    "name": "Require(34) node_modules/egg-security/app.js",
    "start": 1561425482611,
    "end": 1561425482611,
    "duration": 0,
    "pid": 6112,
    "index": 43
  },
  {
    "name": "Require(35) node_modules/egg-onerror/app.js",
    "start": 1561425482621,
    "end": 1561425482662,
    "duration": 41,
    "pid": 6112,
    "index": 44
  },
  {
    "name": "Require(36) node_modules/egg-i18n/app.js",
    "start": 1561425482663,
    "end": 1561425482695,
    "duration": 32,
    "pid": 6112,
    "index": 45
  },
  {
    "name": "Require(37) node_modules/egg-watcher/app.js",
    "start": 1561425482695,
    "end": 1561425482700,
    "duration": 5,
    "pid": 6112,
    "index": 46
  },
  {
    "name": "Require(38) node_modules/egg-schedule/app.js",
    "start": 1561425482700,
    "end": 1561425482702,
    "duration": 2,
    "pid": 6112,
    "index": 47
  },
  {
    "name": "Require(39) node_modules/egg-multipart/app.js",
    "start": 1561425482703,
    "end": 1561425482710,
    "duration": 7,
    "pid": 6112,
    "index": 48
  },
  {
    "name": "Require(40) node_modules/egg-logrotator/app.js",
    "start": 1561425482710,
    "end": 1561425482711,
    "duration": 1,
    "pid": 6112,
    "index": 49
  },
  {
    "name": "Require(41) node_modules/egg-static/app.js",
    "start": 1561425482713,
    "end": 1561425482714,
    "duration": 1,
    "pid": 6112,
    "index": 50
  },
  {
    "name": "Require(42) node_modules/egg-validate/app.js",
    "start": 1561425482716,
    "end": 1561425482724,
    "duration": 8,
    "pid": 6112,
    "index": 51
  },
  {
    "name": "Require(43) node_modules/egg-cors/app.js",
    "start": 1561425482726,
    "end": 1561425482727,
    "duration": 1,
    "pid": 6112,
    "index": 52
  },
  {
    "name": "Require(44) node_modules/egg-mysql/app.js",
    "start": 1561425482728,
    "end": 1561425482754,
    "duration": 26,
    "pid": 6112,
    "index": 53
  },
  {
    "name": "Before Start in node_modules/egg-watcher/lib/init.js:15:14",
    "start": 1561425482786,
    "end": 1561425483641,
    "duration": 855,
    "pid": 6112,
    "index": 54
  },
  {
    "name": "Before Start in node_modules/egg-mysql/lib/mysql.js:20:7",
    "start": 1561425483063,
    "end": 1561425483715,
    "duration": 652,
    "pid": 6112,
    "index": 55
  },
  {
    "name": "Load Service",
    "start": 1561425483064,
    "end": 1561425483149,
    "duration": 85,
    "pid": 6112,
    "index": 56
  },
  {
    "name": "Load \"service\" to Context",
    "start": 1561425483064,
    "end": 1561425483149,
    "duration": 85,
    "pid": 6112,
    "index": 57
  },
  {
    "name": "Load Middleware",
    "start": 1561425483149,
    "end": 1561425483506,
    "duration": 357,
    "pid": 6112,
    "index": 58
  },
  {
    "name": "Load \"middlewares\" to Application",
    "start": 1561425483150,
    "end": 1561425483487,
    "duration": 337,
    "pid": 6112,
    "index": 59
  },
  {
    "name": "Load Controller",
    "start": 1561425483506,
    "end": 1561425483534,
    "duration": 28,
    "pid": 6112,
    "index": 60
  },
  {
    "name": "Load \"controller\" to Application",
    "start": 1561425483506,
    "end": 1561425483534,
    "duration": 28,
    "pid": 6112,
    "index": 61
  },
  {
    "name": "Load Router",
    "start": 1561425483534,
    "end": 1561425483541,
    "duration": 7,
    "pid": 6112,
    "index": 62
  },
  {
    "name": "Require(45) app/router.js",
    "start": 1561425483535,
    "end": 1561425483535,
    "duration": 0,
    "pid": 6112,
    "index": 63
  },
  {
    "name": "Before Start in node_modules/egg-core/lib/egg.js:303:10",
    "start": 1561425483536,
    "end": 1561425483588,
    "duration": 52,
    "pid": 6112,
    "index": 64
  }
]