[
  {
    "name": "Application Start",
    "start": 1565169289478,
    "end": 1565169291620,
    "duration": 2142,
    "pid": 12004,
    "index": 0
  },
  {
    "name": "Load Plugin",
    "start": 1565169289494,
    "end": 1565169289605,
    "duration": 111,
    "pid": 12004,
    "index": 1
  },
  {
    "name": "Load Config",
    "start": 1565169289605,
    "end": 1565169289691,
    "duration": 86,
    "pid": 12004,
    "index": 2
  },
  {
    "name": "Require(0) config/config.default.js",
    "start": 1565169289608,
    "end": 1565169289609,
    "duration": 1,
    "pid": 12004,
    "index": 3
  },
  {
    "name": "Require(1) node_modules/egg-session/config/config.default.js",
    "start": 1565169289618,
    "end": 1565169289619,
    "duration": 1,
    "pid": 12004,
    "index": 4
  },
  {
    "name": "Require(2) node_modules/egg-security/config/config.default.js",
    "start": 1565169289622,
    "end": 1565169289623,
    "duration": 1,
    "pid": 12004,
    "index": 5
  },
  {
    "name": "Require(3) node_modules/egg-jsonp/config/config.default.js",
    "start": 1565169289627,
    "end": 1565169289628,
    "duration": 1,
    "pid": 12004,
    "index": 6
  },
  {
    "name": "Require(4) node_modules/egg-onerror/config/config.default.js",
    "start": 1565169289630,
    "end": 1565169289635,
    "duration": 5,
    "pid": 12004,
    "index": 7
  },
  {
    "name": "Require(5) node_modules/egg-i18n/config/config.default.js",
    "start": 1565169289637,
    "end": 1565169289638,
    "duration": 1,
    "pid": 12004,
    "index": 8
  },
  {
    "name": "Require(6) node_modules/egg-watcher/config/config.default.js",
    "start": 1565169289640,
    "end": 1565169289641,
    "duration": 1,
    "pid": 12004,
    "index": 9
  },
  {
    "name": "Require(7) node_modules/egg-schedule/config/config.default.js",
    "start": 1565169289643,
    "end": 1565169289644,
    "duration": 1,
    "pid": 12004,
    "index": 10
  },
  {
    "name": "Require(8) node_modules/egg-multipart/config/config.default.js",
    "start": 1565169289646,
    "end": 1565169289646,
    "duration": 0,
    "pid": 12004,
    "index": 11
  },
  {
    "name": "Require(9) node_modules/egg-logrotator/config/config.default.js",
    "start": 1565169289650,
    "end": 1565169289651,
    "duration": 1,
    "pid": 12004,
    "index": 12
  },
  {
    "name": "Require(10) node_modules/egg-static/config/config.default.js",
    "start": 1565169289653,
    "end": 1565169289653,
    "duration": 0,
    "pid": 12004,
    "index": 13
  },
  {
    "name": "Require(11) node_modules/egg-view/config/config.default.js",
    "start": 1565169289655,
    "end": 1565169289656,
    "duration": 1,
    "pid": 12004,
    "index": 14
  },
  {
    "name": "Require(12) node_modules/egg-cors/config/config.default.js",
    "start": 1565169289660,
    "end": 1565169289660,
    "duration": 0,
    "pid": 12004,
    "index": 15
  },
  {
    "name": "Require(13) node_modules/egg-mysql/config/config.default.js",
    "start": 1565169289662,
    "end": 1565169289663,
    "duration": 1,
    "pid": 12004,
    "index": 16
  },
  {
    "name": "Require(14) node_modules/egg/config/config.default.js",
    "start": 1565169289665,
    "end": 1565169289669,
    "duration": 4,
    "pid": 12004,
    "index": 17
  },
  {
    "name": "Require(15) config/config.default.js",
    "start": 1565169289672,
    "end": 1565169289672,
    "duration": 0,
    "pid": 12004,
    "index": 18
  },
  {
    "name": "Require(16) node_modules/egg-static/config/config.prod.js",
    "start": 1565169289684,
    "end": 1565169289685,
    "duration": 1,
    "pid": 12004,
    "index": 19
  },
  {
    "name": "Load extend/application.js",
    "start": 1565169289693,
    "end": 1565169289782,
    "duration": 89,
    "pid": 12004,
    "index": 20
  },
  {
    "name": "Require(17) node_modules/egg-session/app/extend/application.js",
    "start": 1565169289695,
    "end": 1565169289696,
    "duration": 1,
    "pid": 12004,
    "index": 21
  },
  {
    "name": "Require(18) node_modules/egg-security/app/extend/application.js",
    "start": 1565169289700,
    "end": 1565169289703,
    "duration": 3,
    "pid": 12004,
    "index": 22
  },
  {
    "name": "Require(19) node_modules/egg-jsonp/app/extend/application.js",
    "start": 1565169289705,
    "end": 1565169289712,
    "duration": 7,
    "pid": 12004,
    "index": 23
  },
  {
    "name": "Require(20) node_modules/egg-logrotator/app/extend/application.js",
    "start": 1565169289721,
    "end": 1565169289750,
    "duration": 29,
    "pid": 12004,
    "index": 24
  },
  {
    "name": "Require(21) node_modules/egg-view/app/extend/application.js",
    "start": 1565169289754,
    "end": 1565169289759,
    "duration": 5,
    "pid": 12004,
    "index": 25
  },
  {
    "name": "Load extend/request.js",
    "start": 1565169289782,
    "end": 1565169289819,
    "duration": 37,
    "pid": 12004,
    "index": 26
  },
  {
    "name": "Require(22) node_modules/egg/app/extend/request.js",
    "start": 1565169289797,
    "end": 1565169289802,
    "duration": 5,
    "pid": 12004,
    "index": 27
  },
  {
    "name": "Load extend/response.js",
    "start": 1565169289819,
    "end": 1565169289854,
    "duration": 35,
    "pid": 12004,
    "index": 28
  },
  {
    "name": "Require(23) node_modules/egg/app/extend/response.js",
    "start": 1565169289832,
    "end": 1565169289839,
    "duration": 7,
    "pid": 12004,
    "index": 29
  },
  {
    "name": "Load extend/context.js",
    "start": 1565169289854,
    "end": 1565169290132,
    "duration": 278,
    "pid": 12004,
    "index": 30
  },
  {
    "name": "Require(24) node_modules/egg-security/app/extend/context.js",
    "start": 1565169289856,
    "end": 1565169289923,
    "duration": 67,
    "pid": 12004,
    "index": 31
  },
  {
    "name": "Require(25) node_modules/egg-jsonp/app/extend/context.js",
    "start": 1565169289924,
    "end": 1565169289930,
    "duration": 6,
    "pid": 12004,
    "index": 32
  },
  {
    "name": "Require(26) node_modules/egg-i18n/app/extend/context.js",
    "start": 1565169289934,
    "end": 1565169289935,
    "duration": 1,
    "pid": 12004,
    "index": 33
  },
  {
    "name": "Require(27) node_modules/egg-multipart/app/extend/context.js",
    "start": 1565169289938,
    "end": 1565169290083,
    "duration": 145,
    "pid": 12004,
    "index": 34
  },
  {
    "name": "Require(28) node_modules/egg-view/app/extend/context.js",
    "start": 1565169290085,
    "end": 1565169290088,
    "duration": 3,
    "pid": 12004,
    "index": 35
  },
  {
    "name": "Require(29) node_modules/egg-validate/app/extend/context.js",
    "start": 1565169290090,
    "end": 1565169290091,
    "duration": 1,
    "pid": 12004,
    "index": 36
  },
  {
    "name": "Require(30) node_modules/egg/app/extend/context.js",
    "start": 1565169290093,
    "end": 1565169290109,
    "duration": 16,
    "pid": 12004,
    "index": 37
  },
  {
    "name": "Load extend/helper.js",
    "start": 1565169290132,
    "end": 1565169290225,
    "duration": 93,
    "pid": 12004,
    "index": 38
  },
  {
    "name": "Require(31) node_modules/egg-security/app/extend/helper.js",
    "start": 1565169290134,
    "end": 1565169290196,
    "duration": 62,
    "pid": 12004,
    "index": 39
  },
  {
    "name": "Require(32) node_modules/egg/app/extend/helper.js",
    "start": 1565169290211,
    "end": 1565169290212,
    "duration": 1,
    "pid": 12004,
    "index": 40
  },
  {
    "name": "Load app.js",
    "start": 1565169290226,
    "end": 1565169290428,
    "duration": 202,
    "pid": 12004,
    "index": 41
  },
  {
    "name": "Require(33) node_modules/egg-session/app.js",
    "start": 1565169290227,
    "end": 1565169290227,
    "duration": 0,
    "pid": 12004,
    "index": 42
  },
  {
    "name": "Require(34) node_modules/egg-security/app.js",
    "start": 1565169290229,
    "end": 1565169290236,
    "duration": 7,
    "pid": 12004,
    "index": 43
  },
  {
    "name": "Require(35) node_modules/egg-onerror/app.js",
    "start": 1565169290239,
    "end": 1565169290275,
    "duration": 36,
    "pid": 12004,
    "index": 44
  },
  {
    "name": "Require(36) node_modules/egg-i18n/app.js",
    "start": 1565169290277,
    "end": 1565169290315,
    "duration": 38,
    "pid": 12004,
    "index": 45
  },
  {
    "name": "Require(37) node_modules/egg-watcher/app.js",
    "start": 1565169290316,
    "end": 1565169290333,
    "duration": 17,
    "pid": 12004,
    "index": 46
  },
  {
    "name": "Require(38) node_modules/egg-schedule/app.js",
    "start": 1565169290334,
    "end": 1565169290340,
    "duration": 6,
    "pid": 12004,
    "index": 47
  },
  {
    "name": "Require(39) node_modules/egg-multipart/app.js",
    "start": 1565169290341,
    "end": 1565169290352,
    "duration": 11,
    "pid": 12004,
    "index": 48
  },
  {
    "name": "Require(40) node_modules/egg-logrotator/app.js",
    "start": 1565169290354,
    "end": 1565169290354,
    "duration": 0,
    "pid": 12004,
    "index": 49
  },
  {
    "name": "Require(41) node_modules/egg-static/app.js",
    "start": 1565169290355,
    "end": 1565169290356,
    "duration": 1,
    "pid": 12004,
    "index": 50
  },
  {
    "name": "Require(42) node_modules/egg-validate/app.js",
    "start": 1565169290359,
    "end": 1565169290365,
    "duration": 6,
    "pid": 12004,
    "index": 51
  },
  {
    "name": "Require(43) node_modules/egg-cors/app.js",
    "start": 1565169290366,
    "end": 1565169290367,
    "duration": 1,
    "pid": 12004,
    "index": 52
  },
  {
    "name": "Require(44) node_modules/egg-mysql/app.js",
    "start": 1565169290368,
    "end": 1565169290424,
    "duration": 56,
    "pid": 12004,
    "index": 53
  },
  {
    "name": "Before Start in node_modules/egg-watcher/lib/init.js:15:14",
    "start": 1565169290473,
    "end": 1565169291611,
    "duration": 1138,
    "pid": 12004,
    "index": 54
  },
  {
    "name": "Before Start in node_modules/egg-mysql/lib/mysql.js:20:7",
    "start": 1565169290859,
    "end": 1565169291617,
    "duration": 758,
    "pid": 12004,
    "index": 55
  },
  {
    "name": "Load Service",
    "start": 1565169290860,
    "end": 1565169290923,
    "duration": 63,
    "pid": 12004,
    "index": 56
  },
  {
    "name": "Load \"service\" to Context",
    "start": 1565169290860,
    "end": 1565169290923,
    "duration": 63,
    "pid": 12004,
    "index": 57
  },
  {
    "name": "Load Middleware",
    "start": 1565169290924,
    "end": 1565169291457,
    "duration": 533,
    "pid": 12004,
    "index": 58
  },
  {
    "name": "Load \"middlewares\" to Application",
    "start": 1565169290924,
    "end": 1565169291405,
    "duration": 481,
    "pid": 12004,
    "index": 59
  },
  {
    "name": "Load Controller",
    "start": 1565169291457,
    "end": 1565169291524,
    "duration": 67,
    "pid": 12004,
    "index": 60
  },
  {
    "name": "Load \"controller\" to Application",
    "start": 1565169291458,
    "end": 1565169291524,
    "duration": 66,
    "pid": 12004,
    "index": 61
  },
  {
    "name": "Load Router",
    "start": 1565169291524,
    "end": 1565169291533,
    "duration": 9,
    "pid": 12004,
    "index": 62
  },
  {
    "name": "Require(45) app/router.js",
    "start": 1565169291525,
    "end": 1565169291527,
    "duration": 2,
    "pid": 12004,
    "index": 63
  },
  {
    "name": "Before Start in node_modules/egg-core/lib/egg.js:303:10",
    "start": 1565169291528,
    "end": 1565169291568,
    "duration": 40,
    "pid": 12004,
    "index": 64
  }
]