[
  {
    "name": "Application Start",
    "start": 1565141993764,
    "end": 1565141995700,
    "duration": 1936,
    "pid": 7684,
    "index": 0
  },
  {
    "name": "Load Plugin",
    "start": 1565141993779,
    "end": 1565141993900,
    "duration": 121,
    "pid": 7684,
    "index": 1
  },
  {
    "name": "Load Config",
    "start": 1565141993900,
    "end": 1565141993967,
    "duration": 67,
    "pid": 7684,
    "index": 2
  },
  {
    "name": "Require(0) config/config.default.js",
    "start": 1565141993902,
    "end": 1565141993903,
    "duration": 1,
    "pid": 7684,
    "index": 3
  },
  {
    "name": "Require(1) node_modules/egg-session/config/config.default.js",
    "start": 1565141993908,
    "end": 1565141993908,
    "duration": 0,
    "pid": 7684,
    "index": 4
  },
  {
    "name": "Require(2) node_modules/egg-security/config/config.default.js",
    "start": 1565141993910,
    "end": 1565141993911,
    "duration": 1,
    "pid": 7684,
    "index": 5
  },
  {
    "name": "Require(3) node_modules/egg-jsonp/config/config.default.js",
    "start": 1565141993914,
    "end": 1565141993915,
    "duration": 1,
    "pid": 7684,
    "index": 6
  },
  {
    "name": "Require(4) node_modules/egg-onerror/config/config.default.js",
    "start": 1565141993916,
    "end": 1565141993917,
    "duration": 1,
    "pid": 7684,
    "index": 7
  },
  {
    "name": "Require(5) node_modules/egg-i18n/config/config.default.js",
    "start": 1565141993919,
    "end": 1565141993919,
    "duration": 0,
    "pid": 7684,
    "index": 8
  },
  {
    "name": "Require(6) node_modules/egg-watcher/config/config.default.js",
    "start": 1565141993922,
    "end": 1565141993923,
    "duration": 1,
    "pid": 7684,
    "index": 9
  },
  {
    "name": "Require(7) node_modules/egg-schedule/config/config.default.js",
    "start": 1565141993925,
    "end": 1565141993925,
    "duration": 0,
    "pid": 7684,
    "index": 10
  },
  {
    "name": "Require(8) node_modules/egg-multipart/config/config.default.js",
    "start": 1565141993927,
    "end": 1565141993928,
    "duration": 1,
    "pid": 7684,
    "index": 11
  },
  {
    "name": "Require(9) node_modules/egg-logrotator/config/config.default.js",
    "start": 1565141993930,
    "end": 1565141993931,
    "duration": 1,
    "pid": 7684,
    "index": 12
  },
  {
    "name": "Require(10) node_modules/egg-static/config/config.default.js",
    "start": 1565141993933,
    "end": 1565141993934,
    "duration": 1,
    "pid": 7684,
    "index": 13
  },
  {
    "name": "Require(11) node_modules/egg-view/config/config.default.js",
    "start": 1565141993936,
    "end": 1565141993936,
    "duration": 0,
    "pid": 7684,
    "index": 14
  },
  {
    "name": "Require(12) node_modules/egg-cors/config/config.default.js",
    "start": 1565141993941,
    "end": 1565141993942,
    "duration": 1,
    "pid": 7684,
    "index": 15
  },
  {
    "name": "Require(13) node_modules/egg-mysql/config/config.default.js",
    "start": 1565141993944,
    "end": 1565141993944,
    "duration": 0,
    "pid": 7684,
    "index": 16
  },
  {
    "name": "Require(14) node_modules/egg/config/config.default.js",
    "start": 1565141993946,
    "end": 1565141993947,
    "duration": 1,
    "pid": 7684,
    "index": 17
  },
  {
    "name": "Require(15) config/config.default.js",
    "start": 1565141993950,
    "end": 1565141993950,
    "duration": 0,
    "pid": 7684,
    "index": 18
  },
  {
    "name": "Require(16) node_modules/egg-static/config/config.prod.js",
    "start": 1565141993961,
    "end": 1565141993961,
    "duration": 0,
    "pid": 7684,
    "index": 19
  },
  {
    "name": "Load extend/application.js",
    "start": 1565141993969,
    "end": 1565141994039,
    "duration": 70,
    "pid": 7684,
    "index": 20
  },
  {
    "name": "Require(17) node_modules/egg-session/app/extend/application.js",
    "start": 1565141993971,
    "end": 1565141993972,
    "duration": 1,
    "pid": 7684,
    "index": 21
  },
  {
    "name": "Require(18) node_modules/egg-security/app/extend/application.js",
    "start": 1565141993974,
    "end": 1565141993978,
    "duration": 4,
    "pid": 7684,
    "index": 22
  },
  {
    "name": "Require(19) node_modules/egg-jsonp/app/extend/application.js",
    "start": 1565141993980,
    "end": 1565141993986,
    "duration": 6,
    "pid": 7684,
    "index": 23
  },
  {
    "name": "Require(20) node_modules/egg-logrotator/app/extend/application.js",
    "start": 1565141993992,
    "end": 1565141994015,
    "duration": 23,
    "pid": 7684,
    "index": 24
  },
  {
    "name": "Require(21) node_modules/egg-view/app/extend/application.js",
    "start": 1565141994017,
    "end": 1565141994022,
    "duration": 5,
    "pid": 7684,
    "index": 25
  },
  {
    "name": "Load extend/request.js",
    "start": 1565141994039,
    "end": 1565141994073,
    "duration": 34,
    "pid": 7684,
    "index": 26
  },
  {
    "name": "Require(22) node_modules/egg/app/extend/request.js",
    "start": 1565141994053,
    "end": 1565141994059,
    "duration": 6,
    "pid": 7684,
    "index": 27
  },
  {
    "name": "Load extend/response.js",
    "start": 1565141994073,
    "end": 1565141994107,
    "duration": 34,
    "pid": 7684,
    "index": 28
  },
  {
    "name": "Require(23) node_modules/egg/app/extend/response.js",
    "start": 1565141994086,
    "end": 1565141994093,
    "duration": 7,
    "pid": 7684,
    "index": 29
  },
  {
    "name": "Load extend/context.js",
    "start": 1565141994107,
    "end": 1565141994338,
    "duration": 231,
    "pid": 7684,
    "index": 30
  },
  {
    "name": "Require(24) node_modules/egg-security/app/extend/context.js",
    "start": 1565141994109,
    "end": 1565141994169,
    "duration": 60,
    "pid": 7684,
    "index": 31
  },
  {
    "name": "Require(25) node_modules/egg-jsonp/app/extend/context.js",
    "start": 1565141994170,
    "end": 1565141994176,
    "duration": 6,
    "pid": 7684,
    "index": 32
  },
  {
    "name": "Require(26) node_modules/egg-i18n/app/extend/context.js",
    "start": 1565141994178,
    "end": 1565141994179,
    "duration": 1,
    "pid": 7684,
    "index": 33
  },
  {
    "name": "Require(27) node_modules/egg-multipart/app/extend/context.js",
    "start": 1565141994182,
    "end": 1565141994298,
    "duration": 116,
    "pid": 7684,
    "index": 34
  },
  {
    "name": "Require(28) node_modules/egg-view/app/extend/context.js",
    "start": 1565141994301,
    "end": 1565141994304,
    "duration": 3,
    "pid": 7684,
    "index": 35
  },
  {
    "name": "Require(29) node_modules/egg-validate/app/extend/context.js",
    "start": 1565141994305,
    "end": 1565141994306,
    "duration": 1,
    "pid": 7684,
    "index": 36
  },
  {
    "name": "Require(30) node_modules/egg/app/extend/context.js",
    "start": 1565141994309,
    "end": 1565141994320,
    "duration": 11,
    "pid": 7684,
    "index": 37
  },
  {
    "name": "Load extend/helper.js",
    "start": 1565141994339,
    "end": 1565141994450,
    "duration": 111,
    "pid": 7684,
    "index": 38
  },
  {
    "name": "Require(31) node_modules/egg-security/app/extend/helper.js",
    "start": 1565141994341,
    "end": 1565141994422,
    "duration": 81,
    "pid": 7684,
    "index": 39
  },
  {
    "name": "Require(32) node_modules/egg/app/extend/helper.js",
    "start": 1565141994433,
    "end": 1565141994434,
    "duration": 1,
    "pid": 7684,
    "index": 40
  },
  {
    "name": "Load app.js",
    "start": 1565141994450,
    "end": 1565141994635,
    "duration": 185,
    "pid": 7684,
    "index": 41
  },
  {
    "name": "Require(33) node_modules/egg-session/app.js",
    "start": 1565141994451,
    "end": 1565141994452,
    "duration": 1,
    "pid": 7684,
    "index": 42
  },
  {
    "name": "Require(34) node_modules/egg-security/app.js",
    "start": 1565141994453,
    "end": 1565141994461,
    "duration": 8,
    "pid": 7684,
    "index": 43
  },
  {
    "name": "Require(35) node_modules/egg-onerror/app.js",
    "start": 1565141994464,
    "end": 1565141994498,
    "duration": 34,
    "pid": 7684,
    "index": 44
  },
  {
    "name": "Require(36) node_modules/egg-i18n/app.js",
    "start": 1565141994499,
    "end": 1565141994537,
    "duration": 38,
    "pid": 7684,
    "index": 45
  },
  {
    "name": "Require(37) node_modules/egg-watcher/app.js",
    "start": 1565141994539,
    "end": 1565141994553,
    "duration": 14,
    "pid": 7684,
    "index": 46
  },
  {
    "name": "Require(38) node_modules/egg-schedule/app.js",
    "start": 1565141994554,
    "end": 1565141994560,
    "duration": 6,
    "pid": 7684,
    "index": 47
  },
  {
    "name": "Require(39) node_modules/egg-multipart/app.js",
    "start": 1565141994562,
    "end": 1565141994571,
    "duration": 9,
    "pid": 7684,
    "index": 48
  },
  {
    "name": "Require(40) node_modules/egg-logrotator/app.js",
    "start": 1565141994572,
    "end": 1565141994573,
    "duration": 1,
    "pid": 7684,
    "index": 49
  },
  {
    "name": "Require(41) node_modules/egg-static/app.js",
    "start": 1565141994574,
    "end": 1565141994575,
    "duration": 1,
    "pid": 7684,
    "index": 50
  },
  {
    "name": "Require(42) node_modules/egg-validate/app.js",
    "start": 1565141994578,
    "end": 1565141994584,
    "duration": 6,
    "pid": 7684,
    "index": 51
  },
  {
    "name": "Require(43) node_modules/egg-cors/app.js",
    "start": 1565141994585,
    "end": 1565141994586,
    "duration": 1,
    "pid": 7684,
    "index": 52
  },
  {
    "name": "Require(44) node_modules/egg-mysql/app.js",
    "start": 1565141994587,
    "end": 1565141994631,
    "duration": 44,
    "pid": 7684,
    "index": 53
  },
  {
    "name": "Before Start in node_modules/egg-watcher/lib/init.js:15:14",
    "start": 1565141994675,
    "end": 1565141995685,
    "duration": 1010,
    "pid": 7684,
    "index": 54
  },
  {
    "name": "Before Start in node_modules/egg-mysql/lib/mysql.js:20:7",
    "start": 1565141994986,
    "end": 1565141995696,
    "duration": 710,
    "pid": 7684,
    "index": 55
  },
  {
    "name": "Load Service",
    "start": 1565141994987,
    "end": 1565141995047,
    "duration": 60,
    "pid": 7684,
    "index": 56
  },
  {
    "name": "Load \"service\" to Context",
    "start": 1565141994987,
    "end": 1565141995047,
    "duration": 60,
    "pid": 7684,
    "index": 57
  },
  {
    "name": "Load Middleware",
    "start": 1565141995048,
    "end": 1565141995575,
    "duration": 527,
    "pid": 7684,
    "index": 58
  },
  {
    "name": "Load \"middlewares\" to Application",
    "start": 1565141995048,
    "end": 1565141995539,
    "duration": 491,
    "pid": 7684,
    "index": 59
  },
  {
    "name": "Load Controller",
    "start": 1565141995575,
    "end": 1565141995627,
    "duration": 52,
    "pid": 7684,
    "index": 60
  },
  {
    "name": "Load \"controller\" to Application",
    "start": 1565141995575,
    "end": 1565141995627,
    "duration": 52,
    "pid": 7684,
    "index": 61
  },
  {
    "name": "Load Router",
    "start": 1565141995627,
    "end": 1565141995635,
    "duration": 8,
    "pid": 7684,
    "index": 62
  },
  {
    "name": "Require(45) app/router.js",
    "start": 1565141995628,
    "end": 1565141995630,
    "duration": 2,
    "pid": 7684,
    "index": 63
  },
  {
    "name": "Before Start in node_modules/egg-core/lib/egg.js:303:10",
    "start": 1565141995630,
    "end": 1565141995654,
    "duration": 24,
    "pid": 7684,
    "index": 64
  }
]