[
  {
    "name": "Application Start",
    "start": 1565002789474,
    "end": 1565002791450,
    "duration": 1976,
    "pid": 5344,
    "index": 0
  },
  {
    "name": "Load Plugin",
    "start": 1565002789490,
    "end": 1565002789577,
    "duration": 87,
    "pid": 5344,
    "index": 1
  },
  {
    "name": "Load Config",
    "start": 1565002789578,
    "end": 1565002789639,
    "duration": 61,
    "pid": 5344,
    "index": 2
  },
  {
    "name": "Require(0) config/config.default.js",
    "start": 1565002789580,
    "end": 1565002789580,
    "duration": 0,
    "pid": 5344,
    "index": 3
  },
  {
    "name": "Require(1) node_modules/egg-session/config/config.default.js",
    "start": 1565002789586,
    "end": 1565002789587,
    "duration": 1,
    "pid": 5344,
    "index": 4
  },
  {
    "name": "Require(2) node_modules/egg-security/config/config.default.js",
    "start": 1565002789588,
    "end": 1565002789589,
    "duration": 1,
    "pid": 5344,
    "index": 5
  },
  {
    "name": "Require(3) node_modules/egg-jsonp/config/config.default.js",
    "start": 1565002789592,
    "end": 1565002789593,
    "duration": 1,
    "pid": 5344,
    "index": 6
  },
  {
    "name": "Require(4) node_modules/egg-onerror/config/config.default.js",
    "start": 1565002789594,
    "end": 1565002789595,
    "duration": 1,
    "pid": 5344,
    "index": 7
  },
  {
    "name": "Require(5) node_modules/egg-i18n/config/config.default.js",
    "start": 1565002789597,
    "end": 1565002789597,
    "duration": 0,
    "pid": 5344,
    "index": 8
  },
  {
    "name": "Require(6) node_modules/egg-watcher/config/config.default.js",
    "start": 1565002789599,
    "end": 1565002789600,
    "duration": 1,
    "pid": 5344,
    "index": 9
  },
  {
    "name": "Require(7) node_modules/egg-schedule/config/config.default.js",
    "start": 1565002789601,
    "end": 1565002789602,
    "duration": 1,
    "pid": 5344,
    "index": 10
  },
  {
    "name": "Require(8) node_modules/egg-multipart/config/config.default.js",
    "start": 1565002789604,
    "end": 1565002789605,
    "duration": 1,
    "pid": 5344,
    "index": 11
  },
  {
    "name": "Require(9) node_modules/egg-logrotator/config/config.default.js",
    "start": 1565002789607,
    "end": 1565002789608,
    "duration": 1,
    "pid": 5344,
    "index": 12
  },
  {
    "name": "Require(10) node_modules/egg-static/config/config.default.js",
    "start": 1565002789609,
    "end": 1565002789610,
    "duration": 1,
    "pid": 5344,
    "index": 13
  },
  {
    "name": "Require(11) node_modules/egg-view/config/config.default.js",
    "start": 1565002789612,
    "end": 1565002789612,
    "duration": 0,
    "pid": 5344,
    "index": 14
  },
  {
    "name": "Require(12) node_modules/egg-cors/config/config.default.js",
    "start": 1565002789615,
    "end": 1565002789616,
    "duration": 1,
    "pid": 5344,
    "index": 15
  },
  {
    "name": "Require(13) node_modules/egg-mysql/config/config.default.js",
    "start": 1565002789617,
    "end": 1565002789618,
    "duration": 1,
    "pid": 5344,
    "index": 16
  },
  {
    "name": "Require(14) node_modules/egg/config/config.default.js",
    "start": 1565002789619,
    "end": 1565002789620,
    "duration": 1,
    "pid": 5344,
    "index": 17
  },
  {
    "name": "Require(15) config/config.default.js",
    "start": 1565002789623,
    "end": 1565002789623,
    "duration": 0,
    "pid": 5344,
    "index": 18
  },
  {
    "name": "Require(16) node_modules/egg-static/config/config.prod.js",
    "start": 1565002789633,
    "end": 1565002789633,
    "duration": 0,
    "pid": 5344,
    "index": 19
  },
  {
    "name": "Load extend/application.js",
    "start": 1565002789641,
    "end": 1565002789718,
    "duration": 77,
    "pid": 5344,
    "index": 20
  },
  {
    "name": "Require(17) node_modules/egg-session/app/extend/application.js",
    "start": 1565002789643,
    "end": 1565002789644,
    "duration": 1,
    "pid": 5344,
    "index": 21
  },
  {
    "name": "Require(18) node_modules/egg-security/app/extend/application.js",
    "start": 1565002789646,
    "end": 1565002789649,
    "duration": 3,
    "pid": 5344,
    "index": 22
  },
  {
    "name": "Require(19) node_modules/egg-jsonp/app/extend/application.js",
    "start": 1565002789651,
    "end": 1565002789660,
    "duration": 9,
    "pid": 5344,
    "index": 23
  },
  {
    "name": "Require(20) node_modules/egg-logrotator/app/extend/application.js",
    "start": 1565002789666,
    "end": 1565002789690,
    "duration": 24,
    "pid": 5344,
    "index": 24
  },
  {
    "name": "Require(21) node_modules/egg-view/app/extend/application.js",
    "start": 1565002789692,
    "end": 1565002789696,
    "duration": 4,
    "pid": 5344,
    "index": 25
  },
  {
    "name": "Load extend/request.js",
    "start": 1565002789718,
    "end": 1565002789751,
    "duration": 33,
    "pid": 5344,
    "index": 26
  },
  {
    "name": "Require(22) node_modules/egg/app/extend/request.js",
    "start": 1565002789733,
    "end": 1565002789738,
    "duration": 5,
    "pid": 5344,
    "index": 27
  },
  {
    "name": "Load extend/response.js",
    "start": 1565002789751,
    "end": 1565002789790,
    "duration": 39,
    "pid": 5344,
    "index": 28
  },
  {
    "name": "Require(23) node_modules/egg/app/extend/response.js",
    "start": 1565002789763,
    "end": 1565002789772,
    "duration": 9,
    "pid": 5344,
    "index": 29
  },
  {
    "name": "Load extend/context.js",
    "start": 1565002789790,
    "end": 1565002790006,
    "duration": 216,
    "pid": 5344,
    "index": 30
  },
  {
    "name": "Require(24) node_modules/egg-security/app/extend/context.js",
    "start": 1565002789792,
    "end": 1565002789848,
    "duration": 56,
    "pid": 5344,
    "index": 31
  },
  {
    "name": "Require(25) node_modules/egg-jsonp/app/extend/context.js",
    "start": 1565002789849,
    "end": 1565002789854,
    "duration": 5,
    "pid": 5344,
    "index": 32
  },
  {
    "name": "Require(26) node_modules/egg-i18n/app/extend/context.js",
    "start": 1565002789856,
    "end": 1565002789857,
    "duration": 1,
    "pid": 5344,
    "index": 33
  },
  {
    "name": "Require(27) node_modules/egg-multipart/app/extend/context.js",
    "start": 1565002789861,
    "end": 1565002789972,
    "duration": 111,
    "pid": 5344,
    "index": 34
  },
  {
    "name": "Require(28) node_modules/egg-view/app/extend/context.js",
    "start": 1565002789975,
    "end": 1565002789978,
    "duration": 3,
    "pid": 5344,
    "index": 35
  },
  {
    "name": "Require(29) node_modules/egg-validate/app/extend/context.js",
    "start": 1565002789980,
    "end": 1565002789981,
    "duration": 1,
    "pid": 5344,
    "index": 36
  },
  {
    "name": "Require(30) node_modules/egg/app/extend/context.js",
    "start": 1565002789984,
    "end": 1565002789993,
    "duration": 9,
    "pid": 5344,
    "index": 37
  },
  {
    "name": "Load extend/helper.js",
    "start": 1565002790007,
    "end": 1565002790093,
    "duration": 86,
    "pid": 5344,
    "index": 38
  },
  {
    "name": "Require(31) node_modules/egg-security/app/extend/helper.js",
    "start": 1565002790009,
    "end": 1565002790061,
    "duration": 52,
    "pid": 5344,
    "index": 39
  },
  {
    "name": "Require(32) node_modules/egg/app/extend/helper.js",
    "start": 1565002790072,
    "end": 1565002790073,
    "duration": 1,
    "pid": 5344,
    "index": 40
  },
  {
    "name": "Load app.js",
    "start": 1565002790093,
    "end": 1565002790298,
    "duration": 205,
    "pid": 5344,
    "index": 41
  },
  {
    "name": "Require(33) node_modules/egg-session/app.js",
    "start": 1565002790094,
    "end": 1565002790095,
    "duration": 1,
    "pid": 5344,
    "index": 42
  },
  {
    "name": "Require(34) node_modules/egg-security/app.js",
    "start": 1565002790096,
    "end": 1565002790105,
    "duration": 9,
    "pid": 5344,
    "index": 43
  },
  {
    "name": "Require(35) node_modules/egg-onerror/app.js",
    "start": 1565002790108,
    "end": 1565002790147,
    "duration": 39,
    "pid": 5344,
    "index": 44
  },
  {
    "name": "Require(36) node_modules/egg-i18n/app.js",
    "start": 1565002790149,
    "end": 1565002790192,
    "duration": 43,
    "pid": 5344,
    "index": 45
  },
  {
    "name": "Require(37) node_modules/egg-watcher/app.js",
    "start": 1565002790194,
    "end": 1565002790213,
    "duration": 19,
    "pid": 5344,
    "index": 46
  },
  {
    "name": "Require(38) node_modules/egg-schedule/app.js",
    "start": 1565002790214,
    "end": 1565002790221,
    "duration": 7,
    "pid": 5344,
    "index": 47
  },
  {
    "name": "Require(39) node_modules/egg-multipart/app.js",
    "start": 1565002790223,
    "end": 1565002790232,
    "duration": 9,
    "pid": 5344,
    "index": 48
  },
  {
    "name": "Require(40) node_modules/egg-logrotator/app.js",
    "start": 1565002790234,
    "end": 1565002790234,
    "duration": 0,
    "pid": 5344,
    "index": 49
  },
  {
    "name": "Require(41) node_modules/egg-static/app.js",
    "start": 1565002790236,
    "end": 1565002790236,
    "duration": 0,
    "pid": 5344,
    "index": 50
  },
  {
    "name": "Require(42) node_modules/egg-validate/app.js",
    "start": 1565002790240,
    "end": 1565002790245,
    "duration": 5,
    "pid": 5344,
    "index": 51
  },
  {
    "name": "Require(43) node_modules/egg-cors/app.js",
    "start": 1565002790246,
    "end": 1565002790247,
    "duration": 1,
    "pid": 5344,
    "index": 52
  },
  {
    "name": "Require(44) node_modules/egg-mysql/app.js",
    "start": 1565002790248,
    "end": 1565002790293,
    "duration": 45,
    "pid": 5344,
    "index": 53
  },
  {
    "name": "Before Start in node_modules/egg-watcher/lib/init.js:15:14",
    "start": 1565002790352,
    "end": 1565002791444,
    "duration": 1092,
    "pid": 5344,
    "index": 54
  },
  {
    "name": "Before Start in node_modules/egg-mysql/lib/mysql.js:20:7",
    "start": 1565002790801,
    "end": 1565002791439,
    "duration": 638,
    "pid": 5344,
    "index": 55
  },
  {
    "name": "Load Service",
    "start": 1565002790802,
    "end": 1565002790864,
    "duration": 62,
    "pid": 5344,
    "index": 56
  },
  {
    "name": "Load \"service\" to Context",
    "start": 1565002790802,
    "end": 1565002790864,
    "duration": 62,
    "pid": 5344,
    "index": 57
  },
  {
    "name": "Load Middleware",
    "start": 1565002790864,
    "end": 1565002791296,
    "duration": 432,
    "pid": 5344,
    "index": 58
  },
  {
    "name": "Load \"middlewares\" to Application",
    "start": 1565002790865,
    "end": 1565002791248,
    "duration": 383,
    "pid": 5344,
    "index": 59
  },
  {
    "name": "Load Controller",
    "start": 1565002791296,
    "end": 1565002791349,
    "duration": 53,
    "pid": 5344,
    "index": 60
  },
  {
    "name": "Load \"controller\" to Application",
    "start": 1565002791296,
    "end": 1565002791349,
    "duration": 53,
    "pid": 5344,
    "index": 61
  },
  {
    "name": "Load Router",
    "start": 1565002791349,
    "end": 1565002791357,
    "duration": 8,
    "pid": 5344,
    "index": 62
  },
  {
    "name": "Require(45) app/router.js",
    "start": 1565002791350,
    "end": 1565002791351,
    "duration": 1,
    "pid": 5344,
    "index": 63
  },
  {
    "name": "Before Start in node_modules/egg-core/lib/egg.js:303:10",
    "start": 1565002791352,
    "end": 1565002791388,
    "duration": 36,
    "pid": 5344,
    "index": 64
  }
]