[
  {
    "name": "Application Start",
    "start": 1565003893677,
    "end": 1565003895716,
    "duration": 2039,
    "pid": 10564,
    "index": 0
  },
  {
    "name": "Load Plugin",
    "start": 1565003893694,
    "end": 1565003893787,
    "duration": 93,
    "pid": 10564,
    "index": 1
  },
  {
    "name": "Load Config",
    "start": 1565003893787,
    "end": 1565003893861,
    "duration": 74,
    "pid": 10564,
    "index": 2
  },
  {
    "name": "Require(0) config/config.default.js",
    "start": 1565003893789,
    "end": 1565003893790,
    "duration": 1,
    "pid": 10564,
    "index": 3
  },
  {
    "name": "Require(1) node_modules/egg-session/config/config.default.js",
    "start": 1565003893795,
    "end": 1565003893796,
    "duration": 1,
    "pid": 10564,
    "index": 4
  },
  {
    "name": "Require(2) node_modules/egg-security/config/config.default.js",
    "start": 1565003893797,
    "end": 1565003893798,
    "duration": 1,
    "pid": 10564,
    "index": 5
  },
  {
    "name": "Require(3) node_modules/egg-jsonp/config/config.default.js",
    "start": 1565003893801,
    "end": 1565003893802,
    "duration": 1,
    "pid": 10564,
    "index": 6
  },
  {
    "name": "Require(4) node_modules/egg-onerror/config/config.default.js",
    "start": 1565003893804,
    "end": 1565003893804,
    "duration": 0,
    "pid": 10564,
    "index": 7
  },
  {
    "name": "Require(5) node_modules/egg-i18n/config/config.default.js",
    "start": 1565003893806,
    "end": 1565003893807,
    "duration": 1,
    "pid": 10564,
    "index": 8
  },
  {
    "name": "Require(6) node_modules/egg-watcher/config/config.default.js",
    "start": 1565003893809,
    "end": 1565003893809,
    "duration": 0,
    "pid": 10564,
    "index": 9
  },
  {
    "name": "Require(7) node_modules/egg-schedule/config/config.default.js",
    "start": 1565003893811,
    "end": 1565003893812,
    "duration": 1,
    "pid": 10564,
    "index": 10
  },
  {
    "name": "Require(8) node_modules/egg-multipart/config/config.default.js",
    "start": 1565003893814,
    "end": 1565003893815,
    "duration": 1,
    "pid": 10564,
    "index": 11
  },
  {
    "name": "Require(9) node_modules/egg-logrotator/config/config.default.js",
    "start": 1565003893817,
    "end": 1565003893818,
    "duration": 1,
    "pid": 10564,
    "index": 12
  },
  {
    "name": "Require(10) node_modules/egg-static/config/config.default.js",
    "start": 1565003893820,
    "end": 1565003893820,
    "duration": 0,
    "pid": 10564,
    "index": 13
  },
  {
    "name": "Require(11) node_modules/egg-view/config/config.default.js",
    "start": 1565003893823,
    "end": 1565003893824,
    "duration": 1,
    "pid": 10564,
    "index": 14
  },
  {
    "name": "Require(12) node_modules/egg-cors/config/config.default.js",
    "start": 1565003893827,
    "end": 1565003893827,
    "duration": 0,
    "pid": 10564,
    "index": 15
  },
  {
    "name": "Require(13) node_modules/egg-mysql/config/config.default.js",
    "start": 1565003893829,
    "end": 1565003893830,
    "duration": 1,
    "pid": 10564,
    "index": 16
  },
  {
    "name": "Require(14) node_modules/egg/config/config.default.js",
    "start": 1565003893831,
    "end": 1565003893832,
    "duration": 1,
    "pid": 10564,
    "index": 17
  },
  {
    "name": "Require(15) config/config.default.js",
    "start": 1565003893835,
    "end": 1565003893835,
    "duration": 0,
    "pid": 10564,
    "index": 18
  },
  {
    "name": "Require(16) node_modules/egg-static/config/config.prod.js",
    "start": 1565003893846,
    "end": 1565003893847,
    "duration": 1,
    "pid": 10564,
    "index": 19
  },
  {
    "name": "Load extend/application.js",
    "start": 1565003893863,
    "end": 1565003893954,
    "duration": 91,
    "pid": 10564,
    "index": 20
  },
  {
    "name": "Require(17) node_modules/egg-session/app/extend/application.js",
    "start": 1565003893865,
    "end": 1565003893867,
    "duration": 2,
    "pid": 10564,
    "index": 21
  },
  {
    "name": "Require(18) node_modules/egg-security/app/extend/application.js",
    "start": 1565003893868,
    "end": 1565003893872,
    "duration": 4,
    "pid": 10564,
    "index": 22
  },
  {
    "name": "Require(19) node_modules/egg-jsonp/app/extend/application.js",
    "start": 1565003893873,
    "end": 1565003893882,
    "duration": 9,
    "pid": 10564,
    "index": 23
  },
  {
    "name": "Require(20) node_modules/egg-logrotator/app/extend/application.js",
    "start": 1565003893889,
    "end": 1565003893928,
    "duration": 39,
    "pid": 10564,
    "index": 24
  },
  {
    "name": "Require(21) node_modules/egg-view/app/extend/application.js",
    "start": 1565003893930,
    "end": 1565003893935,
    "duration": 5,
    "pid": 10564,
    "index": 25
  },
  {
    "name": "Load extend/request.js",
    "start": 1565003893954,
    "end": 1565003893994,
    "duration": 40,
    "pid": 10564,
    "index": 26
  },
  {
    "name": "Require(22) node_modules/egg/app/extend/request.js",
    "start": 1565003893971,
    "end": 1565003893979,
    "duration": 8,
    "pid": 10564,
    "index": 27
  },
  {
    "name": "Load extend/response.js",
    "start": 1565003893994,
    "end": 1565003894032,
    "duration": 38,
    "pid": 10564,
    "index": 28
  },
  {
    "name": "Require(23) node_modules/egg/app/extend/response.js",
    "start": 1565003894008,
    "end": 1565003894017,
    "duration": 9,
    "pid": 10564,
    "index": 29
  },
  {
    "name": "Load extend/context.js",
    "start": 1565003894032,
    "end": 1565003894260,
    "duration": 228,
    "pid": 10564,
    "index": 30
  },
  {
    "name": "Require(24) node_modules/egg-security/app/extend/context.js",
    "start": 1565003894034,
    "end": 1565003894101,
    "duration": 67,
    "pid": 10564,
    "index": 31
  },
  {
    "name": "Require(25) node_modules/egg-jsonp/app/extend/context.js",
    "start": 1565003894103,
    "end": 1565003894109,
    "duration": 6,
    "pid": 10564,
    "index": 32
  },
  {
    "name": "Require(26) node_modules/egg-i18n/app/extend/context.js",
    "start": 1565003894111,
    "end": 1565003894112,
    "duration": 1,
    "pid": 10564,
    "index": 33
  },
  {
    "name": "Require(27) node_modules/egg-multipart/app/extend/context.js",
    "start": 1565003894116,
    "end": 1565003894224,
    "duration": 108,
    "pid": 10564,
    "index": 34
  },
  {
    "name": "Require(28) node_modules/egg-view/app/extend/context.js",
    "start": 1565003894226,
    "end": 1565003894230,
    "duration": 4,
    "pid": 10564,
    "index": 35
  },
  {
    "name": "Require(29) node_modules/egg-validate/app/extend/context.js",
    "start": 1565003894232,
    "end": 1565003894232,
    "duration": 0,
    "pid": 10564,
    "index": 36
  },
  {
    "name": "Require(30) node_modules/egg/app/extend/context.js",
    "start": 1565003894235,
    "end": 1565003894245,
    "duration": 10,
    "pid": 10564,
    "index": 37
  },
  {
    "name": "Load extend/helper.js",
    "start": 1565003894260,
    "end": 1565003894348,
    "duration": 88,
    "pid": 10564,
    "index": 38
  },
  {
    "name": "Require(31) node_modules/egg-security/app/extend/helper.js",
    "start": 1565003894263,
    "end": 1565003894320,
    "duration": 57,
    "pid": 10564,
    "index": 39
  },
  {
    "name": "Require(32) node_modules/egg/app/extend/helper.js",
    "start": 1565003894332,
    "end": 1565003894333,
    "duration": 1,
    "pid": 10564,
    "index": 40
  },
  {
    "name": "Load app.js",
    "start": 1565003894348,
    "end": 1565003894572,
    "duration": 224,
    "pid": 10564,
    "index": 41
  },
  {
    "name": "Require(33) node_modules/egg-session/app.js",
    "start": 1565003894349,
    "end": 1565003894350,
    "duration": 1,
    "pid": 10564,
    "index": 42
  },
  {
    "name": "Require(34) node_modules/egg-security/app.js",
    "start": 1565003894351,
    "end": 1565003894361,
    "duration": 10,
    "pid": 10564,
    "index": 43
  },
  {
    "name": "Require(35) node_modules/egg-onerror/app.js",
    "start": 1565003894364,
    "end": 1565003894404,
    "duration": 40,
    "pid": 10564,
    "index": 44
  },
  {
    "name": "Require(36) node_modules/egg-i18n/app.js",
    "start": 1565003894405,
    "end": 1565003894449,
    "duration": 44,
    "pid": 10564,
    "index": 45
  },
  {
    "name": "Require(37) node_modules/egg-watcher/app.js",
    "start": 1565003894450,
    "end": 1565003894463,
    "duration": 13,
    "pid": 10564,
    "index": 46
  },
  {
    "name": "Require(38) node_modules/egg-schedule/app.js",
    "start": 1565003894464,
    "end": 1565003894470,
    "duration": 6,
    "pid": 10564,
    "index": 47
  },
  {
    "name": "Require(39) node_modules/egg-multipart/app.js",
    "start": 1565003894471,
    "end": 1565003894481,
    "duration": 10,
    "pid": 10564,
    "index": 48
  },
  {
    "name": "Require(40) node_modules/egg-logrotator/app.js",
    "start": 1565003894482,
    "end": 1565003894483,
    "duration": 1,
    "pid": 10564,
    "index": 49
  },
  {
    "name": "Require(41) node_modules/egg-static/app.js",
    "start": 1565003894484,
    "end": 1565003894485,
    "duration": 1,
    "pid": 10564,
    "index": 50
  },
  {
    "name": "Require(42) node_modules/egg-validate/app.js",
    "start": 1565003894489,
    "end": 1565003894494,
    "duration": 5,
    "pid": 10564,
    "index": 51
  },
  {
    "name": "Require(43) node_modules/egg-cors/app.js",
    "start": 1565003894496,
    "end": 1565003894497,
    "duration": 1,
    "pid": 10564,
    "index": 52
  },
  {
    "name": "Require(44) node_modules/egg-mysql/app.js",
    "start": 1565003894498,
    "end": 1565003894567,
    "duration": 69,
    "pid": 10564,
    "index": 53
  },
  {
    "name": "Before Start in node_modules/egg-watcher/lib/init.js:15:14",
    "start": 1565003894625,
    "end": 1565003895705,
    "duration": 1080,
    "pid": 10564,
    "index": 54
  },
  {
    "name": "Before Start in node_modules/egg-mysql/lib/mysql.js:20:7",
    "start": 1565003894969,
    "end": 1565003895712,
    "duration": 743,
    "pid": 10564,
    "index": 55
  },
  {
    "name": "Load Service",
    "start": 1565003894970,
    "end": 1565003895044,
    "duration": 74,
    "pid": 10564,
    "index": 56
  },
  {
    "name": "Load \"service\" to Context",
    "start": 1565003894970,
    "end": 1565003895044,
    "duration": 74,
    "pid": 10564,
    "index": 57
  },
  {
    "name": "Load Middleware",
    "start": 1565003895044,
    "end": 1565003895537,
    "duration": 493,
    "pid": 10564,
    "index": 58
  },
  {
    "name": "Load \"middlewares\" to Application",
    "start": 1565003895045,
    "end": 1565003895499,
    "duration": 454,
    "pid": 10564,
    "index": 59
  },
  {
    "name": "Load Controller",
    "start": 1565003895537,
    "end": 1565003895600,
    "duration": 63,
    "pid": 10564,
    "index": 60
  },
  {
    "name": "Load \"controller\" to Application",
    "start": 1565003895537,
    "end": 1565003895600,
    "duration": 63,
    "pid": 10564,
    "index": 61
  },
  {
    "name": "Load Router",
    "start": 1565003895600,
    "end": 1565003895618,
    "duration": 18,
    "pid": 10564,
    "index": 62
  },
  {
    "name": "Require(45) app/router.js",
    "start": 1565003895603,
    "end": 1565003895605,
    "duration": 2,
    "pid": 10564,
    "index": 63
  },
  {
    "name": "Before Start in node_modules/egg-core/lib/egg.js:303:10",
    "start": 1565003895606,
    "end": 1565003895645,
    "duration": 39,
    "pid": 10564,
    "index": 64
  }
]