[
  {
    "name": "Application Start",
    "start": 1565153273058,
    "end": 1565153274442,
    "duration": 1384,
    "pid": 12848,
    "index": 0
  },
  {
    "name": "Load Plugin",
    "start": 1565153273069,
    "end": 1565153273130,
    "duration": 61,
    "pid": 12848,
    "index": 1
  },
  {
    "name": "Load Config",
    "start": 1565153273130,
    "end": 1565153273179,
    "duration": 49,
    "pid": 12848,
    "index": 2
  },
  {
    "name": "Require(0) config/config.default.js",
    "start": 1565153273131,
    "end": 1565153273132,
    "duration": 1,
    "pid": 12848,
    "index": 3
  },
  {
    "name": "Require(1) node_modules/egg-session/config/config.default.js",
    "start": 1565153273135,
    "end": 1565153273135,
    "duration": 0,
    "pid": 12848,
    "index": 4
  },
  {
    "name": "Require(2) node_modules/egg-security/config/config.default.js",
    "start": 1565153273137,
    "end": 1565153273137,
    "duration": 0,
    "pid": 12848,
    "index": 5
  },
  {
    "name": "Require(3) node_modules/egg-jsonp/config/config.default.js",
    "start": 1565153273139,
    "end": 1565153273140,
    "duration": 1,
    "pid": 12848,
    "index": 6
  },
  {
    "name": "Require(4) node_modules/egg-onerror/config/config.default.js",
    "start": 1565153273141,
    "end": 1565153273141,
    "duration": 0,
    "pid": 12848,
    "index": 7
  },
  {
    "name": "Require(5) node_modules/egg-i18n/config/config.default.js",
    "start": 1565153273143,
    "end": 1565153273143,
    "duration": 0,
    "pid": 12848,
    "index": 8
  },
  {
    "name": "Require(6) node_modules/egg-watcher/config/config.default.js",
    "start": 1565153273144,
    "end": 1565153273145,
    "duration": 1,
    "pid": 12848,
    "index": 9
  },
  {
    "name": "Require(7) node_modules/egg-schedule/config/config.default.js",
    "start": 1565153273146,
    "end": 1565153273147,
    "duration": 1,
    "pid": 12848,
    "index": 10
  },
  {
    "name": "Require(8) node_modules/egg-multipart/config/config.default.js",
    "start": 1565153273148,
    "end": 1565153273149,
    "duration": 1,
    "pid": 12848,
    "index": 11
  },
  {
    "name": "Require(9) node_modules/egg-logrotator/config/config.default.js",
    "start": 1565153273151,
    "end": 1565153273151,
    "duration": 0,
    "pid": 12848,
    "index": 12
  },
  {
    "name": "Require(10) node_modules/egg-static/config/config.default.js",
    "start": 1565153273153,
    "end": 1565153273153,
    "duration": 0,
    "pid": 12848,
    "index": 13
  },
  {
    "name": "Require(11) node_modules/egg-view/config/config.default.js",
    "start": 1565153273155,
    "end": 1565153273156,
    "duration": 1,
    "pid": 12848,
    "index": 14
  },
  {
    "name": "Require(12) node_modules/egg-cors/config/config.default.js",
    "start": 1565153273159,
    "end": 1565153273160,
    "duration": 1,
    "pid": 12848,
    "index": 15
  },
  {
    "name": "Require(13) node_modules/egg-mysql/config/config.default.js",
    "start": 1565153273161,
    "end": 1565153273162,
    "duration": 1,
    "pid": 12848,
    "index": 16
  },
  {
    "name": "Require(14) node_modules/egg/config/config.default.js",
    "start": 1565153273163,
    "end": 1565153273164,
    "duration": 1,
    "pid": 12848,
    "index": 17
  },
  {
    "name": "Require(15) config/config.default.js",
    "start": 1565153273166,
    "end": 1565153273167,
    "duration": 1,
    "pid": 12848,
    "index": 18
  },
  {
    "name": "Require(16) node_modules/egg-static/config/config.prod.js",
    "start": 1565153273175,
    "end": 1565153273175,
    "duration": 0,
    "pid": 12848,
    "index": 19
  },
  {
    "name": "Load extend/application.js",
    "start": 1565153273181,
    "end": 1565153273236,
    "duration": 55,
    "pid": 12848,
    "index": 20
  },
  {
    "name": "Require(17) node_modules/egg-session/app/extend/application.js",
    "start": 1565153273183,
    "end": 1565153273184,
    "duration": 1,
    "pid": 12848,
    "index": 21
  },
  {
    "name": "Require(18) node_modules/egg-security/app/extend/application.js",
    "start": 1565153273186,
    "end": 1565153273189,
    "duration": 3,
    "pid": 12848,
    "index": 22
  },
  {
    "name": "Require(19) node_modules/egg-jsonp/app/extend/application.js",
    "start": 1565153273190,
    "end": 1565153273195,
    "duration": 5,
    "pid": 12848,
    "index": 23
  },
  {
    "name": "Require(20) node_modules/egg-logrotator/app/extend/application.js",
    "start": 1565153273200,
    "end": 1565153273220,
    "duration": 20,
    "pid": 12848,
    "index": 24
  },
  {
    "name": "Require(21) node_modules/egg-view/app/extend/application.js",
    "start": 1565153273221,
    "end": 1565153273225,
    "duration": 4,
    "pid": 12848,
    "index": 25
  },
  {
    "name": "Load extend/request.js",
    "start": 1565153273236,
    "end": 1565153273258,
    "duration": 22,
    "pid": 12848,
    "index": 26
  },
  {
    "name": "Require(22) node_modules/egg/app/extend/request.js",
    "start": 1565153273246,
    "end": 1565153273249,
    "duration": 3,
    "pid": 12848,
    "index": 27
  },
  {
    "name": "Load extend/response.js",
    "start": 1565153273258,
    "end": 1565153273286,
    "duration": 28,
    "pid": 12848,
    "index": 28
  },
  {
    "name": "Require(23) node_modules/egg/app/extend/response.js",
    "start": 1565153273270,
    "end": 1565153273276,
    "duration": 6,
    "pid": 12848,
    "index": 29
  },
  {
    "name": "Load extend/context.js",
    "start": 1565153273286,
    "end": 1565153273447,
    "duration": 161,
    "pid": 12848,
    "index": 30
  },
  {
    "name": "Require(24) node_modules/egg-security/app/extend/context.js",
    "start": 1565153273287,
    "end": 1565153273328,
    "duration": 41,
    "pid": 12848,
    "index": 31
  },
  {
    "name": "Require(25) node_modules/egg-jsonp/app/extend/context.js",
    "start": 1565153273329,
    "end": 1565153273332,
    "duration": 3,
    "pid": 12848,
    "index": 32
  },
  {
    "name": "Require(26) node_modules/egg-i18n/app/extend/context.js",
    "start": 1565153273334,
    "end": 1565153273334,
    "duration": 0,
    "pid": 12848,
    "index": 33
  },
  {
    "name": "Require(27) node_modules/egg-multipart/app/extend/context.js",
    "start": 1565153273336,
    "end": 1565153273416,
    "duration": 80,
    "pid": 12848,
    "index": 34
  },
  {
    "name": "Require(28) node_modules/egg-view/app/extend/context.js",
    "start": 1565153273418,
    "end": 1565153273421,
    "duration": 3,
    "pid": 12848,
    "index": 35
  },
  {
    "name": "Require(29) node_modules/egg-validate/app/extend/context.js",
    "start": 1565153273423,
    "end": 1565153273424,
    "duration": 1,
    "pid": 12848,
    "index": 36
  },
  {
    "name": "Require(30) node_modules/egg/app/extend/context.js",
    "start": 1565153273426,
    "end": 1565153273434,
    "duration": 8,
    "pid": 12848,
    "index": 37
  },
  {
    "name": "Load extend/helper.js",
    "start": 1565153273447,
    "end": 1565153273509,
    "duration": 62,
    "pid": 12848,
    "index": 38
  },
  {
    "name": "Require(31) node_modules/egg-security/app/extend/helper.js",
    "start": 1565153273449,
    "end": 1565153273491,
    "duration": 42,
    "pid": 12848,
    "index": 39
  },
  {
    "name": "Require(32) node_modules/egg/app/extend/helper.js",
    "start": 1565153273499,
    "end": 1565153273500,
    "duration": 1,
    "pid": 12848,
    "index": 40
  },
  {
    "name": "Load app.js",
    "start": 1565153273509,
    "end": 1565153273639,
    "duration": 130,
    "pid": 12848,
    "index": 41
  },
  {
    "name": "Require(33) node_modules/egg-session/app.js",
    "start": 1565153273510,
    "end": 1565153273510,
    "duration": 0,
    "pid": 12848,
    "index": 42
  },
  {
    "name": "Require(34) node_modules/egg-security/app.js",
    "start": 1565153273511,
    "end": 1565153273517,
    "duration": 6,
    "pid": 12848,
    "index": 43
  },
  {
    "name": "Require(35) node_modules/egg-onerror/app.js",
    "start": 1565153273519,
    "end": 1565153273544,
    "duration": 25,
    "pid": 12848,
    "index": 44
  },
  {
    "name": "Require(36) node_modules/egg-i18n/app.js",
    "start": 1565153273545,
    "end": 1565153273571,
    "duration": 26,
    "pid": 12848,
    "index": 45
  },
  {
    "name": "Require(37) node_modules/egg-watcher/app.js",
    "start": 1565153273572,
    "end": 1565153273582,
    "duration": 10,
    "pid": 12848,
    "index": 46
  },
  {
    "name": "Require(38) node_modules/egg-schedule/app.js",
    "start": 1565153273583,
    "end": 1565153273587,
    "duration": 4,
    "pid": 12848,
    "index": 47
  },
  {
    "name": "Require(39) node_modules/egg-multipart/app.js",
    "start": 1565153273588,
    "end": 1565153273595,
    "duration": 7,
    "pid": 12848,
    "index": 48
  },
  {
    "name": "Require(40) node_modules/egg-logrotator/app.js",
    "start": 1565153273596,
    "end": 1565153273596,
    "duration": 0,
    "pid": 12848,
    "index": 49
  },
  {
    "name": "Require(41) node_modules/egg-static/app.js",
    "start": 1565153273597,
    "end": 1565153273598,
    "duration": 1,
    "pid": 12848,
    "index": 50
  },
  {
    "name": "Require(42) node_modules/egg-validate/app.js",
    "start": 1565153273600,
    "end": 1565153273603,
    "duration": 3,
    "pid": 12848,
    "index": 51
  },
  {
    "name": "Require(43) node_modules/egg-cors/app.js",
    "start": 1565153273604,
    "end": 1565153273605,
    "duration": 1,
    "pid": 12848,
    "index": 52
  },
  {
    "name": "Require(44) node_modules/egg-mysql/app.js",
    "start": 1565153273605,
    "end": 1565153273636,
    "duration": 31,
    "pid": 12848,
    "index": 53
  },
  {
    "name": "Before Start in node_modules/egg-watcher/lib/init.js:15:14",
    "start": 1565153273678,
    "end": 1565153274439,
    "duration": 761,
    "pid": 12848,
    "index": 54
  },
  {
    "name": "Before Start in node_modules/egg-mysql/lib/mysql.js:20:7",
    "start": 1565153273982,
    "end": 1565153274436,
    "duration": 454,
    "pid": 12848,
    "index": 55
  },
  {
    "name": "Load Service",
    "start": 1565153273983,
    "end": 1565153274023,
    "duration": 40,
    "pid": 12848,
    "index": 56
  },
  {
    "name": "Load \"service\" to Context",
    "start": 1565153273983,
    "end": 1565153274023,
    "duration": 40,
    "pid": 12848,
    "index": 57
  },
  {
    "name": "Load Middleware",
    "start": 1565153274023,
    "end": 1565153274355,
    "duration": 332,
    "pid": 12848,
    "index": 58
  },
  {
    "name": "Load \"middlewares\" to Application",
    "start": 1565153274023,
    "end": 1565153274326,
    "duration": 303,
    "pid": 12848,
    "index": 59
  },
  {
    "name": "Load Controller",
    "start": 1565153274355,
    "end": 1565153274393,
    "duration": 38,
    "pid": 12848,
    "index": 60
  },
  {
    "name": "Load \"controller\" to Application",
    "start": 1565153274355,
    "end": 1565153274393,
    "duration": 38,
    "pid": 12848,
    "index": 61
  },
  {
    "name": "Load Router",
    "start": 1565153274393,
    "end": 1565153274397,
    "duration": 4,
    "pid": 12848,
    "index": 62
  },
  {
    "name": "Require(45) app/router.js",
    "start": 1565153274393,
    "end": 1565153274394,
    "duration": 1,
    "pid": 12848,
    "index": 63
  },
  {
    "name": "Before Start in node_modules/egg-core/lib/egg.js:303:10",
    "start": 1565153274395,
    "end": 1565153274415,
    "duration": 20,
    "pid": 12848,
    "index": 64
  }
]