[
  {
    "name": "Application Start",
    "start": 1565153262345,
    "end": 1565153264934,
    "duration": 2589,
    "pid": 18600,
    "index": 0
  },
  {
    "name": "Load Plugin",
    "start": 1565153262360,
    "end": 1565153262468,
    "duration": 108,
    "pid": 18600,
    "index": 1
  },
  {
    "name": "Load Config",
    "start": 1565153262468,
    "end": 1565153262531,
    "duration": 63,
    "pid": 18600,
    "index": 2
  },
  {
    "name": "Require(0) config/config.default.js",
    "start": 1565153262470,
    "end": 1565153262471,
    "duration": 1,
    "pid": 18600,
    "index": 3
  },
  {
    "name": "Require(1) node_modules/egg-session/config/config.default.js",
    "start": 1565153262476,
    "end": 1565153262476,
    "duration": 0,
    "pid": 18600,
    "index": 4
  },
  {
    "name": "Require(2) node_modules/egg-security/config/config.default.js",
    "start": 1565153262478,
    "end": 1565153262479,
    "duration": 1,
    "pid": 18600,
    "index": 5
  },
  {
    "name": "Require(3) node_modules/egg-jsonp/config/config.default.js",
    "start": 1565153262482,
    "end": 1565153262482,
    "duration": 0,
    "pid": 18600,
    "index": 6
  },
  {
    "name": "Require(4) node_modules/egg-onerror/config/config.default.js",
    "start": 1565153262484,
    "end": 1565153262485,
    "duration": 1,
    "pid": 18600,
    "index": 7
  },
  {
    "name": "Require(5) node_modules/egg-i18n/config/config.default.js",
    "start": 1565153262486,
    "end": 1565153262487,
    "duration": 1,
    "pid": 18600,
    "index": 8
  },
  {
    "name": "Require(6) node_modules/egg-watcher/config/config.default.js",
    "start": 1565153262490,
    "end": 1565153262490,
    "duration": 0,
    "pid": 18600,
    "index": 9
  },
  {
    "name": "Require(7) node_modules/egg-schedule/config/config.default.js",
    "start": 1565153262492,
    "end": 1565153262493,
    "duration": 1,
    "pid": 18600,
    "index": 10
  },
  {
    "name": "Require(8) node_modules/egg-multipart/config/config.default.js",
    "start": 1565153262495,
    "end": 1565153262495,
    "duration": 0,
    "pid": 18600,
    "index": 11
  },
  {
    "name": "Require(9) node_modules/egg-logrotator/config/config.default.js",
    "start": 1565153262498,
    "end": 1565153262498,
    "duration": 0,
    "pid": 18600,
    "index": 12
  },
  {
    "name": "Require(10) node_modules/egg-static/config/config.default.js",
    "start": 1565153262500,
    "end": 1565153262501,
    "duration": 1,
    "pid": 18600,
    "index": 13
  },
  {
    "name": "Require(11) node_modules/egg-view/config/config.default.js",
    "start": 1565153262502,
    "end": 1565153262503,
    "duration": 1,
    "pid": 18600,
    "index": 14
  },
  {
    "name": "Require(12) node_modules/egg-cors/config/config.default.js",
    "start": 1565153262506,
    "end": 1565153262507,
    "duration": 1,
    "pid": 18600,
    "index": 15
  },
  {
    "name": "Require(13) node_modules/egg-mysql/config/config.default.js",
    "start": 1565153262508,
    "end": 1565153262509,
    "duration": 1,
    "pid": 18600,
    "index": 16
  },
  {
    "name": "Require(14) node_modules/egg/config/config.default.js",
    "start": 1565153262511,
    "end": 1565153262511,
    "duration": 0,
    "pid": 18600,
    "index": 17
  },
  {
    "name": "Require(15) config/config.default.js",
    "start": 1565153262514,
    "end": 1565153262514,
    "duration": 0,
    "pid": 18600,
    "index": 18
  },
  {
    "name": "Require(16) node_modules/egg-static/config/config.prod.js",
    "start": 1565153262524,
    "end": 1565153262524,
    "duration": 0,
    "pid": 18600,
    "index": 19
  },
  {
    "name": "Load extend/application.js",
    "start": 1565153262543,
    "end": 1565153262616,
    "duration": 73,
    "pid": 18600,
    "index": 20
  },
  {
    "name": "Require(17) node_modules/egg-session/app/extend/application.js",
    "start": 1565153262545,
    "end": 1565153262546,
    "duration": 1,
    "pid": 18600,
    "index": 21
  },
  {
    "name": "Require(18) node_modules/egg-security/app/extend/application.js",
    "start": 1565153262548,
    "end": 1565153262551,
    "duration": 3,
    "pid": 18600,
    "index": 22
  },
  {
    "name": "Require(19) node_modules/egg-jsonp/app/extend/application.js",
    "start": 1565153262553,
    "end": 1565153262559,
    "duration": 6,
    "pid": 18600,
    "index": 23
  },
  {
    "name": "Require(20) node_modules/egg-logrotator/app/extend/application.js",
    "start": 1565153262565,
    "end": 1565153262589,
    "duration": 24,
    "pid": 18600,
    "index": 24
  },
  {
    "name": "Require(21) node_modules/egg-view/app/extend/application.js",
    "start": 1565153262592,
    "end": 1565153262597,
    "duration": 5,
    "pid": 18600,
    "index": 25
  },
  {
    "name": "Load extend/request.js",
    "start": 1565153262616,
    "end": 1565153262648,
    "duration": 32,
    "pid": 18600,
    "index": 26
  },
  {
    "name": "Require(22) node_modules/egg/app/extend/request.js",
    "start": 1565153262630,
    "end": 1565153262635,
    "duration": 5,
    "pid": 18600,
    "index": 27
  },
  {
    "name": "Load extend/response.js",
    "start": 1565153262648,
    "end": 1565153262681,
    "duration": 33,
    "pid": 18600,
    "index": 28
  },
  {
    "name": "Require(23) node_modules/egg/app/extend/response.js",
    "start": 1565153262661,
    "end": 1565153262667,
    "duration": 6,
    "pid": 18600,
    "index": 29
  },
  {
    "name": "Load extend/context.js",
    "start": 1565153262681,
    "end": 1565153262951,
    "duration": 270,
    "pid": 18600,
    "index": 30
  },
  {
    "name": "Require(24) node_modules/egg-security/app/extend/context.js",
    "start": 1565153262683,
    "end": 1565153262749,
    "duration": 66,
    "pid": 18600,
    "index": 31
  },
  {
    "name": "Require(25) node_modules/egg-jsonp/app/extend/context.js",
    "start": 1565153262751,
    "end": 1565153262760,
    "duration": 9,
    "pid": 18600,
    "index": 32
  },
  {
    "name": "Require(26) node_modules/egg-i18n/app/extend/context.js",
    "start": 1565153262763,
    "end": 1565153262763,
    "duration": 0,
    "pid": 18600,
    "index": 33
  },
  {
    "name": "Require(27) node_modules/egg-multipart/app/extend/context.js",
    "start": 1565153262767,
    "end": 1565153262911,
    "duration": 144,
    "pid": 18600,
    "index": 34
  },
  {
    "name": "Require(28) node_modules/egg-view/app/extend/context.js",
    "start": 1565153262915,
    "end": 1565153262918,
    "duration": 3,
    "pid": 18600,
    "index": 35
  },
  {
    "name": "Require(29) node_modules/egg-validate/app/extend/context.js",
    "start": 1565153262919,
    "end": 1565153262920,
    "duration": 1,
    "pid": 18600,
    "index": 36
  },
  {
    "name": "Require(30) node_modules/egg/app/extend/context.js",
    "start": 1565153262923,
    "end": 1565153262934,
    "duration": 11,
    "pid": 18600,
    "index": 37
  },
  {
    "name": "Load extend/helper.js",
    "start": 1565153262951,
    "end": 1565153263053,
    "duration": 102,
    "pid": 18600,
    "index": 38
  },
  {
    "name": "Require(31) node_modules/egg-security/app/extend/helper.js",
    "start": 1565153262955,
    "end": 1565153263025,
    "duration": 70,
    "pid": 18600,
    "index": 39
  },
  {
    "name": "Require(32) node_modules/egg/app/extend/helper.js",
    "start": 1565153263038,
    "end": 1565153263039,
    "duration": 1,
    "pid": 18600,
    "index": 40
  },
  {
    "name": "Load app.js",
    "start": 1565153263053,
    "end": 1565153263261,
    "duration": 208,
    "pid": 18600,
    "index": 41
  },
  {
    "name": "Require(33) node_modules/egg-session/app.js",
    "start": 1565153263054,
    "end": 1565153263055,
    "duration": 1,
    "pid": 18600,
    "index": 42
  },
  {
    "name": "Require(34) node_modules/egg-security/app.js",
    "start": 1565153263056,
    "end": 1565153263064,
    "duration": 8,
    "pid": 18600,
    "index": 43
  },
  {
    "name": "Require(35) node_modules/egg-onerror/app.js",
    "start": 1565153263067,
    "end": 1565153263107,
    "duration": 40,
    "pid": 18600,
    "index": 44
  },
  {
    "name": "Require(36) node_modules/egg-i18n/app.js",
    "start": 1565153263108,
    "end": 1565153263146,
    "duration": 38,
    "pid": 18600,
    "index": 45
  },
  {
    "name": "Require(37) node_modules/egg-watcher/app.js",
    "start": 1565153263147,
    "end": 1565153263167,
    "duration": 20,
    "pid": 18600,
    "index": 46
  },
  {
    "name": "Require(38) node_modules/egg-schedule/app.js",
    "start": 1565153263168,
    "end": 1565153263181,
    "duration": 13,
    "pid": 18600,
    "index": 47
  },
  {
    "name": "Require(39) node_modules/egg-multipart/app.js",
    "start": 1565153263182,
    "end": 1565153263193,
    "duration": 11,
    "pid": 18600,
    "index": 48
  },
  {
    "name": "Require(40) node_modules/egg-logrotator/app.js",
    "start": 1565153263194,
    "end": 1565153263195,
    "duration": 1,
    "pid": 18600,
    "index": 49
  },
  {
    "name": "Require(41) node_modules/egg-static/app.js",
    "start": 1565153263196,
    "end": 1565153263197,
    "duration": 1,
    "pid": 18600,
    "index": 50
  },
  {
    "name": "Require(42) node_modules/egg-validate/app.js",
    "start": 1565153263201,
    "end": 1565153263209,
    "duration": 8,
    "pid": 18600,
    "index": 51
  },
  {
    "name": "Require(43) node_modules/egg-cors/app.js",
    "start": 1565153263211,
    "end": 1565153263211,
    "duration": 0,
    "pid": 18600,
    "index": 52
  },
  {
    "name": "Require(44) node_modules/egg-mysql/app.js",
    "start": 1565153263212,
    "end": 1565153263257,
    "duration": 45,
    "pid": 18600,
    "index": 53
  },
  {
    "name": "Before Start in node_modules/egg-watcher/lib/init.js:15:14",
    "start": 1565153263306,
    "end": 1565153264933,
    "duration": 1627,
    "pid": 18600,
    "index": 54
  },
  {
    "name": "Before Start in node_modules/egg-mysql/lib/mysql.js:20:7",
    "start": 1565153263695,
    "end": 1565153264374,
    "duration": 679,
    "pid": 18600,
    "index": 55
  },
  {
    "name": "Load Service",
    "start": 1565153263695,
    "end": 1565153263759,
    "duration": 64,
    "pid": 18600,
    "index": 56
  },
  {
    "name": "Load \"service\" to Context",
    "start": 1565153263695,
    "end": 1565153263759,
    "duration": 64,
    "pid": 18600,
    "index": 57
  },
  {
    "name": "Load Middleware",
    "start": 1565153263759,
    "end": 1565153264257,
    "duration": 498,
    "pid": 18600,
    "index": 58
  },
  {
    "name": "Load \"middlewares\" to Application",
    "start": 1565153263760,
    "end": 1565153264219,
    "duration": 459,
    "pid": 18600,
    "index": 59
  },
  {
    "name": "Load Controller",
    "start": 1565153264257,
    "end": 1565153264316,
    "duration": 59,
    "pid": 18600,
    "index": 60
  },
  {
    "name": "Load \"controller\" to Application",
    "start": 1565153264258,
    "end": 1565153264316,
    "duration": 58,
    "pid": 18600,
    "index": 61
  },
  {
    "name": "Load Router",
    "start": 1565153264316,
    "end": 1565153264324,
    "duration": 8,
    "pid": 18600,
    "index": 62
  },
  {
    "name": "Require(45) app/router.js",
    "start": 1565153264317,
    "end": 1565153264319,
    "duration": 2,
    "pid": 18600,
    "index": 63
  },
  {
    "name": "Before Start in node_modules/egg-core/lib/egg.js:303:10",
    "start": 1565153264320,
    "end": 1565153264347,
    "duration": 27,
    "pid": 18600,
    "index": 64
  }
]