[
  {
    "name": "Application Start",
    "start": 1565003893631,
    "end": 1565003895715,
    "duration": 2084,
    "pid": 16964,
    "index": 0
  },
  {
    "name": "Load Plugin",
    "start": 1565003893647,
    "end": 1565003893744,
    "duration": 97,
    "pid": 16964,
    "index": 1
  },
  {
    "name": "Load Config",
    "start": 1565003893744,
    "end": 1565003893816,
    "duration": 72,
    "pid": 16964,
    "index": 2
  },
  {
    "name": "Require(0) config/config.default.js",
    "start": 1565003893746,
    "end": 1565003893747,
    "duration": 1,
    "pid": 16964,
    "index": 3
  },
  {
    "name": "Require(1) node_modules/egg-session/config/config.default.js",
    "start": 1565003893752,
    "end": 1565003893752,
    "duration": 0,
    "pid": 16964,
    "index": 4
  },
  {
    "name": "Require(2) node_modules/egg-security/config/config.default.js",
    "start": 1565003893754,
    "end": 1565003893755,
    "duration": 1,
    "pid": 16964,
    "index": 5
  },
  {
    "name": "Require(3) node_modules/egg-jsonp/config/config.default.js",
    "start": 1565003893758,
    "end": 1565003893758,
    "duration": 0,
    "pid": 16964,
    "index": 6
  },
  {
    "name": "Require(4) node_modules/egg-onerror/config/config.default.js",
    "start": 1565003893760,
    "end": 1565003893761,
    "duration": 1,
    "pid": 16964,
    "index": 7
  },
  {
    "name": "Require(5) node_modules/egg-i18n/config/config.default.js",
    "start": 1565003893763,
    "end": 1565003893764,
    "duration": 1,
    "pid": 16964,
    "index": 8
  },
  {
    "name": "Require(6) node_modules/egg-watcher/config/config.default.js",
    "start": 1565003893766,
    "end": 1565003893766,
    "duration": 0,
    "pid": 16964,
    "index": 9
  },
  {
    "name": "Require(7) node_modules/egg-schedule/config/config.default.js",
    "start": 1565003893768,
    "end": 1565003893769,
    "duration": 1,
    "pid": 16964,
    "index": 10
  },
  {
    "name": "Require(8) node_modules/egg-multipart/config/config.default.js",
    "start": 1565003893771,
    "end": 1565003893772,
    "duration": 1,
    "pid": 16964,
    "index": 11
  },
  {
    "name": "Require(9) node_modules/egg-logrotator/config/config.default.js",
    "start": 1565003893774,
    "end": 1565003893775,
    "duration": 1,
    "pid": 16964,
    "index": 12
  },
  {
    "name": "Require(10) node_modules/egg-static/config/config.default.js",
    "start": 1565003893777,
    "end": 1565003893778,
    "duration": 1,
    "pid": 16964,
    "index": 13
  },
  {
    "name": "Require(11) node_modules/egg-view/config/config.default.js",
    "start": 1565003893782,
    "end": 1565003893784,
    "duration": 2,
    "pid": 16964,
    "index": 14
  },
  {
    "name": "Require(12) node_modules/egg-cors/config/config.default.js",
    "start": 1565003893789,
    "end": 1565003893790,
    "duration": 1,
    "pid": 16964,
    "index": 15
  },
  {
    "name": "Require(13) node_modules/egg-mysql/config/config.default.js",
    "start": 1565003893792,
    "end": 1565003893792,
    "duration": 0,
    "pid": 16964,
    "index": 16
  },
  {
    "name": "Require(14) node_modules/egg/config/config.default.js",
    "start": 1565003893794,
    "end": 1565003893795,
    "duration": 1,
    "pid": 16964,
    "index": 17
  },
  {
    "name": "Require(15) config/config.default.js",
    "start": 1565003893797,
    "end": 1565003893797,
    "duration": 0,
    "pid": 16964,
    "index": 18
  },
  {
    "name": "Require(16) node_modules/egg-static/config/config.prod.js",
    "start": 1565003893808,
    "end": 1565003893809,
    "duration": 1,
    "pid": 16964,
    "index": 19
  },
  {
    "name": "Load extend/application.js",
    "start": 1565003893818,
    "end": 1565003893914,
    "duration": 96,
    "pid": 16964,
    "index": 20
  },
  {
    "name": "Require(17) node_modules/egg-session/app/extend/application.js",
    "start": 1565003893820,
    "end": 1565003893821,
    "duration": 1,
    "pid": 16964,
    "index": 21
  },
  {
    "name": "Require(18) node_modules/egg-security/app/extend/application.js",
    "start": 1565003893823,
    "end": 1565003893827,
    "duration": 4,
    "pid": 16964,
    "index": 22
  },
  {
    "name": "Require(19) node_modules/egg-jsonp/app/extend/application.js",
    "start": 1565003893828,
    "end": 1565003893834,
    "duration": 6,
    "pid": 16964,
    "index": 23
  },
  {
    "name": "Require(20) node_modules/egg-logrotator/app/extend/application.js",
    "start": 1565003893840,
    "end": 1565003893870,
    "duration": 30,
    "pid": 16964,
    "index": 24
  },
  {
    "name": "Require(21) node_modules/egg-view/app/extend/application.js",
    "start": 1565003893872,
    "end": 1565003893883,
    "duration": 11,
    "pid": 16964,
    "index": 25
  },
  {
    "name": "Load extend/request.js",
    "start": 1565003893914,
    "end": 1565003893951,
    "duration": 37,
    "pid": 16964,
    "index": 26
  },
  {
    "name": "Require(22) node_modules/egg/app/extend/request.js",
    "start": 1565003893930,
    "end": 1565003893935,
    "duration": 5,
    "pid": 16964,
    "index": 27
  },
  {
    "name": "Load extend/response.js",
    "start": 1565003893951,
    "end": 1565003893990,
    "duration": 39,
    "pid": 16964,
    "index": 28
  },
  {
    "name": "Require(23) node_modules/egg/app/extend/response.js",
    "start": 1565003893966,
    "end": 1565003893974,
    "duration": 8,
    "pid": 16964,
    "index": 29
  },
  {
    "name": "Load extend/context.js",
    "start": 1565003893990,
    "end": 1565003894223,
    "duration": 233,
    "pid": 16964,
    "index": 30
  },
  {
    "name": "Require(24) node_modules/egg-security/app/extend/context.js",
    "start": 1565003893992,
    "end": 1565003894058,
    "duration": 66,
    "pid": 16964,
    "index": 31
  },
  {
    "name": "Require(25) node_modules/egg-jsonp/app/extend/context.js",
    "start": 1565003894060,
    "end": 1565003894066,
    "duration": 6,
    "pid": 16964,
    "index": 32
  },
  {
    "name": "Require(26) node_modules/egg-i18n/app/extend/context.js",
    "start": 1565003894069,
    "end": 1565003894070,
    "duration": 1,
    "pid": 16964,
    "index": 33
  },
  {
    "name": "Require(27) node_modules/egg-multipart/app/extend/context.js",
    "start": 1565003894073,
    "end": 1565003894186,
    "duration": 113,
    "pid": 16964,
    "index": 34
  },
  {
    "name": "Require(28) node_modules/egg-view/app/extend/context.js",
    "start": 1565003894189,
    "end": 1565003894192,
    "duration": 3,
    "pid": 16964,
    "index": 35
  },
  {
    "name": "Require(29) node_modules/egg-validate/app/extend/context.js",
    "start": 1565003894194,
    "end": 1565003894195,
    "duration": 1,
    "pid": 16964,
    "index": 36
  },
  {
    "name": "Require(30) node_modules/egg/app/extend/context.js",
    "start": 1565003894197,
    "end": 1565003894210,
    "duration": 13,
    "pid": 16964,
    "index": 37
  },
  {
    "name": "Load extend/helper.js",
    "start": 1565003894223,
    "end": 1565003894310,
    "duration": 87,
    "pid": 16964,
    "index": 38
  },
  {
    "name": "Require(31) node_modules/egg-security/app/extend/helper.js",
    "start": 1565003894226,
    "end": 1565003894282,
    "duration": 56,
    "pid": 16964,
    "index": 39
  },
  {
    "name": "Require(32) node_modules/egg/app/extend/helper.js",
    "start": 1565003894295,
    "end": 1565003894296,
    "duration": 1,
    "pid": 16964,
    "index": 40
  },
  {
    "name": "Load app.js",
    "start": 1565003894310,
    "end": 1565003894523,
    "duration": 213,
    "pid": 16964,
    "index": 41
  },
  {
    "name": "Require(33) node_modules/egg-session/app.js",
    "start": 1565003894311,
    "end": 1565003894312,
    "duration": 1,
    "pid": 16964,
    "index": 42
  },
  {
    "name": "Require(34) node_modules/egg-security/app.js",
    "start": 1565003894314,
    "end": 1565003894322,
    "duration": 8,
    "pid": 16964,
    "index": 43
  },
  {
    "name": "Require(35) node_modules/egg-onerror/app.js",
    "start": 1565003894325,
    "end": 1565003894366,
    "duration": 41,
    "pid": 16964,
    "index": 44
  },
  {
    "name": "Require(36) node_modules/egg-i18n/app.js",
    "start": 1565003894368,
    "end": 1565003894414,
    "duration": 46,
    "pid": 16964,
    "index": 45
  },
  {
    "name": "Require(37) node_modules/egg-watcher/app.js",
    "start": 1565003894415,
    "end": 1565003894431,
    "duration": 16,
    "pid": 16964,
    "index": 46
  },
  {
    "name": "Require(38) node_modules/egg-schedule/app.js",
    "start": 1565003894433,
    "end": 1565003894439,
    "duration": 6,
    "pid": 16964,
    "index": 47
  },
  {
    "name": "Require(39) node_modules/egg-multipart/app.js",
    "start": 1565003894440,
    "end": 1565003894451,
    "duration": 11,
    "pid": 16964,
    "index": 48
  },
  {
    "name": "Require(40) node_modules/egg-logrotator/app.js",
    "start": 1565003894452,
    "end": 1565003894453,
    "duration": 1,
    "pid": 16964,
    "index": 49
  },
  {
    "name": "Require(41) node_modules/egg-static/app.js",
    "start": 1565003894455,
    "end": 1565003894455,
    "duration": 0,
    "pid": 16964,
    "index": 50
  },
  {
    "name": "Require(42) node_modules/egg-validate/app.js",
    "start": 1565003894459,
    "end": 1565003894464,
    "duration": 5,
    "pid": 16964,
    "index": 51
  },
  {
    "name": "Require(43) node_modules/egg-cors/app.js",
    "start": 1565003894465,
    "end": 1565003894466,
    "duration": 1,
    "pid": 16964,
    "index": 52
  },
  {
    "name": "Require(44) node_modules/egg-mysql/app.js",
    "start": 1565003894467,
    "end": 1565003894514,
    "duration": 47,
    "pid": 16964,
    "index": 53
  },
  {
    "name": "Before Start in node_modules/egg-watcher/lib/init.js:15:14",
    "start": 1565003894621,
    "end": 1565003895711,
    "duration": 1090,
    "pid": 16964,
    "index": 54
  },
  {
    "name": "Before Start in node_modules/egg-mysql/lib/mysql.js:20:7",
    "start": 1565003894948,
    "end": 1565003895707,
    "duration": 759,
    "pid": 16964,
    "index": 55
  },
  {
    "name": "Load Service",
    "start": 1565003894949,
    "end": 1565003895025,
    "duration": 76,
    "pid": 16964,
    "index": 56
  },
  {
    "name": "Load \"service\" to Context",
    "start": 1565003894949,
    "end": 1565003895025,
    "duration": 76,
    "pid": 16964,
    "index": 57
  },
  {
    "name": "Load Middleware",
    "start": 1565003895025,
    "end": 1565003895543,
    "duration": 518,
    "pid": 16964,
    "index": 58
  },
  {
    "name": "Load \"middlewares\" to Application",
    "start": 1565003895026,
    "end": 1565003895503,
    "duration": 477,
    "pid": 16964,
    "index": 59
  },
  {
    "name": "Load Controller",
    "start": 1565003895543,
    "end": 1565003895608,
    "duration": 65,
    "pid": 16964,
    "index": 60
  },
  {
    "name": "Load \"controller\" to Application",
    "start": 1565003895543,
    "end": 1565003895608,
    "duration": 65,
    "pid": 16964,
    "index": 61
  },
  {
    "name": "Load Router",
    "start": 1565003895608,
    "end": 1565003895616,
    "duration": 8,
    "pid": 16964,
    "index": 62
  },
  {
    "name": "Require(45) app/router.js",
    "start": 1565003895610,
    "end": 1565003895611,
    "duration": 1,
    "pid": 16964,
    "index": 63
  },
  {
    "name": "Before Start in node_modules/egg-core/lib/egg.js:303:10",
    "start": 1565003895612,
    "end": 1565003895642,
    "duration": 30,
    "pid": 16964,
    "index": 64
  }
]