[
  {
    "name": "Application Start",
    "start": 1565002788961,
    "end": 1565002790935,
    "duration": 1974,
    "pid": 5604,
    "index": 0
  },
  {
    "name": "Load Plugin",
    "start": 1565002788977,
    "end": 1565002789066,
    "duration": 89,
    "pid": 5604,
    "index": 1
  },
  {
    "name": "Load Config",
    "start": 1565002789066,
    "end": 1565002789129,
    "duration": 63,
    "pid": 5604,
    "index": 2
  },
  {
    "name": "Require(0) config/config.default.js",
    "start": 1565002789068,
    "end": 1565002789069,
    "duration": 1,
    "pid": 5604,
    "index": 3
  },
  {
    "name": "Require(1) node_modules/egg-session/config/config.default.js",
    "start": 1565002789074,
    "end": 1565002789075,
    "duration": 1,
    "pid": 5604,
    "index": 4
  },
  {
    "name": "Require(2) node_modules/egg-security/config/config.default.js",
    "start": 1565002789076,
    "end": 1565002789077,
    "duration": 1,
    "pid": 5604,
    "index": 5
  },
  {
    "name": "Require(3) node_modules/egg-jsonp/config/config.default.js",
    "start": 1565002789080,
    "end": 1565002789081,
    "duration": 1,
    "pid": 5604,
    "index": 6
  },
  {
    "name": "Require(4) node_modules/egg-onerror/config/config.default.js",
    "start": 1565002789083,
    "end": 1565002789083,
    "duration": 0,
    "pid": 5604,
    "index": 7
  },
  {
    "name": "Require(5) node_modules/egg-i18n/config/config.default.js",
    "start": 1565002789085,
    "end": 1565002789086,
    "duration": 1,
    "pid": 5604,
    "index": 8
  },
  {
    "name": "Require(6) node_modules/egg-watcher/config/config.default.js",
    "start": 1565002789088,
    "end": 1565002789088,
    "duration": 0,
    "pid": 5604,
    "index": 9
  },
  {
    "name": "Require(7) node_modules/egg-schedule/config/config.default.js",
    "start": 1565002789090,
    "end": 1565002789091,
    "duration": 1,
    "pid": 5604,
    "index": 10
  },
  {
    "name": "Require(8) node_modules/egg-multipart/config/config.default.js",
    "start": 1565002789093,
    "end": 1565002789093,
    "duration": 0,
    "pid": 5604,
    "index": 11
  },
  {
    "name": "Require(9) node_modules/egg-logrotator/config/config.default.js",
    "start": 1565002789096,
    "end": 1565002789096,
    "duration": 0,
    "pid": 5604,
    "index": 12
  },
  {
    "name": "Require(10) node_modules/egg-static/config/config.default.js",
    "start": 1565002789098,
    "end": 1565002789099,
    "duration": 1,
    "pid": 5604,
    "index": 13
  },
  {
    "name": "Require(11) node_modules/egg-view/config/config.default.js",
    "start": 1565002789101,
    "end": 1565002789101,
    "duration": 0,
    "pid": 5604,
    "index": 14
  },
  {
    "name": "Require(12) node_modules/egg-cors/config/config.default.js",
    "start": 1565002789104,
    "end": 1565002789105,
    "duration": 1,
    "pid": 5604,
    "index": 15
  },
  {
    "name": "Require(13) node_modules/egg-mysql/config/config.default.js",
    "start": 1565002789106,
    "end": 1565002789107,
    "duration": 1,
    "pid": 5604,
    "index": 16
  },
  {
    "name": "Require(14) node_modules/egg/config/config.default.js",
    "start": 1565002789109,
    "end": 1565002789110,
    "duration": 1,
    "pid": 5604,
    "index": 17
  },
  {
    "name": "Require(15) config/config.default.js",
    "start": 1565002789112,
    "end": 1565002789112,
    "duration": 0,
    "pid": 5604,
    "index": 18
  },
  {
    "name": "Require(16) node_modules/egg-static/config/config.prod.js",
    "start": 1565002789123,
    "end": 1565002789123,
    "duration": 0,
    "pid": 5604,
    "index": 19
  },
  {
    "name": "Load extend/application.js",
    "start": 1565002789132,
    "end": 1565002789203,
    "duration": 71,
    "pid": 5604,
    "index": 20
  },
  {
    "name": "Require(17) node_modules/egg-session/app/extend/application.js",
    "start": 1565002789133,
    "end": 1565002789134,
    "duration": 1,
    "pid": 5604,
    "index": 21
  },
  {
    "name": "Require(18) node_modules/egg-security/app/extend/application.js",
    "start": 1565002789136,
    "end": 1565002789141,
    "duration": 5,
    "pid": 5604,
    "index": 22
  },
  {
    "name": "Require(19) node_modules/egg-jsonp/app/extend/application.js",
    "start": 1565002789142,
    "end": 1565002789148,
    "duration": 6,
    "pid": 5604,
    "index": 23
  },
  {
    "name": "Require(20) node_modules/egg-logrotator/app/extend/application.js",
    "start": 1565002789154,
    "end": 1565002789178,
    "duration": 24,
    "pid": 5604,
    "index": 24
  },
  {
    "name": "Require(21) node_modules/egg-view/app/extend/application.js",
    "start": 1565002789181,
    "end": 1565002789185,
    "duration": 4,
    "pid": 5604,
    "index": 25
  },
  {
    "name": "Load extend/request.js",
    "start": 1565002789203,
    "end": 1565002789235,
    "duration": 32,
    "pid": 5604,
    "index": 26
  },
  {
    "name": "Require(22) node_modules/egg/app/extend/request.js",
    "start": 1565002789216,
    "end": 1565002789221,
    "duration": 5,
    "pid": 5604,
    "index": 27
  },
  {
    "name": "Load extend/response.js",
    "start": 1565002789235,
    "end": 1565002789271,
    "duration": 36,
    "pid": 5604,
    "index": 28
  },
  {
    "name": "Require(23) node_modules/egg/app/extend/response.js",
    "start": 1565002789249,
    "end": 1565002789257,
    "duration": 8,
    "pid": 5604,
    "index": 29
  },
  {
    "name": "Load extend/context.js",
    "start": 1565002789271,
    "end": 1565002789534,
    "duration": 263,
    "pid": 5604,
    "index": 30
  },
  {
    "name": "Require(24) node_modules/egg-security/app/extend/context.js",
    "start": 1565002789274,
    "end": 1565002789335,
    "duration": 61,
    "pid": 5604,
    "index": 31
  },
  {
    "name": "Require(25) node_modules/egg-jsonp/app/extend/context.js",
    "start": 1565002789336,
    "end": 1565002789342,
    "duration": 6,
    "pid": 5604,
    "index": 32
  },
  {
    "name": "Require(26) node_modules/egg-i18n/app/extend/context.js",
    "start": 1565002789345,
    "end": 1565002789346,
    "duration": 1,
    "pid": 5604,
    "index": 33
  },
  {
    "name": "Require(27) node_modules/egg-multipart/app/extend/context.js",
    "start": 1565002789349,
    "end": 1565002789496,
    "duration": 147,
    "pid": 5604,
    "index": 34
  },
  {
    "name": "Require(28) node_modules/egg-view/app/extend/context.js",
    "start": 1565002789499,
    "end": 1565002789502,
    "duration": 3,
    "pid": 5604,
    "index": 35
  },
  {
    "name": "Require(29) node_modules/egg-validate/app/extend/context.js",
    "start": 1565002789504,
    "end": 1565002789505,
    "duration": 1,
    "pid": 5604,
    "index": 36
  },
  {
    "name": "Require(30) node_modules/egg/app/extend/context.js",
    "start": 1565002789507,
    "end": 1565002789518,
    "duration": 11,
    "pid": 5604,
    "index": 37
  },
  {
    "name": "Load extend/helper.js",
    "start": 1565002789534,
    "end": 1565002789613,
    "duration": 79,
    "pid": 5604,
    "index": 38
  },
  {
    "name": "Require(31) node_modules/egg-security/app/extend/helper.js",
    "start": 1565002789536,
    "end": 1565002789589,
    "duration": 53,
    "pid": 5604,
    "index": 39
  },
  {
    "name": "Require(32) node_modules/egg/app/extend/helper.js",
    "start": 1565002789599,
    "end": 1565002789600,
    "duration": 1,
    "pid": 5604,
    "index": 40
  },
  {
    "name": "Load app.js",
    "start": 1565002789614,
    "end": 1565002789807,
    "duration": 193,
    "pid": 5604,
    "index": 41
  },
  {
    "name": "Require(33) node_modules/egg-session/app.js",
    "start": 1565002789615,
    "end": 1565002789616,
    "duration": 1,
    "pid": 5604,
    "index": 42
  },
  {
    "name": "Require(34) node_modules/egg-security/app.js",
    "start": 1565002789617,
    "end": 1565002789624,
    "duration": 7,
    "pid": 5604,
    "index": 43
  },
  {
    "name": "Require(35) node_modules/egg-onerror/app.js",
    "start": 1565002789626,
    "end": 1565002789661,
    "duration": 35,
    "pid": 5604,
    "index": 44
  },
  {
    "name": "Require(36) node_modules/egg-i18n/app.js",
    "start": 1565002789662,
    "end": 1565002789701,
    "duration": 39,
    "pid": 5604,
    "index": 45
  },
  {
    "name": "Require(37) node_modules/egg-watcher/app.js",
    "start": 1565002789702,
    "end": 1565002789715,
    "duration": 13,
    "pid": 5604,
    "index": 46
  },
  {
    "name": "Require(38) node_modules/egg-schedule/app.js",
    "start": 1565002789717,
    "end": 1565002789723,
    "duration": 6,
    "pid": 5604,
    "index": 47
  },
  {
    "name": "Require(39) node_modules/egg-multipart/app.js",
    "start": 1565002789724,
    "end": 1565002789734,
    "duration": 10,
    "pid": 5604,
    "index": 48
  },
  {
    "name": "Require(40) node_modules/egg-logrotator/app.js",
    "start": 1565002789735,
    "end": 1565002789736,
    "duration": 1,
    "pid": 5604,
    "index": 49
  },
  {
    "name": "Require(41) node_modules/egg-static/app.js",
    "start": 1565002789737,
    "end": 1565002789738,
    "duration": 1,
    "pid": 5604,
    "index": 50
  },
  {
    "name": "Require(42) node_modules/egg-validate/app.js",
    "start": 1565002789741,
    "end": 1565002789746,
    "duration": 5,
    "pid": 5604,
    "index": 51
  },
  {
    "name": "Require(43) node_modules/egg-cors/app.js",
    "start": 1565002789747,
    "end": 1565002789748,
    "duration": 1,
    "pid": 5604,
    "index": 52
  },
  {
    "name": "Require(44) node_modules/egg-mysql/app.js",
    "start": 1565002789749,
    "end": 1565002789803,
    "duration": 54,
    "pid": 5604,
    "index": 53
  },
  {
    "name": "Before Start in node_modules/egg-watcher/lib/init.js:15:14",
    "start": 1565002789842,
    "end": 1565002790927,
    "duration": 1085,
    "pid": 5604,
    "index": 54
  },
  {
    "name": "Before Start in node_modules/egg-mysql/lib/mysql.js:20:7",
    "start": 1565002790165,
    "end": 1565002790932,
    "duration": 767,
    "pid": 5604,
    "index": 55
  },
  {
    "name": "Load Service",
    "start": 1565002790166,
    "end": 1565002790234,
    "duration": 68,
    "pid": 5604,
    "index": 56
  },
  {
    "name": "Load \"service\" to Context",
    "start": 1565002790166,
    "end": 1565002790234,
    "duration": 68,
    "pid": 5604,
    "index": 57
  },
  {
    "name": "Load Middleware",
    "start": 1565002790234,
    "end": 1565002790777,
    "duration": 543,
    "pid": 5604,
    "index": 58
  },
  {
    "name": "Load \"middlewares\" to Application",
    "start": 1565002790234,
    "end": 1565002790739,
    "duration": 505,
    "pid": 5604,
    "index": 59
  },
  {
    "name": "Load Controller",
    "start": 1565002790777,
    "end": 1565002790857,
    "duration": 80,
    "pid": 5604,
    "index": 60
  },
  {
    "name": "Load \"controller\" to Application",
    "start": 1565002790777,
    "end": 1565002790857,
    "duration": 80,
    "pid": 5604,
    "index": 61
  },
  {
    "name": "Load Router",
    "start": 1565002790857,
    "end": 1565002790865,
    "duration": 8,
    "pid": 5604,
    "index": 62
  },
  {
    "name": "Require(45) app/router.js",
    "start": 1565002790859,
    "end": 1565002790860,
    "duration": 1,
    "pid": 5604,
    "index": 63
  },
  {
    "name": "Before Start in node_modules/egg-core/lib/egg.js:303:10",
    "start": 1565002790861,
    "end": 1565002790891,
    "duration": 30,
    "pid": 5604,
    "index": 64
  }
]