[
  {
    "name": "Application Start",
    "start": 1561523180658,
    "end": 1561523181772,
    "duration": 1114,
    "pid": 7788,
    "index": 0
  },
  {
    "name": "Load Plugin",
    "start": 1561523180668,
    "end": 1561523180714,
    "duration": 46,
    "pid": 7788,
    "index": 1
  },
  {
    "name": "Load Config",
    "start": 1561523180714,
    "end": 1561523180746,
    "duration": 32,
    "pid": 7788,
    "index": 2
  },
  {
    "name": "Require(0) config/config.default.js",
    "start": 1561523180714,
    "end": 1561523180714,
    "duration": 0,
    "pid": 7788,
    "index": 3
  },
  {
    "name": "Require(1) node_modules/egg-session/config/config.default.js",
    "start": 1561523180724,
    "end": 1561523180724,
    "duration": 0,
    "pid": 7788,
    "index": 4
  },
  {
    "name": "Require(2) node_modules/egg-security/config/config.default.js",
    "start": 1561523180724,
    "end": 1561523180724,
    "duration": 0,
    "pid": 7788,
    "index": 5
  },
  {
    "name": "Require(3) node_modules/egg-jsonp/config/config.default.js",
    "start": 1561523180724,
    "end": 1561523180724,
    "duration": 0,
    "pid": 7788,
    "index": 6
  },
  {
    "name": "Require(4) node_modules/egg-onerror/config/config.default.js",
    "start": 1561523180724,
    "end": 1561523180724,
    "duration": 0,
    "pid": 7788,
    "index": 7
  },
  {
    "name": "Require(5) node_modules/egg-i18n/config/config.default.js",
    "start": 1561523180724,
    "end": 1561523180724,
    "duration": 0,
    "pid": 7788,
    "index": 8
  },
  {
    "name": "Require(6) node_modules/egg-watcher/config/config.default.js",
    "start": 1561523180724,
    "end": 1561523180724,
    "duration": 0,
    "pid": 7788,
    "index": 9
  },
  {
    "name": "Require(7) node_modules/egg-schedule/config/config.default.js",
    "start": 1561523180724,
    "end": 1561523180724,
    "duration": 0,
    "pid": 7788,
    "index": 10
  },
  {
    "name": "Require(8) node_modules/egg-multipart/config/config.default.js",
    "start": 1561523180724,
    "end": 1561523180724,
    "duration": 0,
    "pid": 7788,
    "index": 11
  },
  {
    "name": "Require(9) node_modules/egg-logrotator/config/config.default.js",
    "start": 1561523180724,
    "end": 1561523180734,
    "duration": 10,
    "pid": 7788,
    "index": 12
  },
  {
    "name": "Require(10) node_modules/egg-static/config/config.default.js",
    "start": 1561523180735,
    "end": 1561523180735,
    "duration": 0,
    "pid": 7788,
    "index": 13
  },
  {
    "name": "Require(11) node_modules/egg-view/config/config.default.js",
    "start": 1561523180736,
    "end": 1561523180736,
    "duration": 0,
    "pid": 7788,
    "index": 14
  },
  {
    "name": "Require(12) node_modules/egg-cors/config/config.default.js",
    "start": 1561523180736,
    "end": 1561523180736,
    "duration": 0,
    "pid": 7788,
    "index": 15
  },
  {
    "name": "Require(13) node_modules/egg-mysql/config/config.default.js",
    "start": 1561523180736,
    "end": 1561523180736,
    "duration": 0,
    "pid": 7788,
    "index": 16
  },
  {
    "name": "Require(14) node_modules/egg/config/config.default.js",
    "start": 1561523180736,
    "end": 1561523180736,
    "duration": 0,
    "pid": 7788,
    "index": 17
  },
  {
    "name": "Require(15) config/config.default.js",
    "start": 1561523180736,
    "end": 1561523180736,
    "duration": 0,
    "pid": 7788,
    "index": 18
  },
  {
    "name": "Require(16) node_modules/egg-static/config/config.prod.js",
    "start": 1561523180736,
    "end": 1561523180736,
    "duration": 0,
    "pid": 7788,
    "index": 19
  },
  {
    "name": "Load extend/application.js",
    "start": 1561523180749,
    "end": 1561523180772,
    "duration": 23,
    "pid": 7788,
    "index": 20
  },
  {
    "name": "Require(17) node_modules/egg-session/app/extend/application.js",
    "start": 1561523180750,
    "end": 1561523180755,
    "duration": 5,
    "pid": 7788,
    "index": 21
  },
  {
    "name": "Require(18) node_modules/egg-security/app/extend/application.js",
    "start": 1561523180755,
    "end": 1561523180758,
    "duration": 3,
    "pid": 7788,
    "index": 22
  },
  {
    "name": "Require(19) node_modules/egg-jsonp/app/extend/application.js",
    "start": 1561523180759,
    "end": 1561523180761,
    "duration": 2,
    "pid": 7788,
    "index": 23
  },
  {
    "name": "Require(20) node_modules/egg-logrotator/app/extend/application.js",
    "start": 1561523180763,
    "end": 1561523180764,
    "duration": 1,
    "pid": 7788,
    "index": 24
  },
  {
    "name": "Require(21) node_modules/egg-view/app/extend/application.js",
    "start": 1561523180765,
    "end": 1561523180767,
    "duration": 2,
    "pid": 7788,
    "index": 25
  },
  {
    "name": "Load extend/request.js",
    "start": 1561523180772,
    "end": 1561523180789,
    "duration": 17,
    "pid": 7788,
    "index": 26
  },
  {
    "name": "Require(22) node_modules/egg/app/extend/request.js",
    "start": 1561523180776,
    "end": 1561523180785,
    "duration": 9,
    "pid": 7788,
    "index": 27
  },
  {
    "name": "Load extend/response.js",
    "start": 1561523180789,
    "end": 1561523180798,
    "duration": 9,
    "pid": 7788,
    "index": 28
  },
  {
    "name": "Require(23) node_modules/egg/app/extend/response.js",
    "start": 1561523180793,
    "end": 1561523180795,
    "duration": 2,
    "pid": 7788,
    "index": 29
  },
  {
    "name": "Load extend/context.js",
    "start": 1561523180799,
    "end": 1561523180905,
    "duration": 106,
    "pid": 7788,
    "index": 30
  },
  {
    "name": "Require(24) node_modules/egg-security/app/extend/context.js",
    "start": 1561523180799,
    "end": 1561523180814,
    "duration": 15,
    "pid": 7788,
    "index": 31
  },
  {
    "name": "Require(25) node_modules/egg-jsonp/app/extend/context.js",
    "start": 1561523180815,
    "end": 1561523180816,
    "duration": 1,
    "pid": 7788,
    "index": 32
  },
  {
    "name": "Require(26) node_modules/egg-i18n/app/extend/context.js",
    "start": 1561523180817,
    "end": 1561523180818,
    "duration": 1,
    "pid": 7788,
    "index": 33
  },
  {
    "name": "Require(27) node_modules/egg-multipart/app/extend/context.js",
    "start": 1561523180819,
    "end": 1561523180895,
    "duration": 76,
    "pid": 7788,
    "index": 34
  },
  {
    "name": "Require(28) node_modules/egg-view/app/extend/context.js",
    "start": 1561523180896,
    "end": 1561523180898,
    "duration": 2,
    "pid": 7788,
    "index": 35
  },
  {
    "name": "Require(29) node_modules/egg-validate/app/extend/context.js",
    "start": 1561523180898,
    "end": 1561523180899,
    "duration": 1,
    "pid": 7788,
    "index": 36
  },
  {
    "name": "Require(30) node_modules/egg/app/extend/context.js",
    "start": 1561523180899,
    "end": 1561523180901,
    "duration": 2,
    "pid": 7788,
    "index": 37
  },
  {
    "name": "Load extend/helper.js",
    "start": 1561523180905,
    "end": 1561523180951,
    "duration": 46,
    "pid": 7788,
    "index": 38
  },
  {
    "name": "Require(31) node_modules/egg-security/app/extend/helper.js",
    "start": 1561523180906,
    "end": 1561523180943,
    "duration": 37,
    "pid": 7788,
    "index": 39
  },
  {
    "name": "Require(32) node_modules/egg/app/extend/helper.js",
    "start": 1561523180946,
    "end": 1561523180947,
    "duration": 1,
    "pid": 7788,
    "index": 40
  },
  {
    "name": "Load app.js",
    "start": 1561523180951,
    "end": 1561523181068,
    "duration": 117,
    "pid": 7788,
    "index": 41
  },
  {
    "name": "Require(33) node_modules/egg-session/app.js",
    "start": 1561523180952,
    "end": 1561523180952,
    "duration": 0,
    "pid": 7788,
    "index": 42
  },
  {
    "name": "Require(34) node_modules/egg-security/app.js",
    "start": 1561523180953,
    "end": 1561523180956,
    "duration": 3,
    "pid": 7788,
    "index": 43
  },
  {
    "name": "Require(35) node_modules/egg-onerror/app.js",
    "start": 1561523180957,
    "end": 1561523180982,
    "duration": 25,
    "pid": 7788,
    "index": 44
  },
  {
    "name": "Require(36) node_modules/egg-i18n/app.js",
    "start": 1561523180983,
    "end": 1561523181019,
    "duration": 36,
    "pid": 7788,
    "index": 45
  },
  {
    "name": "Require(37) node_modules/egg-watcher/app.js",
    "start": 1561523181019,
    "end": 1561523181024,
    "duration": 5,
    "pid": 7788,
    "index": 46
  },
  {
    "name": "Require(38) node_modules/egg-schedule/app.js",
    "start": 1561523181025,
    "end": 1561523181027,
    "duration": 2,
    "pid": 7788,
    "index": 47
  },
  {
    "name": "Require(39) node_modules/egg-multipart/app.js",
    "start": 1561523181028,
    "end": 1561523181034,
    "duration": 6,
    "pid": 7788,
    "index": 48
  },
  {
    "name": "Require(40) node_modules/egg-logrotator/app.js",
    "start": 1561523181034,
    "end": 1561523181035,
    "duration": 1,
    "pid": 7788,
    "index": 49
  },
  {
    "name": "Require(41) node_modules/egg-static/app.js",
    "start": 1561523181036,
    "end": 1561523181036,
    "duration": 0,
    "pid": 7788,
    "index": 50
  },
  {
    "name": "Require(42) node_modules/egg-validate/app.js",
    "start": 1561523181037,
    "end": 1561523181041,
    "duration": 4,
    "pid": 7788,
    "index": 51
  },
  {
    "name": "Require(43) node_modules/egg-cors/app.js",
    "start": 1561523181042,
    "end": 1561523181043,
    "duration": 1,
    "pid": 7788,
    "index": 52
  },
  {
    "name": "Require(44) node_modules/egg-mysql/app.js",
    "start": 1561523181043,
    "end": 1561523181067,
    "duration": 24,
    "pid": 7788,
    "index": 53
  },
  {
    "name": "Before Start in node_modules/egg-watcher/lib/init.js:15:14",
    "start": 1561523181091,
    "end": 1561523181768,
    "duration": 677,
    "pid": 7788,
    "index": 54
  },
  {
    "name": "Before Start in node_modules/egg-mysql/lib/mysql.js:20:7",
    "start": 1561523181330,
    "end": 1561523181771,
    "duration": 441,
    "pid": 7788,
    "index": 55
  },
  {
    "name": "Load Service",
    "start": 1561523181330,
    "end": 1561523181365,
    "duration": 35,
    "pid": 7788,
    "index": 56
  },
  {
    "name": "Load \"service\" to Context",
    "start": 1561523181331,
    "end": 1561523181365,
    "duration": 34,
    "pid": 7788,
    "index": 57
  },
  {
    "name": "Load Middleware",
    "start": 1561523181365,
    "end": 1561523181614,
    "duration": 249,
    "pid": 7788,
    "index": 58
  },
  {
    "name": "Load \"middlewares\" to Application",
    "start": 1561523181366,
    "end": 1561523181592,
    "duration": 226,
    "pid": 7788,
    "index": 59
  },
  {
    "name": "Load Controller",
    "start": 1561523181615,
    "end": 1561523181650,
    "duration": 35,
    "pid": 7788,
    "index": 60
  },
  {
    "name": "Load \"controller\" to Application",
    "start": 1561523181615,
    "end": 1561523181650,
    "duration": 35,
    "pid": 7788,
    "index": 61
  },
  {
    "name": "Load Router",
    "start": 1561523181650,
    "end": 1561523181654,
    "duration": 4,
    "pid": 7788,
    "index": 62
  },
  {
    "name": "Require(45) app/router.js",
    "start": 1561523181651,
    "end": 1561523181652,
    "duration": 1,
    "pid": 7788,
    "index": 63
  },
  {
    "name": "Before Start in node_modules/egg-core/lib/egg.js:303:10",
    "start": 1561523181653,
    "end": 1561523181686,
    "duration": 33,
    "pid": 7788,
    "index": 64
  }
]