[
  {
    "name": "Application Start",
    "start": 1565002788802,
    "end": 1565002790826,
    "duration": 2024,
    "pid": 2240,
    "index": 0
  },
  {
    "name": "Load Plugin",
    "start": 1565002788818,
    "end": 1565002788907,
    "duration": 89,
    "pid": 2240,
    "index": 1
  },
  {
    "name": "Load Config",
    "start": 1565002788907,
    "end": 1565002788971,
    "duration": 64,
    "pid": 2240,
    "index": 2
  },
  {
    "name": "Require(0) config/config.default.js",
    "start": 1565002788909,
    "end": 1565002788910,
    "duration": 1,
    "pid": 2240,
    "index": 3
  },
  {
    "name": "Require(1) node_modules/egg-session/config/config.default.js",
    "start": 1565002788915,
    "end": 1565002788915,
    "duration": 0,
    "pid": 2240,
    "index": 4
  },
  {
    "name": "Require(2) node_modules/egg-security/config/config.default.js",
    "start": 1565002788917,
    "end": 1565002788918,
    "duration": 1,
    "pid": 2240,
    "index": 5
  },
  {
    "name": "Require(3) node_modules/egg-jsonp/config/config.default.js",
    "start": 1565002788921,
    "end": 1565002788922,
    "duration": 1,
    "pid": 2240,
    "index": 6
  },
  {
    "name": "Require(4) node_modules/egg-onerror/config/config.default.js",
    "start": 1565002788924,
    "end": 1565002788924,
    "duration": 0,
    "pid": 2240,
    "index": 7
  },
  {
    "name": "Require(5) node_modules/egg-i18n/config/config.default.js",
    "start": 1565002788926,
    "end": 1565002788926,
    "duration": 0,
    "pid": 2240,
    "index": 8
  },
  {
    "name": "Require(6) node_modules/egg-watcher/config/config.default.js",
    "start": 1565002788928,
    "end": 1565002788929,
    "duration": 1,
    "pid": 2240,
    "index": 9
  },
  {
    "name": "Require(7) node_modules/egg-schedule/config/config.default.js",
    "start": 1565002788931,
    "end": 1565002788931,
    "duration": 0,
    "pid": 2240,
    "index": 10
  },
  {
    "name": "Require(8) node_modules/egg-multipart/config/config.default.js",
    "start": 1565002788933,
    "end": 1565002788934,
    "duration": 1,
    "pid": 2240,
    "index": 11
  },
  {
    "name": "Require(9) node_modules/egg-logrotator/config/config.default.js",
    "start": 1565002788936,
    "end": 1565002788937,
    "duration": 1,
    "pid": 2240,
    "index": 12
  },
  {
    "name": "Require(10) node_modules/egg-static/config/config.default.js",
    "start": 1565002788939,
    "end": 1565002788940,
    "duration": 1,
    "pid": 2240,
    "index": 13
  },
  {
    "name": "Require(11) node_modules/egg-view/config/config.default.js",
    "start": 1565002788942,
    "end": 1565002788942,
    "duration": 0,
    "pid": 2240,
    "index": 14
  },
  {
    "name": "Require(12) node_modules/egg-cors/config/config.default.js",
    "start": 1565002788946,
    "end": 1565002788946,
    "duration": 0,
    "pid": 2240,
    "index": 15
  },
  {
    "name": "Require(13) node_modules/egg-mysql/config/config.default.js",
    "start": 1565002788948,
    "end": 1565002788948,
    "duration": 0,
    "pid": 2240,
    "index": 16
  },
  {
    "name": "Require(14) node_modules/egg/config/config.default.js",
    "start": 1565002788950,
    "end": 1565002788951,
    "duration": 1,
    "pid": 2240,
    "index": 17
  },
  {
    "name": "Require(15) config/config.default.js",
    "start": 1565002788953,
    "end": 1565002788953,
    "duration": 0,
    "pid": 2240,
    "index": 18
  },
  {
    "name": "Require(16) node_modules/egg-static/config/config.prod.js",
    "start": 1565002788964,
    "end": 1565002788965,
    "duration": 1,
    "pid": 2240,
    "index": 19
  },
  {
    "name": "Load extend/application.js",
    "start": 1565002788973,
    "end": 1565002789042,
    "duration": 69,
    "pid": 2240,
    "index": 20
  },
  {
    "name": "Require(17) node_modules/egg-session/app/extend/application.js",
    "start": 1565002788975,
    "end": 1565002788976,
    "duration": 1,
    "pid": 2240,
    "index": 21
  },
  {
    "name": "Require(18) node_modules/egg-security/app/extend/application.js",
    "start": 1565002788978,
    "end": 1565002788981,
    "duration": 3,
    "pid": 2240,
    "index": 22
  },
  {
    "name": "Require(19) node_modules/egg-jsonp/app/extend/application.js",
    "start": 1565002788983,
    "end": 1565002788988,
    "duration": 5,
    "pid": 2240,
    "index": 23
  },
  {
    "name": "Require(20) node_modules/egg-logrotator/app/extend/application.js",
    "start": 1565002788994,
    "end": 1565002789019,
    "duration": 25,
    "pid": 2240,
    "index": 24
  },
  {
    "name": "Require(21) node_modules/egg-view/app/extend/application.js",
    "start": 1565002789021,
    "end": 1565002789025,
    "duration": 4,
    "pid": 2240,
    "index": 25
  },
  {
    "name": "Load extend/request.js",
    "start": 1565002789042,
    "end": 1565002789077,
    "duration": 35,
    "pid": 2240,
    "index": 26
  },
  {
    "name": "Require(22) node_modules/egg/app/extend/request.js",
    "start": 1565002789057,
    "end": 1565002789063,
    "duration": 6,
    "pid": 2240,
    "index": 27
  },
  {
    "name": "Load extend/response.js",
    "start": 1565002789077,
    "end": 1565002789112,
    "duration": 35,
    "pid": 2240,
    "index": 28
  },
  {
    "name": "Require(23) node_modules/egg/app/extend/response.js",
    "start": 1565002789091,
    "end": 1565002789099,
    "duration": 8,
    "pid": 2240,
    "index": 29
  },
  {
    "name": "Load extend/context.js",
    "start": 1565002789112,
    "end": 1565002789333,
    "duration": 221,
    "pid": 2240,
    "index": 30
  },
  {
    "name": "Require(24) node_modules/egg-security/app/extend/context.js",
    "start": 1565002789115,
    "end": 1565002789174,
    "duration": 59,
    "pid": 2240,
    "index": 31
  },
  {
    "name": "Require(25) node_modules/egg-jsonp/app/extend/context.js",
    "start": 1565002789175,
    "end": 1565002789181,
    "duration": 6,
    "pid": 2240,
    "index": 32
  },
  {
    "name": "Require(26) node_modules/egg-i18n/app/extend/context.js",
    "start": 1565002789183,
    "end": 1565002789184,
    "duration": 1,
    "pid": 2240,
    "index": 33
  },
  {
    "name": "Require(27) node_modules/egg-multipart/app/extend/context.js",
    "start": 1565002789187,
    "end": 1565002789297,
    "duration": 110,
    "pid": 2240,
    "index": 34
  },
  {
    "name": "Require(28) node_modules/egg-view/app/extend/context.js",
    "start": 1565002789300,
    "end": 1565002789303,
    "duration": 3,
    "pid": 2240,
    "index": 35
  },
  {
    "name": "Require(29) node_modules/egg-validate/app/extend/context.js",
    "start": 1565002789304,
    "end": 1565002789305,
    "duration": 1,
    "pid": 2240,
    "index": 36
  },
  {
    "name": "Require(30) node_modules/egg/app/extend/context.js",
    "start": 1565002789308,
    "end": 1565002789318,
    "duration": 10,
    "pid": 2240,
    "index": 37
  },
  {
    "name": "Load extend/helper.js",
    "start": 1565002789333,
    "end": 1565002789417,
    "duration": 84,
    "pid": 2240,
    "index": 38
  },
  {
    "name": "Require(31) node_modules/egg-security/app/extend/helper.js",
    "start": 1565002789335,
    "end": 1565002789389,
    "duration": 54,
    "pid": 2240,
    "index": 39
  },
  {
    "name": "Require(32) node_modules/egg/app/extend/helper.js",
    "start": 1565002789402,
    "end": 1565002789403,
    "duration": 1,
    "pid": 2240,
    "index": 40
  },
  {
    "name": "Load app.js",
    "start": 1565002789417,
    "end": 1565002789617,
    "duration": 200,
    "pid": 2240,
    "index": 41
  },
  {
    "name": "Require(33) node_modules/egg-session/app.js",
    "start": 1565002789418,
    "end": 1565002789419,
    "duration": 1,
    "pid": 2240,
    "index": 42
  },
  {
    "name": "Require(34) node_modules/egg-security/app.js",
    "start": 1565002789424,
    "end": 1565002789433,
    "duration": 9,
    "pid": 2240,
    "index": 43
  },
  {
    "name": "Require(35) node_modules/egg-onerror/app.js",
    "start": 1565002789436,
    "end": 1565002789477,
    "duration": 41,
    "pid": 2240,
    "index": 44
  },
  {
    "name": "Require(36) node_modules/egg-i18n/app.js",
    "start": 1565002789478,
    "end": 1565002789518,
    "duration": 40,
    "pid": 2240,
    "index": 45
  },
  {
    "name": "Require(37) node_modules/egg-watcher/app.js",
    "start": 1565002789519,
    "end": 1565002789534,
    "duration": 15,
    "pid": 2240,
    "index": 46
  },
  {
    "name": "Require(38) node_modules/egg-schedule/app.js",
    "start": 1565002789535,
    "end": 1565002789540,
    "duration": 5,
    "pid": 2240,
    "index": 47
  },
  {
    "name": "Require(39) node_modules/egg-multipart/app.js",
    "start": 1565002789541,
    "end": 1565002789551,
    "duration": 10,
    "pid": 2240,
    "index": 48
  },
  {
    "name": "Require(40) node_modules/egg-logrotator/app.js",
    "start": 1565002789553,
    "end": 1565002789553,
    "duration": 0,
    "pid": 2240,
    "index": 49
  },
  {
    "name": "Require(41) node_modules/egg-static/app.js",
    "start": 1565002789555,
    "end": 1565002789555,
    "duration": 0,
    "pid": 2240,
    "index": 50
  },
  {
    "name": "Require(42) node_modules/egg-validate/app.js",
    "start": 1565002789560,
    "end": 1565002789566,
    "duration": 6,
    "pid": 2240,
    "index": 51
  },
  {
    "name": "Require(43) node_modules/egg-cors/app.js",
    "start": 1565002789567,
    "end": 1565002789569,
    "duration": 2,
    "pid": 2240,
    "index": 52
  },
  {
    "name": "Require(44) node_modules/egg-mysql/app.js",
    "start": 1565002789570,
    "end": 1565002789613,
    "duration": 43,
    "pid": 2240,
    "index": 53
  },
  {
    "name": "Before Start in node_modules/egg-watcher/lib/init.js:15:14",
    "start": 1565002789653,
    "end": 1565002790768,
    "duration": 1115,
    "pid": 2240,
    "index": 54
  },
  {
    "name": "Before Start in node_modules/egg-mysql/lib/mysql.js:20:7",
    "start": 1565002789977,
    "end": 1565002790823,
    "duration": 846,
    "pid": 2240,
    "index": 55
  },
  {
    "name": "Load Service",
    "start": 1565002789977,
    "end": 1565002790038,
    "duration": 61,
    "pid": 2240,
    "index": 56
  },
  {
    "name": "Load \"service\" to Context",
    "start": 1565002789978,
    "end": 1565002790038,
    "duration": 60,
    "pid": 2240,
    "index": 57
  },
  {
    "name": "Load Middleware",
    "start": 1565002790039,
    "end": 1565002790571,
    "duration": 532,
    "pid": 2240,
    "index": 58
  },
  {
    "name": "Load \"middlewares\" to Application",
    "start": 1565002790039,
    "end": 1565002790534,
    "duration": 495,
    "pid": 2240,
    "index": 59
  },
  {
    "name": "Load Controller",
    "start": 1565002790571,
    "end": 1565002790632,
    "duration": 61,
    "pid": 2240,
    "index": 60
  },
  {
    "name": "Load \"controller\" to Application",
    "start": 1565002790571,
    "end": 1565002790632,
    "duration": 61,
    "pid": 2240,
    "index": 61
  },
  {
    "name": "Load Router",
    "start": 1565002790632,
    "end": 1565002790641,
    "duration": 9,
    "pid": 2240,
    "index": 62
  },
  {
    "name": "Require(45) app/router.js",
    "start": 1565002790633,
    "end": 1565002790634,
    "duration": 1,
    "pid": 2240,
    "index": 63
  },
  {
    "name": "Before Start in node_modules/egg-core/lib/egg.js:303:10",
    "start": 1565002790636,
    "end": 1565002790709,
    "duration": 73,
    "pid": 2240,
    "index": 64
  }
]