[
  {
    "name": "Application Start",
    "start": 1565153262195,
    "end": 1565153264945,
    "duration": 2750,
    "pid": 5356,
    "index": 0
  },
  {
    "name": "Load Plugin",
    "start": 1565153262211,
    "end": 1565153262312,
    "duration": 101,
    "pid": 5356,
    "index": 1
  },
  {
    "name": "Load Config",
    "start": 1565153262312,
    "end": 1565153262397,
    "duration": 85,
    "pid": 5356,
    "index": 2
  },
  {
    "name": "Require(0) config/config.default.js",
    "start": 1565153262317,
    "end": 1565153262322,
    "duration": 5,
    "pid": 5356,
    "index": 3
  },
  {
    "name": "Require(1) node_modules/egg-session/config/config.default.js",
    "start": 1565153262330,
    "end": 1565153262331,
    "duration": 1,
    "pid": 5356,
    "index": 4
  },
  {
    "name": "Require(2) node_modules/egg-security/config/config.default.js",
    "start": 1565153262336,
    "end": 1565153262336,
    "duration": 0,
    "pid": 5356,
    "index": 5
  },
  {
    "name": "Require(3) node_modules/egg-jsonp/config/config.default.js",
    "start": 1565153262339,
    "end": 1565153262340,
    "duration": 1,
    "pid": 5356,
    "index": 6
  },
  {
    "name": "Require(4) node_modules/egg-onerror/config/config.default.js",
    "start": 1565153262341,
    "end": 1565153262342,
    "duration": 1,
    "pid": 5356,
    "index": 7
  },
  {
    "name": "Require(5) node_modules/egg-i18n/config/config.default.js",
    "start": 1565153262344,
    "end": 1565153262344,
    "duration": 0,
    "pid": 5356,
    "index": 8
  },
  {
    "name": "Require(6) node_modules/egg-watcher/config/config.default.js",
    "start": 1565153262346,
    "end": 1565153262347,
    "duration": 1,
    "pid": 5356,
    "index": 9
  },
  {
    "name": "Require(7) node_modules/egg-schedule/config/config.default.js",
    "start": 1565153262348,
    "end": 1565153262349,
    "duration": 1,
    "pid": 5356,
    "index": 10
  },
  {
    "name": "Require(8) node_modules/egg-multipart/config/config.default.js",
    "start": 1565153262351,
    "end": 1565153262352,
    "duration": 1,
    "pid": 5356,
    "index": 11
  },
  {
    "name": "Require(9) node_modules/egg-logrotator/config/config.default.js",
    "start": 1565153262354,
    "end": 1565153262354,
    "duration": 0,
    "pid": 5356,
    "index": 12
  },
  {
    "name": "Require(10) node_modules/egg-static/config/config.default.js",
    "start": 1565153262356,
    "end": 1565153262357,
    "duration": 1,
    "pid": 5356,
    "index": 13
  },
  {
    "name": "Require(11) node_modules/egg-view/config/config.default.js",
    "start": 1565153262365,
    "end": 1565153262366,
    "duration": 1,
    "pid": 5356,
    "index": 14
  },
  {
    "name": "Require(12) node_modules/egg-cors/config/config.default.js",
    "start": 1565153262369,
    "end": 1565153262369,
    "duration": 0,
    "pid": 5356,
    "index": 15
  },
  {
    "name": "Require(13) node_modules/egg-mysql/config/config.default.js",
    "start": 1565153262371,
    "end": 1565153262371,
    "duration": 0,
    "pid": 5356,
    "index": 16
  },
  {
    "name": "Require(14) node_modules/egg/config/config.default.js",
    "start": 1565153262373,
    "end": 1565153262374,
    "duration": 1,
    "pid": 5356,
    "index": 17
  },
  {
    "name": "Require(15) config/config.default.js",
    "start": 1565153262376,
    "end": 1565153262376,
    "duration": 0,
    "pid": 5356,
    "index": 18
  },
  {
    "name": "Require(16) node_modules/egg-static/config/config.prod.js",
    "start": 1565153262388,
    "end": 1565153262389,
    "duration": 1,
    "pid": 5356,
    "index": 19
  },
  {
    "name": "Load extend/application.js",
    "start": 1565153262402,
    "end": 1565153262488,
    "duration": 86,
    "pid": 5356,
    "index": 20
  },
  {
    "name": "Require(17) node_modules/egg-session/app/extend/application.js",
    "start": 1565153262404,
    "end": 1565153262405,
    "duration": 1,
    "pid": 5356,
    "index": 21
  },
  {
    "name": "Require(18) node_modules/egg-security/app/extend/application.js",
    "start": 1565153262407,
    "end": 1565153262412,
    "duration": 5,
    "pid": 5356,
    "index": 22
  },
  {
    "name": "Require(19) node_modules/egg-jsonp/app/extend/application.js",
    "start": 1565153262414,
    "end": 1565153262423,
    "duration": 9,
    "pid": 5356,
    "index": 23
  },
  {
    "name": "Require(20) node_modules/egg-logrotator/app/extend/application.js",
    "start": 1565153262428,
    "end": 1565153262455,
    "duration": 27,
    "pid": 5356,
    "index": 24
  },
  {
    "name": "Require(21) node_modules/egg-view/app/extend/application.js",
    "start": 1565153262458,
    "end": 1565153262465,
    "duration": 7,
    "pid": 5356,
    "index": 25
  },
  {
    "name": "Load extend/request.js",
    "start": 1565153262488,
    "end": 1565153262523,
    "duration": 35,
    "pid": 5356,
    "index": 26
  },
  {
    "name": "Require(22) node_modules/egg/app/extend/request.js",
    "start": 1565153262504,
    "end": 1565153262510,
    "duration": 6,
    "pid": 5356,
    "index": 27
  },
  {
    "name": "Load extend/response.js",
    "start": 1565153262523,
    "end": 1565153262560,
    "duration": 37,
    "pid": 5356,
    "index": 28
  },
  {
    "name": "Require(23) node_modules/egg/app/extend/response.js",
    "start": 1565153262536,
    "end": 1565153262543,
    "duration": 7,
    "pid": 5356,
    "index": 29
  },
  {
    "name": "Load extend/context.js",
    "start": 1565153262560,
    "end": 1565153262867,
    "duration": 307,
    "pid": 5356,
    "index": 30
  },
  {
    "name": "Require(24) node_modules/egg-security/app/extend/context.js",
    "start": 1565153262562,
    "end": 1565153262639,
    "duration": 77,
    "pid": 5356,
    "index": 31
  },
  {
    "name": "Require(25) node_modules/egg-jsonp/app/extend/context.js",
    "start": 1565153262640,
    "end": 1565153262646,
    "duration": 6,
    "pid": 5356,
    "index": 32
  },
  {
    "name": "Require(26) node_modules/egg-i18n/app/extend/context.js",
    "start": 1565153262648,
    "end": 1565153262649,
    "duration": 1,
    "pid": 5356,
    "index": 33
  },
  {
    "name": "Require(27) node_modules/egg-multipart/app/extend/context.js",
    "start": 1565153262652,
    "end": 1565153262817,
    "duration": 165,
    "pid": 5356,
    "index": 34
  },
  {
    "name": "Require(28) node_modules/egg-view/app/extend/context.js",
    "start": 1565153262819,
    "end": 1565153262822,
    "duration": 3,
    "pid": 5356,
    "index": 35
  },
  {
    "name": "Require(29) node_modules/egg-validate/app/extend/context.js",
    "start": 1565153262824,
    "end": 1565153262824,
    "duration": 0,
    "pid": 5356,
    "index": 36
  },
  {
    "name": "Require(30) node_modules/egg/app/extend/context.js",
    "start": 1565153262827,
    "end": 1565153262839,
    "duration": 12,
    "pid": 5356,
    "index": 37
  },
  {
    "name": "Load extend/helper.js",
    "start": 1565153262867,
    "end": 1565153263005,
    "duration": 138,
    "pid": 5356,
    "index": 38
  },
  {
    "name": "Require(31) node_modules/egg-security/app/extend/helper.js",
    "start": 1565153262869,
    "end": 1565153262961,
    "duration": 92,
    "pid": 5356,
    "index": 39
  },
  {
    "name": "Require(32) node_modules/egg/app/extend/helper.js",
    "start": 1565153262976,
    "end": 1565153262977,
    "duration": 1,
    "pid": 5356,
    "index": 40
  },
  {
    "name": "Load app.js",
    "start": 1565153263005,
    "end": 1565153263220,
    "duration": 215,
    "pid": 5356,
    "index": 41
  },
  {
    "name": "Require(33) node_modules/egg-session/app.js",
    "start": 1565153263007,
    "end": 1565153263008,
    "duration": 1,
    "pid": 5356,
    "index": 42
  },
  {
    "name": "Require(34) node_modules/egg-security/app.js",
    "start": 1565153263009,
    "end": 1565153263023,
    "duration": 14,
    "pid": 5356,
    "index": 43
  },
  {
    "name": "Require(35) node_modules/egg-onerror/app.js",
    "start": 1565153263027,
    "end": 1565153263076,
    "duration": 49,
    "pid": 5356,
    "index": 44
  },
  {
    "name": "Require(36) node_modules/egg-i18n/app.js",
    "start": 1565153263078,
    "end": 1565153263115,
    "duration": 37,
    "pid": 5356,
    "index": 45
  },
  {
    "name": "Require(37) node_modules/egg-watcher/app.js",
    "start": 1565153263116,
    "end": 1565153263132,
    "duration": 16,
    "pid": 5356,
    "index": 46
  },
  {
    "name": "Require(38) node_modules/egg-schedule/app.js",
    "start": 1565153263133,
    "end": 1565153263139,
    "duration": 6,
    "pid": 5356,
    "index": 47
  },
  {
    "name": "Require(39) node_modules/egg-multipart/app.js",
    "start": 1565153263140,
    "end": 1565153263150,
    "duration": 10,
    "pid": 5356,
    "index": 48
  },
  {
    "name": "Require(40) node_modules/egg-logrotator/app.js",
    "start": 1565153263151,
    "end": 1565153263152,
    "duration": 1,
    "pid": 5356,
    "index": 49
  },
  {
    "name": "Require(41) node_modules/egg-static/app.js",
    "start": 1565153263153,
    "end": 1565153263154,
    "duration": 1,
    "pid": 5356,
    "index": 50
  },
  {
    "name": "Require(42) node_modules/egg-validate/app.js",
    "start": 1565153263157,
    "end": 1565153263162,
    "duration": 5,
    "pid": 5356,
    "index": 51
  },
  {
    "name": "Require(43) node_modules/egg-cors/app.js",
    "start": 1565153263164,
    "end": 1565153263164,
    "duration": 0,
    "pid": 5356,
    "index": 52
  },
  {
    "name": "Require(44) node_modules/egg-mysql/app.js",
    "start": 1565153263166,
    "end": 1565153263212,
    "duration": 46,
    "pid": 5356,
    "index": 53
  },
  {
    "name": "Before Start in node_modules/egg-watcher/lib/init.js:15:14",
    "start": 1565153263274,
    "end": 1565153264944,
    "duration": 1670,
    "pid": 5356,
    "index": 54
  },
  {
    "name": "Before Start in node_modules/egg-mysql/lib/mysql.js:20:7",
    "start": 1565153263711,
    "end": 1565153264436,
    "duration": 725,
    "pid": 5356,
    "index": 55
  },
  {
    "name": "Load Service",
    "start": 1565153263715,
    "end": 1565153263786,
    "duration": 71,
    "pid": 5356,
    "index": 56
  },
  {
    "name": "Load \"service\" to Context",
    "start": 1565153263716,
    "end": 1565153263786,
    "duration": 70,
    "pid": 5356,
    "index": 57
  },
  {
    "name": "Load Middleware",
    "start": 1565153263786,
    "end": 1565153264320,
    "duration": 534,
    "pid": 5356,
    "index": 58
  },
  {
    "name": "Load \"middlewares\" to Application",
    "start": 1565153263786,
    "end": 1565153264281,
    "duration": 495,
    "pid": 5356,
    "index": 59
  },
  {
    "name": "Load Controller",
    "start": 1565153264320,
    "end": 1565153264376,
    "duration": 56,
    "pid": 5356,
    "index": 60
  },
  {
    "name": "Load \"controller\" to Application",
    "start": 1565153264320,
    "end": 1565153264376,
    "duration": 56,
    "pid": 5356,
    "index": 61
  },
  {
    "name": "Load Router",
    "start": 1565153264376,
    "end": 1565153264386,
    "duration": 10,
    "pid": 5356,
    "index": 62
  },
  {
    "name": "Require(45) app/router.js",
    "start": 1565153264378,
    "end": 1565153264379,
    "duration": 1,
    "pid": 5356,
    "index": 63
  },
  {
    "name": "Before Start in node_modules/egg-core/lib/egg.js:303:10",
    "start": 1565153264380,
    "end": 1565153264407,
    "duration": 27,
    "pid": 5356,
    "index": 64
  }
]