[
  {
    "name": "Application Start",
    "start": 1565156599001,
    "end": 1565156601007,
    "duration": 2006,
    "pid": 20196,
    "index": 0
  },
  {
    "name": "Load Plugin",
    "start": 1565156599016,
    "end": 1565156599106,
    "duration": 90,
    "pid": 20196,
    "index": 1
  },
  {
    "name": "Load Config",
    "start": 1565156599107,
    "end": 1565156599168,
    "duration": 61,
    "pid": 20196,
    "index": 2
  },
  {
    "name": "Require(0) config/config.default.js",
    "start": 1565156599108,
    "end": 1565156599109,
    "duration": 1,
    "pid": 20196,
    "index": 3
  },
  {
    "name": "Require(1) node_modules/egg-session/config/config.default.js",
    "start": 1565156599114,
    "end": 1565156599115,
    "duration": 1,
    "pid": 20196,
    "index": 4
  },
  {
    "name": "Require(2) node_modules/egg-security/config/config.default.js",
    "start": 1565156599116,
    "end": 1565156599117,
    "duration": 1,
    "pid": 20196,
    "index": 5
  },
  {
    "name": "Require(3) node_modules/egg-jsonp/config/config.default.js",
    "start": 1565156599120,
    "end": 1565156599121,
    "duration": 1,
    "pid": 20196,
    "index": 6
  },
  {
    "name": "Require(4) node_modules/egg-onerror/config/config.default.js",
    "start": 1565156599122,
    "end": 1565156599123,
    "duration": 1,
    "pid": 20196,
    "index": 7
  },
  {
    "name": "Require(5) node_modules/egg-i18n/config/config.default.js",
    "start": 1565156599125,
    "end": 1565156599125,
    "duration": 0,
    "pid": 20196,
    "index": 8
  },
  {
    "name": "Require(6) node_modules/egg-watcher/config/config.default.js",
    "start": 1565156599127,
    "end": 1565156599128,
    "duration": 1,
    "pid": 20196,
    "index": 9
  },
  {
    "name": "Require(7) node_modules/egg-schedule/config/config.default.js",
    "start": 1565156599130,
    "end": 1565156599130,
    "duration": 0,
    "pid": 20196,
    "index": 10
  },
  {
    "name": "Require(8) node_modules/egg-multipart/config/config.default.js",
    "start": 1565156599132,
    "end": 1565156599133,
    "duration": 1,
    "pid": 20196,
    "index": 11
  },
  {
    "name": "Require(9) node_modules/egg-logrotator/config/config.default.js",
    "start": 1565156599135,
    "end": 1565156599136,
    "duration": 1,
    "pid": 20196,
    "index": 12
  },
  {
    "name": "Require(10) node_modules/egg-static/config/config.default.js",
    "start": 1565156599137,
    "end": 1565156599138,
    "duration": 1,
    "pid": 20196,
    "index": 13
  },
  {
    "name": "Require(11) node_modules/egg-view/config/config.default.js",
    "start": 1565156599140,
    "end": 1565156599141,
    "duration": 1,
    "pid": 20196,
    "index": 14
  },
  {
    "name": "Require(12) node_modules/egg-cors/config/config.default.js",
    "start": 1565156599144,
    "end": 1565156599144,
    "duration": 0,
    "pid": 20196,
    "index": 15
  },
  {
    "name": "Require(13) node_modules/egg-mysql/config/config.default.js",
    "start": 1565156599146,
    "end": 1565156599147,
    "duration": 1,
    "pid": 20196,
    "index": 16
  },
  {
    "name": "Require(14) node_modules/egg/config/config.default.js",
    "start": 1565156599148,
    "end": 1565156599149,
    "duration": 1,
    "pid": 20196,
    "index": 17
  },
  {
    "name": "Require(15) config/config.default.js",
    "start": 1565156599151,
    "end": 1565156599151,
    "duration": 0,
    "pid": 20196,
    "index": 18
  },
  {
    "name": "Require(16) node_modules/egg-static/config/config.prod.js",
    "start": 1565156599162,
    "end": 1565156599162,
    "duration": 0,
    "pid": 20196,
    "index": 19
  },
  {
    "name": "Load extend/application.js",
    "start": 1565156599170,
    "end": 1565156599242,
    "duration": 72,
    "pid": 20196,
    "index": 20
  },
  {
    "name": "Require(17) node_modules/egg-session/app/extend/application.js",
    "start": 1565156599172,
    "end": 1565156599173,
    "duration": 1,
    "pid": 20196,
    "index": 21
  },
  {
    "name": "Require(18) node_modules/egg-security/app/extend/application.js",
    "start": 1565156599175,
    "end": 1565156599178,
    "duration": 3,
    "pid": 20196,
    "index": 22
  },
  {
    "name": "Require(19) node_modules/egg-jsonp/app/extend/application.js",
    "start": 1565156599180,
    "end": 1565156599186,
    "duration": 6,
    "pid": 20196,
    "index": 23
  },
  {
    "name": "Require(20) node_modules/egg-logrotator/app/extend/application.js",
    "start": 1565156599192,
    "end": 1565156599218,
    "duration": 26,
    "pid": 20196,
    "index": 24
  },
  {
    "name": "Require(21) node_modules/egg-view/app/extend/application.js",
    "start": 1565156599220,
    "end": 1565156599225,
    "duration": 5,
    "pid": 20196,
    "index": 25
  },
  {
    "name": "Load extend/request.js",
    "start": 1565156599242,
    "end": 1565156599273,
    "duration": 31,
    "pid": 20196,
    "index": 26
  },
  {
    "name": "Require(22) node_modules/egg/app/extend/request.js",
    "start": 1565156599255,
    "end": 1565156599260,
    "duration": 5,
    "pid": 20196,
    "index": 27
  },
  {
    "name": "Load extend/response.js",
    "start": 1565156599274,
    "end": 1565156599308,
    "duration": 34,
    "pid": 20196,
    "index": 28
  },
  {
    "name": "Require(23) node_modules/egg/app/extend/response.js",
    "start": 1565156599287,
    "end": 1565156599294,
    "duration": 7,
    "pid": 20196,
    "index": 29
  },
  {
    "name": "Load extend/context.js",
    "start": 1565156599308,
    "end": 1565156599520,
    "duration": 212,
    "pid": 20196,
    "index": 30
  },
  {
    "name": "Require(24) node_modules/egg-security/app/extend/context.js",
    "start": 1565156599310,
    "end": 1565156599370,
    "duration": 60,
    "pid": 20196,
    "index": 31
  },
  {
    "name": "Require(25) node_modules/egg-jsonp/app/extend/context.js",
    "start": 1565156599371,
    "end": 1565156599376,
    "duration": 5,
    "pid": 20196,
    "index": 32
  },
  {
    "name": "Require(26) node_modules/egg-i18n/app/extend/context.js",
    "start": 1565156599378,
    "end": 1565156599379,
    "duration": 1,
    "pid": 20196,
    "index": 33
  },
  {
    "name": "Require(27) node_modules/egg-multipart/app/extend/context.js",
    "start": 1565156599382,
    "end": 1565156599486,
    "duration": 104,
    "pid": 20196,
    "index": 34
  },
  {
    "name": "Require(28) node_modules/egg-view/app/extend/context.js",
    "start": 1565156599489,
    "end": 1565156599492,
    "duration": 3,
    "pid": 20196,
    "index": 35
  },
  {
    "name": "Require(29) node_modules/egg-validate/app/extend/context.js",
    "start": 1565156599493,
    "end": 1565156599494,
    "duration": 1,
    "pid": 20196,
    "index": 36
  },
  {
    "name": "Require(30) node_modules/egg/app/extend/context.js",
    "start": 1565156599497,
    "end": 1565156599507,
    "duration": 10,
    "pid": 20196,
    "index": 37
  },
  {
    "name": "Load extend/helper.js",
    "start": 1565156599521,
    "end": 1565156599605,
    "duration": 84,
    "pid": 20196,
    "index": 38
  },
  {
    "name": "Require(31) node_modules/egg-security/app/extend/helper.js",
    "start": 1565156599523,
    "end": 1565156599576,
    "duration": 53,
    "pid": 20196,
    "index": 39
  },
  {
    "name": "Require(32) node_modules/egg/app/extend/helper.js",
    "start": 1565156599588,
    "end": 1565156599589,
    "duration": 1,
    "pid": 20196,
    "index": 40
  },
  {
    "name": "Load app.js",
    "start": 1565156599605,
    "end": 1565156599821,
    "duration": 216,
    "pid": 20196,
    "index": 41
  },
  {
    "name": "Require(33) node_modules/egg-session/app.js",
    "start": 1565156599606,
    "end": 1565156599607,
    "duration": 1,
    "pid": 20196,
    "index": 42
  },
  {
    "name": "Require(34) node_modules/egg-security/app.js",
    "start": 1565156599609,
    "end": 1565156599618,
    "duration": 9,
    "pid": 20196,
    "index": 43
  },
  {
    "name": "Require(35) node_modules/egg-onerror/app.js",
    "start": 1565156599621,
    "end": 1565156599664,
    "duration": 43,
    "pid": 20196,
    "index": 44
  },
  {
    "name": "Require(36) node_modules/egg-i18n/app.js",
    "start": 1565156599666,
    "end": 1565156599710,
    "duration": 44,
    "pid": 20196,
    "index": 45
  },
  {
    "name": "Require(37) node_modules/egg-watcher/app.js",
    "start": 1565156599712,
    "end": 1565156599726,
    "duration": 14,
    "pid": 20196,
    "index": 46
  },
  {
    "name": "Require(38) node_modules/egg-schedule/app.js",
    "start": 1565156599728,
    "end": 1565156599734,
    "duration": 6,
    "pid": 20196,
    "index": 47
  },
  {
    "name": "Require(39) node_modules/egg-multipart/app.js",
    "start": 1565156599735,
    "end": 1565156599748,
    "duration": 13,
    "pid": 20196,
    "index": 48
  },
  {
    "name": "Require(40) node_modules/egg-logrotator/app.js",
    "start": 1565156599749,
    "end": 1565156599750,
    "duration": 1,
    "pid": 20196,
    "index": 49
  },
  {
    "name": "Require(41) node_modules/egg-static/app.js",
    "start": 1565156599751,
    "end": 1565156599752,
    "duration": 1,
    "pid": 20196,
    "index": 50
  },
  {
    "name": "Require(42) node_modules/egg-validate/app.js",
    "start": 1565156599755,
    "end": 1565156599762,
    "duration": 7,
    "pid": 20196,
    "index": 51
  },
  {
    "name": "Require(43) node_modules/egg-cors/app.js",
    "start": 1565156599764,
    "end": 1565156599765,
    "duration": 1,
    "pid": 20196,
    "index": 52
  },
  {
    "name": "Require(44) node_modules/egg-mysql/app.js",
    "start": 1565156599766,
    "end": 1565156599816,
    "duration": 50,
    "pid": 20196,
    "index": 53
  },
  {
    "name": "Before Start in node_modules/egg-watcher/lib/init.js:15:14",
    "start": 1565156599859,
    "end": 1565156600999,
    "duration": 1140,
    "pid": 20196,
    "index": 54
  },
  {
    "name": "Before Start in node_modules/egg-mysql/lib/mysql.js:20:7",
    "start": 1565156600183,
    "end": 1565156601004,
    "duration": 821,
    "pid": 20196,
    "index": 55
  },
  {
    "name": "Load Service",
    "start": 1565156600183,
    "end": 1565156600248,
    "duration": 65,
    "pid": 20196,
    "index": 56
  },
  {
    "name": "Load \"service\" to Context",
    "start": 1565156600183,
    "end": 1565156600248,
    "duration": 65,
    "pid": 20196,
    "index": 57
  },
  {
    "name": "Load Middleware",
    "start": 1565156600248,
    "end": 1565156600824,
    "duration": 576,
    "pid": 20196,
    "index": 58
  },
  {
    "name": "Load \"middlewares\" to Application",
    "start": 1565156600248,
    "end": 1565156600785,
    "duration": 537,
    "pid": 20196,
    "index": 59
  },
  {
    "name": "Load Controller",
    "start": 1565156600824,
    "end": 1565156600895,
    "duration": 71,
    "pid": 20196,
    "index": 60
  },
  {
    "name": "Load \"controller\" to Application",
    "start": 1565156600824,
    "end": 1565156600894,
    "duration": 70,
    "pid": 20196,
    "index": 61
  },
  {
    "name": "Load Router",
    "start": 1565156600895,
    "end": 1565156600901,
    "duration": 6,
    "pid": 20196,
    "index": 62
  },
  {
    "name": "Require(45) app/router.js",
    "start": 1565156600896,
    "end": 1565156600897,
    "duration": 1,
    "pid": 20196,
    "index": 63
  },
  {
    "name": "Before Start in node_modules/egg-core/lib/egg.js:303:10",
    "start": 1565156600898,
    "end": 1565156600955,
    "duration": 57,
    "pid": 20196,
    "index": 64
  }
]