[
  {
    "name": "Application Start",
    "start": 1565003894006,
    "end": 1565003895990,
    "duration": 1984,
    "pid": 19528,
    "index": 0
  },
  {
    "name": "Load Plugin",
    "start": 1565003894023,
    "end": 1565003894115,
    "duration": 92,
    "pid": 19528,
    "index": 1
  },
  {
    "name": "Load Config",
    "start": 1565003894115,
    "end": 1565003894182,
    "duration": 67,
    "pid": 19528,
    "index": 2
  },
  {
    "name": "Require(0) config/config.default.js",
    "start": 1565003894117,
    "end": 1565003894118,
    "duration": 1,
    "pid": 19528,
    "index": 3
  },
  {
    "name": "Require(1) node_modules/egg-session/config/config.default.js",
    "start": 1565003894123,
    "end": 1565003894123,
    "duration": 0,
    "pid": 19528,
    "index": 4
  },
  {
    "name": "Require(2) node_modules/egg-security/config/config.default.js",
    "start": 1565003894125,
    "end": 1565003894126,
    "duration": 1,
    "pid": 19528,
    "index": 5
  },
  {
    "name": "Require(3) node_modules/egg-jsonp/config/config.default.js",
    "start": 1565003894129,
    "end": 1565003894130,
    "duration": 1,
    "pid": 19528,
    "index": 6
  },
  {
    "name": "Require(4) node_modules/egg-onerror/config/config.default.js",
    "start": 1565003894132,
    "end": 1565003894132,
    "duration": 0,
    "pid": 19528,
    "index": 7
  },
  {
    "name": "Require(5) node_modules/egg-i18n/config/config.default.js",
    "start": 1565003894134,
    "end": 1565003894135,
    "duration": 1,
    "pid": 19528,
    "index": 8
  },
  {
    "name": "Require(6) node_modules/egg-watcher/config/config.default.js",
    "start": 1565003894137,
    "end": 1565003894138,
    "duration": 1,
    "pid": 19528,
    "index": 9
  },
  {
    "name": "Require(7) node_modules/egg-schedule/config/config.default.js",
    "start": 1565003894140,
    "end": 1565003894140,
    "duration": 0,
    "pid": 19528,
    "index": 10
  },
  {
    "name": "Require(8) node_modules/egg-multipart/config/config.default.js",
    "start": 1565003894143,
    "end": 1565003894143,
    "duration": 0,
    "pid": 19528,
    "index": 11
  },
  {
    "name": "Require(9) node_modules/egg-logrotator/config/config.default.js",
    "start": 1565003894145,
    "end": 1565003894146,
    "duration": 1,
    "pid": 19528,
    "index": 12
  },
  {
    "name": "Require(10) node_modules/egg-static/config/config.default.js",
    "start": 1565003894148,
    "end": 1565003894148,
    "duration": 0,
    "pid": 19528,
    "index": 13
  },
  {
    "name": "Require(11) node_modules/egg-view/config/config.default.js",
    "start": 1565003894150,
    "end": 1565003894151,
    "duration": 1,
    "pid": 19528,
    "index": 14
  },
  {
    "name": "Require(12) node_modules/egg-cors/config/config.default.js",
    "start": 1565003894154,
    "end": 1565003894155,
    "duration": 1,
    "pid": 19528,
    "index": 15
  },
  {
    "name": "Require(13) node_modules/egg-mysql/config/config.default.js",
    "start": 1565003894157,
    "end": 1565003894157,
    "duration": 0,
    "pid": 19528,
    "index": 16
  },
  {
    "name": "Require(14) node_modules/egg/config/config.default.js",
    "start": 1565003894159,
    "end": 1565003894160,
    "duration": 1,
    "pid": 19528,
    "index": 17
  },
  {
    "name": "Require(15) config/config.default.js",
    "start": 1565003894163,
    "end": 1565003894163,
    "duration": 0,
    "pid": 19528,
    "index": 18
  },
  {
    "name": "Require(16) node_modules/egg-static/config/config.prod.js",
    "start": 1565003894176,
    "end": 1565003894176,
    "duration": 0,
    "pid": 19528,
    "index": 19
  },
  {
    "name": "Load extend/application.js",
    "start": 1565003894184,
    "end": 1565003894258,
    "duration": 74,
    "pid": 19528,
    "index": 20
  },
  {
    "name": "Require(17) node_modules/egg-session/app/extend/application.js",
    "start": 1565003894186,
    "end": 1565003894187,
    "duration": 1,
    "pid": 19528,
    "index": 21
  },
  {
    "name": "Require(18) node_modules/egg-security/app/extend/application.js",
    "start": 1565003894189,
    "end": 1565003894193,
    "duration": 4,
    "pid": 19528,
    "index": 22
  },
  {
    "name": "Require(19) node_modules/egg-jsonp/app/extend/application.js",
    "start": 1565003894194,
    "end": 1565003894201,
    "duration": 7,
    "pid": 19528,
    "index": 23
  },
  {
    "name": "Require(20) node_modules/egg-logrotator/app/extend/application.js",
    "start": 1565003894208,
    "end": 1565003894233,
    "duration": 25,
    "pid": 19528,
    "index": 24
  },
  {
    "name": "Require(21) node_modules/egg-view/app/extend/application.js",
    "start": 1565003894235,
    "end": 1565003894240,
    "duration": 5,
    "pid": 19528,
    "index": 25
  },
  {
    "name": "Load extend/request.js",
    "start": 1565003894258,
    "end": 1565003894293,
    "duration": 35,
    "pid": 19528,
    "index": 26
  },
  {
    "name": "Require(22) node_modules/egg/app/extend/request.js",
    "start": 1565003894272,
    "end": 1565003894278,
    "duration": 6,
    "pid": 19528,
    "index": 27
  },
  {
    "name": "Load extend/response.js",
    "start": 1565003894293,
    "end": 1565003894329,
    "duration": 36,
    "pid": 19528,
    "index": 28
  },
  {
    "name": "Require(23) node_modules/egg/app/extend/response.js",
    "start": 1565003894306,
    "end": 1565003894313,
    "duration": 7,
    "pid": 19528,
    "index": 29
  },
  {
    "name": "Load extend/context.js",
    "start": 1565003894329,
    "end": 1565003894599,
    "duration": 270,
    "pid": 19528,
    "index": 30
  },
  {
    "name": "Require(24) node_modules/egg-security/app/extend/context.js",
    "start": 1565003894332,
    "end": 1565003894401,
    "duration": 69,
    "pid": 19528,
    "index": 31
  },
  {
    "name": "Require(25) node_modules/egg-jsonp/app/extend/context.js",
    "start": 1565003894402,
    "end": 1565003894409,
    "duration": 7,
    "pid": 19528,
    "index": 32
  },
  {
    "name": "Require(26) node_modules/egg-i18n/app/extend/context.js",
    "start": 1565003894412,
    "end": 1565003894412,
    "duration": 0,
    "pid": 19528,
    "index": 33
  },
  {
    "name": "Require(27) node_modules/egg-multipart/app/extend/context.js",
    "start": 1565003894416,
    "end": 1565003894556,
    "duration": 140,
    "pid": 19528,
    "index": 34
  },
  {
    "name": "Require(28) node_modules/egg-view/app/extend/context.js",
    "start": 1565003894561,
    "end": 1565003894565,
    "duration": 4,
    "pid": 19528,
    "index": 35
  },
  {
    "name": "Require(29) node_modules/egg-validate/app/extend/context.js",
    "start": 1565003894567,
    "end": 1565003894568,
    "duration": 1,
    "pid": 19528,
    "index": 36
  },
  {
    "name": "Require(30) node_modules/egg/app/extend/context.js",
    "start": 1565003894570,
    "end": 1565003894581,
    "duration": 11,
    "pid": 19528,
    "index": 37
  },
  {
    "name": "Load extend/helper.js",
    "start": 1565003894600,
    "end": 1565003894691,
    "duration": 91,
    "pid": 19528,
    "index": 38
  },
  {
    "name": "Require(31) node_modules/egg-security/app/extend/helper.js",
    "start": 1565003894602,
    "end": 1565003894665,
    "duration": 63,
    "pid": 19528,
    "index": 39
  },
  {
    "name": "Require(32) node_modules/egg/app/extend/helper.js",
    "start": 1565003894676,
    "end": 1565003894677,
    "duration": 1,
    "pid": 19528,
    "index": 40
  },
  {
    "name": "Load app.js",
    "start": 1565003894692,
    "end": 1565003894894,
    "duration": 202,
    "pid": 19528,
    "index": 41
  },
  {
    "name": "Require(33) node_modules/egg-session/app.js",
    "start": 1565003894693,
    "end": 1565003894694,
    "duration": 1,
    "pid": 19528,
    "index": 42
  },
  {
    "name": "Require(34) node_modules/egg-security/app.js",
    "start": 1565003894695,
    "end": 1565003894702,
    "duration": 7,
    "pid": 19528,
    "index": 43
  },
  {
    "name": "Require(35) node_modules/egg-onerror/app.js",
    "start": 1565003894705,
    "end": 1565003894747,
    "duration": 42,
    "pid": 19528,
    "index": 44
  },
  {
    "name": "Require(36) node_modules/egg-i18n/app.js",
    "start": 1565003894748,
    "end": 1565003894793,
    "duration": 45,
    "pid": 19528,
    "index": 45
  },
  {
    "name": "Require(37) node_modules/egg-watcher/app.js",
    "start": 1565003894794,
    "end": 1565003894808,
    "duration": 14,
    "pid": 19528,
    "index": 46
  },
  {
    "name": "Require(38) node_modules/egg-schedule/app.js",
    "start": 1565003894809,
    "end": 1565003894817,
    "duration": 8,
    "pid": 19528,
    "index": 47
  },
  {
    "name": "Require(39) node_modules/egg-multipart/app.js",
    "start": 1565003894818,
    "end": 1565003894828,
    "duration": 10,
    "pid": 19528,
    "index": 48
  },
  {
    "name": "Require(40) node_modules/egg-logrotator/app.js",
    "start": 1565003894829,
    "end": 1565003894830,
    "duration": 1,
    "pid": 19528,
    "index": 49
  },
  {
    "name": "Require(41) node_modules/egg-static/app.js",
    "start": 1565003894831,
    "end": 1565003894832,
    "duration": 1,
    "pid": 19528,
    "index": 50
  },
  {
    "name": "Require(42) node_modules/egg-validate/app.js",
    "start": 1565003894835,
    "end": 1565003894840,
    "duration": 5,
    "pid": 19528,
    "index": 51
  },
  {
    "name": "Require(43) node_modules/egg-cors/app.js",
    "start": 1565003894841,
    "end": 1565003894842,
    "duration": 1,
    "pid": 19528,
    "index": 52
  },
  {
    "name": "Require(44) node_modules/egg-mysql/app.js",
    "start": 1565003894843,
    "end": 1565003894889,
    "duration": 46,
    "pid": 19528,
    "index": 53
  },
  {
    "name": "Before Start in node_modules/egg-watcher/lib/init.js:15:14",
    "start": 1565003894931,
    "end": 1565003895982,
    "duration": 1051,
    "pid": 19528,
    "index": 54
  },
  {
    "name": "Before Start in node_modules/egg-mysql/lib/mysql.js:20:7",
    "start": 1565003895312,
    "end": 1565003895986,
    "duration": 674,
    "pid": 19528,
    "index": 55
  },
  {
    "name": "Load Service",
    "start": 1565003895312,
    "end": 1565003895376,
    "duration": 64,
    "pid": 19528,
    "index": 56
  },
  {
    "name": "Load \"service\" to Context",
    "start": 1565003895313,
    "end": 1565003895376,
    "duration": 63,
    "pid": 19528,
    "index": 57
  },
  {
    "name": "Load Middleware",
    "start": 1565003895377,
    "end": 1565003895871,
    "duration": 494,
    "pid": 19528,
    "index": 58
  },
  {
    "name": "Load \"middlewares\" to Application",
    "start": 1565003895377,
    "end": 1565003895841,
    "duration": 464,
    "pid": 19528,
    "index": 59
  },
  {
    "name": "Load Controller",
    "start": 1565003895871,
    "end": 1565003895924,
    "duration": 53,
    "pid": 19528,
    "index": 60
  },
  {
    "name": "Load \"controller\" to Application",
    "start": 1565003895871,
    "end": 1565003895924,
    "duration": 53,
    "pid": 19528,
    "index": 61
  },
  {
    "name": "Load Router",
    "start": 1565003895924,
    "end": 1565003895932,
    "duration": 8,
    "pid": 19528,
    "index": 62
  },
  {
    "name": "Require(45) app/router.js",
    "start": 1565003895925,
    "end": 1565003895926,
    "duration": 1,
    "pid": 19528,
    "index": 63
  },
  {
    "name": "Before Start in node_modules/egg-core/lib/egg.js:303:10",
    "start": 1565003895927,
    "end": 1565003895951,
    "duration": 24,
    "pid": 19528,
    "index": 64
  }
]