[
  {
    "name": "Application Start",
    "start": 1565153262813,
    "end": 1565153265206,
    "duration": 2393,
    "pid": 16612,
    "index": 0
  },
  {
    "name": "Load Plugin",
    "start": 1565153262831,
    "end": 1565153262926,
    "duration": 95,
    "pid": 16612,
    "index": 1
  },
  {
    "name": "Load Config",
    "start": 1565153262926,
    "end": 1565153263016,
    "duration": 90,
    "pid": 16612,
    "index": 2
  },
  {
    "name": "Require(0) config/config.default.js",
    "start": 1565153262928,
    "end": 1565153262929,
    "duration": 1,
    "pid": 16612,
    "index": 3
  },
  {
    "name": "Require(1) node_modules/egg-session/config/config.default.js",
    "start": 1565153262933,
    "end": 1565153262934,
    "duration": 1,
    "pid": 16612,
    "index": 4
  },
  {
    "name": "Require(2) node_modules/egg-security/config/config.default.js",
    "start": 1565153262936,
    "end": 1565153262936,
    "duration": 0,
    "pid": 16612,
    "index": 5
  },
  {
    "name": "Require(3) node_modules/egg-jsonp/config/config.default.js",
    "start": 1565153262939,
    "end": 1565153262940,
    "duration": 1,
    "pid": 16612,
    "index": 6
  },
  {
    "name": "Require(4) node_modules/egg-onerror/config/config.default.js",
    "start": 1565153262942,
    "end": 1565153262943,
    "duration": 1,
    "pid": 16612,
    "index": 7
  },
  {
    "name": "Require(5) node_modules/egg-i18n/config/config.default.js",
    "start": 1565153262945,
    "end": 1565153262945,
    "duration": 0,
    "pid": 16612,
    "index": 8
  },
  {
    "name": "Require(6) node_modules/egg-watcher/config/config.default.js",
    "start": 1565153262947,
    "end": 1565153262948,
    "duration": 1,
    "pid": 16612,
    "index": 9
  },
  {
    "name": "Require(7) node_modules/egg-schedule/config/config.default.js",
    "start": 1565153262950,
    "end": 1565153262950,
    "duration": 0,
    "pid": 16612,
    "index": 10
  },
  {
    "name": "Require(8) node_modules/egg-multipart/config/config.default.js",
    "start": 1565153262953,
    "end": 1565153262953,
    "duration": 0,
    "pid": 16612,
    "index": 11
  },
  {
    "name": "Require(9) node_modules/egg-logrotator/config/config.default.js",
    "start": 1565153262956,
    "end": 1565153262973,
    "duration": 17,
    "pid": 16612,
    "index": 12
  },
  {
    "name": "Require(10) node_modules/egg-static/config/config.default.js",
    "start": 1565153262975,
    "end": 1565153262976,
    "duration": 1,
    "pid": 16612,
    "index": 13
  },
  {
    "name": "Require(11) node_modules/egg-view/config/config.default.js",
    "start": 1565153262978,
    "end": 1565153262978,
    "duration": 0,
    "pid": 16612,
    "index": 14
  },
  {
    "name": "Require(12) node_modules/egg-cors/config/config.default.js",
    "start": 1565153262982,
    "end": 1565153262983,
    "duration": 1,
    "pid": 16612,
    "index": 15
  },
  {
    "name": "Require(13) node_modules/egg-mysql/config/config.default.js",
    "start": 1565153262985,
    "end": 1565153262985,
    "duration": 0,
    "pid": 16612,
    "index": 16
  },
  {
    "name": "Require(14) node_modules/egg/config/config.default.js",
    "start": 1565153262987,
    "end": 1565153262988,
    "duration": 1,
    "pid": 16612,
    "index": 17
  },
  {
    "name": "Require(15) config/config.default.js",
    "start": 1565153262990,
    "end": 1565153262990,
    "duration": 0,
    "pid": 16612,
    "index": 18
  },
  {
    "name": "Require(16) node_modules/egg-static/config/config.prod.js",
    "start": 1565153263010,
    "end": 1565153263011,
    "duration": 1,
    "pid": 16612,
    "index": 19
  },
  {
    "name": "Load extend/application.js",
    "start": 1565153263019,
    "end": 1565153263100,
    "duration": 81,
    "pid": 16612,
    "index": 20
  },
  {
    "name": "Require(17) node_modules/egg-session/app/extend/application.js",
    "start": 1565153263021,
    "end": 1565153263022,
    "duration": 1,
    "pid": 16612,
    "index": 21
  },
  {
    "name": "Require(18) node_modules/egg-security/app/extend/application.js",
    "start": 1565153263024,
    "end": 1565153263028,
    "duration": 4,
    "pid": 16612,
    "index": 22
  },
  {
    "name": "Require(19) node_modules/egg-jsonp/app/extend/application.js",
    "start": 1565153263030,
    "end": 1565153263036,
    "duration": 6,
    "pid": 16612,
    "index": 23
  },
  {
    "name": "Require(20) node_modules/egg-logrotator/app/extend/application.js",
    "start": 1565153263043,
    "end": 1565153263077,
    "duration": 34,
    "pid": 16612,
    "index": 24
  },
  {
    "name": "Require(21) node_modules/egg-view/app/extend/application.js",
    "start": 1565153263079,
    "end": 1565153263084,
    "duration": 5,
    "pid": 16612,
    "index": 25
  },
  {
    "name": "Load extend/request.js",
    "start": 1565153263100,
    "end": 1565153263134,
    "duration": 34,
    "pid": 16612,
    "index": 26
  },
  {
    "name": "Require(22) node_modules/egg/app/extend/request.js",
    "start": 1565153263117,
    "end": 1565153263121,
    "duration": 4,
    "pid": 16612,
    "index": 27
  },
  {
    "name": "Load extend/response.js",
    "start": 1565153263134,
    "end": 1565153263168,
    "duration": 34,
    "pid": 16612,
    "index": 28
  },
  {
    "name": "Require(23) node_modules/egg/app/extend/response.js",
    "start": 1565153263147,
    "end": 1565153263154,
    "duration": 7,
    "pid": 16612,
    "index": 29
  },
  {
    "name": "Load extend/context.js",
    "start": 1565153263168,
    "end": 1565153263396,
    "duration": 228,
    "pid": 16612,
    "index": 30
  },
  {
    "name": "Require(24) node_modules/egg-security/app/extend/context.js",
    "start": 1565153263170,
    "end": 1565153263232,
    "duration": 62,
    "pid": 16612,
    "index": 31
  },
  {
    "name": "Require(25) node_modules/egg-jsonp/app/extend/context.js",
    "start": 1565153263233,
    "end": 1565153263239,
    "duration": 6,
    "pid": 16612,
    "index": 32
  },
  {
    "name": "Require(26) node_modules/egg-i18n/app/extend/context.js",
    "start": 1565153263241,
    "end": 1565153263242,
    "duration": 1,
    "pid": 16612,
    "index": 33
  },
  {
    "name": "Require(27) node_modules/egg-multipart/app/extend/context.js",
    "start": 1565153263246,
    "end": 1565153263359,
    "duration": 113,
    "pid": 16612,
    "index": 34
  },
  {
    "name": "Require(28) node_modules/egg-view/app/extend/context.js",
    "start": 1565153263362,
    "end": 1565153263365,
    "duration": 3,
    "pid": 16612,
    "index": 35
  },
  {
    "name": "Require(29) node_modules/egg-validate/app/extend/context.js",
    "start": 1565153263367,
    "end": 1565153263368,
    "duration": 1,
    "pid": 16612,
    "index": 36
  },
  {
    "name": "Require(30) node_modules/egg/app/extend/context.js",
    "start": 1565153263371,
    "end": 1565153263382,
    "duration": 11,
    "pid": 16612,
    "index": 37
  },
  {
    "name": "Load extend/helper.js",
    "start": 1565153263396,
    "end": 1565153263482,
    "duration": 86,
    "pid": 16612,
    "index": 38
  },
  {
    "name": "Require(31) node_modules/egg-security/app/extend/helper.js",
    "start": 1565153263398,
    "end": 1565153263454,
    "duration": 56,
    "pid": 16612,
    "index": 39
  },
  {
    "name": "Require(32) node_modules/egg/app/extend/helper.js",
    "start": 1565153263467,
    "end": 1565153263468,
    "duration": 1,
    "pid": 16612,
    "index": 40
  },
  {
    "name": "Load app.js",
    "start": 1565153263482,
    "end": 1565153263711,
    "duration": 229,
    "pid": 16612,
    "index": 41
  },
  {
    "name": "Require(33) node_modules/egg-session/app.js",
    "start": 1565153263484,
    "end": 1565153263485,
    "duration": 1,
    "pid": 16612,
    "index": 42
  },
  {
    "name": "Require(34) node_modules/egg-security/app.js",
    "start": 1565153263486,
    "end": 1565153263494,
    "duration": 8,
    "pid": 16612,
    "index": 43
  },
  {
    "name": "Require(35) node_modules/egg-onerror/app.js",
    "start": 1565153263497,
    "end": 1565153263537,
    "duration": 40,
    "pid": 16612,
    "index": 44
  },
  {
    "name": "Require(36) node_modules/egg-i18n/app.js",
    "start": 1565153263538,
    "end": 1565153263593,
    "duration": 55,
    "pid": 16612,
    "index": 45
  },
  {
    "name": "Require(37) node_modules/egg-watcher/app.js",
    "start": 1565153263594,
    "end": 1565153263609,
    "duration": 15,
    "pid": 16612,
    "index": 46
  },
  {
    "name": "Require(38) node_modules/egg-schedule/app.js",
    "start": 1565153263610,
    "end": 1565153263615,
    "duration": 5,
    "pid": 16612,
    "index": 47
  },
  {
    "name": "Require(39) node_modules/egg-multipart/app.js",
    "start": 1565153263617,
    "end": 1565153263634,
    "duration": 17,
    "pid": 16612,
    "index": 48
  },
  {
    "name": "Require(40) node_modules/egg-logrotator/app.js",
    "start": 1565153263635,
    "end": 1565153263636,
    "duration": 1,
    "pid": 16612,
    "index": 49
  },
  {
    "name": "Require(41) node_modules/egg-static/app.js",
    "start": 1565153263637,
    "end": 1565153263638,
    "duration": 1,
    "pid": 16612,
    "index": 50
  },
  {
    "name": "Require(42) node_modules/egg-validate/app.js",
    "start": 1565153263645,
    "end": 1565153263650,
    "duration": 5,
    "pid": 16612,
    "index": 51
  },
  {
    "name": "Require(43) node_modules/egg-cors/app.js",
    "start": 1565153263651,
    "end": 1565153263652,
    "duration": 1,
    "pid": 16612,
    "index": 52
  },
  {
    "name": "Require(44) node_modules/egg-mysql/app.js",
    "start": 1565153263653,
    "end": 1565153263705,
    "duration": 52,
    "pid": 16612,
    "index": 53
  },
  {
    "name": "Before Start in node_modules/egg-watcher/lib/init.js:15:14",
    "start": 1565153263768,
    "end": 1565153265206,
    "duration": 1438,
    "pid": 16612,
    "index": 54
  },
  {
    "name": "Before Start in node_modules/egg-mysql/lib/mysql.js:20:7",
    "start": 1565153264122,
    "end": 1565153264744,
    "duration": 622,
    "pid": 16612,
    "index": 55
  },
  {
    "name": "Load Service",
    "start": 1565153264123,
    "end": 1565153264187,
    "duration": 64,
    "pid": 16612,
    "index": 56
  },
  {
    "name": "Load \"service\" to Context",
    "start": 1565153264123,
    "end": 1565153264187,
    "duration": 64,
    "pid": 16612,
    "index": 57
  },
  {
    "name": "Load Middleware",
    "start": 1565153264187,
    "end": 1565153264608,
    "duration": 421,
    "pid": 16612,
    "index": 58
  },
  {
    "name": "Load \"middlewares\" to Application",
    "start": 1565153264188,
    "end": 1565153264574,
    "duration": 386,
    "pid": 16612,
    "index": 59
  },
  {
    "name": "Load Controller",
    "start": 1565153264608,
    "end": 1565153264670,
    "duration": 62,
    "pid": 16612,
    "index": 60
  },
  {
    "name": "Load \"controller\" to Application",
    "start": 1565153264608,
    "end": 1565153264670,
    "duration": 62,
    "pid": 16612,
    "index": 61
  },
  {
    "name": "Load Router",
    "start": 1565153264670,
    "end": 1565153264681,
    "duration": 11,
    "pid": 16612,
    "index": 62
  },
  {
    "name": "Require(45) app/router.js",
    "start": 1565153264671,
    "end": 1565153264672,
    "duration": 1,
    "pid": 16612,
    "index": 63
  },
  {
    "name": "Before Start in node_modules/egg-core/lib/egg.js:303:10",
    "start": 1565153264674,
    "end": 1565153264705,
    "duration": 31,
    "pid": 16612,
    "index": 64
  }
]