[
  {
    "name": "Application Start",
    "start": 1565156598987,
    "end": 1565156600994,
    "duration": 2007,
    "pid": 5368,
    "index": 0
  },
  {
    "name": "Load Plugin",
    "start": 1565156599001,
    "end": 1565156599093,
    "duration": 92,
    "pid": 5368,
    "index": 1
  },
  {
    "name": "Load Config",
    "start": 1565156599093,
    "end": 1565156599156,
    "duration": 63,
    "pid": 5368,
    "index": 2
  },
  {
    "name": "Require(0) config/config.default.js",
    "start": 1565156599095,
    "end": 1565156599096,
    "duration": 1,
    "pid": 5368,
    "index": 3
  },
  {
    "name": "Require(1) node_modules/egg-session/config/config.default.js",
    "start": 1565156599101,
    "end": 1565156599101,
    "duration": 0,
    "pid": 5368,
    "index": 4
  },
  {
    "name": "Require(2) node_modules/egg-security/config/config.default.js",
    "start": 1565156599103,
    "end": 1565156599104,
    "duration": 1,
    "pid": 5368,
    "index": 5
  },
  {
    "name": "Require(3) node_modules/egg-jsonp/config/config.default.js",
    "start": 1565156599107,
    "end": 1565156599107,
    "duration": 0,
    "pid": 5368,
    "index": 6
  },
  {
    "name": "Require(4) node_modules/egg-onerror/config/config.default.js",
    "start": 1565156599109,
    "end": 1565156599110,
    "duration": 1,
    "pid": 5368,
    "index": 7
  },
  {
    "name": "Require(5) node_modules/egg-i18n/config/config.default.js",
    "start": 1565156599112,
    "end": 1565156599112,
    "duration": 0,
    "pid": 5368,
    "index": 8
  },
  {
    "name": "Require(6) node_modules/egg-watcher/config/config.default.js",
    "start": 1565156599114,
    "end": 1565156599115,
    "duration": 1,
    "pid": 5368,
    "index": 9
  },
  {
    "name": "Require(7) node_modules/egg-schedule/config/config.default.js",
    "start": 1565156599117,
    "end": 1565156599117,
    "duration": 0,
    "pid": 5368,
    "index": 10
  },
  {
    "name": "Require(8) node_modules/egg-multipart/config/config.default.js",
    "start": 1565156599119,
    "end": 1565156599120,
    "duration": 1,
    "pid": 5368,
    "index": 11
  },
  {
    "name": "Require(9) node_modules/egg-logrotator/config/config.default.js",
    "start": 1565156599122,
    "end": 1565156599123,
    "duration": 1,
    "pid": 5368,
    "index": 12
  },
  {
    "name": "Require(10) node_modules/egg-static/config/config.default.js",
    "start": 1565156599125,
    "end": 1565156599125,
    "duration": 0,
    "pid": 5368,
    "index": 13
  },
  {
    "name": "Require(11) node_modules/egg-view/config/config.default.js",
    "start": 1565156599127,
    "end": 1565156599128,
    "duration": 1,
    "pid": 5368,
    "index": 14
  },
  {
    "name": "Require(12) node_modules/egg-cors/config/config.default.js",
    "start": 1565156599131,
    "end": 1565156599132,
    "duration": 1,
    "pid": 5368,
    "index": 15
  },
  {
    "name": "Require(13) node_modules/egg-mysql/config/config.default.js",
    "start": 1565156599133,
    "end": 1565156599134,
    "duration": 1,
    "pid": 5368,
    "index": 16
  },
  {
    "name": "Require(14) node_modules/egg/config/config.default.js",
    "start": 1565156599135,
    "end": 1565156599136,
    "duration": 1,
    "pid": 5368,
    "index": 17
  },
  {
    "name": "Require(15) config/config.default.js",
    "start": 1565156599139,
    "end": 1565156599139,
    "duration": 0,
    "pid": 5368,
    "index": 18
  },
  {
    "name": "Require(16) node_modules/egg-static/config/config.prod.js",
    "start": 1565156599150,
    "end": 1565156599150,
    "duration": 0,
    "pid": 5368,
    "index": 19
  },
  {
    "name": "Load extend/application.js",
    "start": 1565156599158,
    "end": 1565156599232,
    "duration": 74,
    "pid": 5368,
    "index": 20
  },
  {
    "name": "Require(17) node_modules/egg-session/app/extend/application.js",
    "start": 1565156599160,
    "end": 1565156599163,
    "duration": 3,
    "pid": 5368,
    "index": 21
  },
  {
    "name": "Require(18) node_modules/egg-security/app/extend/application.js",
    "start": 1565156599165,
    "end": 1565156599168,
    "duration": 3,
    "pid": 5368,
    "index": 22
  },
  {
    "name": "Require(19) node_modules/egg-jsonp/app/extend/application.js",
    "start": 1565156599170,
    "end": 1565156599177,
    "duration": 7,
    "pid": 5368,
    "index": 23
  },
  {
    "name": "Require(20) node_modules/egg-logrotator/app/extend/application.js",
    "start": 1565156599183,
    "end": 1565156599208,
    "duration": 25,
    "pid": 5368,
    "index": 24
  },
  {
    "name": "Require(21) node_modules/egg-view/app/extend/application.js",
    "start": 1565156599210,
    "end": 1565156599215,
    "duration": 5,
    "pid": 5368,
    "index": 25
  },
  {
    "name": "Load extend/request.js",
    "start": 1565156599232,
    "end": 1565156599265,
    "duration": 33,
    "pid": 5368,
    "index": 26
  },
  {
    "name": "Require(22) node_modules/egg/app/extend/request.js",
    "start": 1565156599246,
    "end": 1565156599251,
    "duration": 5,
    "pid": 5368,
    "index": 27
  },
  {
    "name": "Load extend/response.js",
    "start": 1565156599265,
    "end": 1565156599300,
    "duration": 35,
    "pid": 5368,
    "index": 28
  },
  {
    "name": "Require(23) node_modules/egg/app/extend/response.js",
    "start": 1565156599278,
    "end": 1565156599286,
    "duration": 8,
    "pid": 5368,
    "index": 29
  },
  {
    "name": "Load extend/context.js",
    "start": 1565156599300,
    "end": 1565156599514,
    "duration": 214,
    "pid": 5368,
    "index": 30
  },
  {
    "name": "Require(24) node_modules/egg-security/app/extend/context.js",
    "start": 1565156599302,
    "end": 1565156599362,
    "duration": 60,
    "pid": 5368,
    "index": 31
  },
  {
    "name": "Require(25) node_modules/egg-jsonp/app/extend/context.js",
    "start": 1565156599363,
    "end": 1565156599368,
    "duration": 5,
    "pid": 5368,
    "index": 32
  },
  {
    "name": "Require(26) node_modules/egg-i18n/app/extend/context.js",
    "start": 1565156599371,
    "end": 1565156599371,
    "duration": 0,
    "pid": 5368,
    "index": 33
  },
  {
    "name": "Require(27) node_modules/egg-multipart/app/extend/context.js",
    "start": 1565156599375,
    "end": 1565156599479,
    "duration": 104,
    "pid": 5368,
    "index": 34
  },
  {
    "name": "Require(28) node_modules/egg-view/app/extend/context.js",
    "start": 1565156599482,
    "end": 1565156599485,
    "duration": 3,
    "pid": 5368,
    "index": 35
  },
  {
    "name": "Require(29) node_modules/egg-validate/app/extend/context.js",
    "start": 1565156599487,
    "end": 1565156599488,
    "duration": 1,
    "pid": 5368,
    "index": 36
  },
  {
    "name": "Require(30) node_modules/egg/app/extend/context.js",
    "start": 1565156599490,
    "end": 1565156599500,
    "duration": 10,
    "pid": 5368,
    "index": 37
  },
  {
    "name": "Load extend/helper.js",
    "start": 1565156599514,
    "end": 1565156599604,
    "duration": 90,
    "pid": 5368,
    "index": 38
  },
  {
    "name": "Require(31) node_modules/egg-security/app/extend/helper.js",
    "start": 1565156599516,
    "end": 1565156599576,
    "duration": 60,
    "pid": 5368,
    "index": 39
  },
  {
    "name": "Require(32) node_modules/egg/app/extend/helper.js",
    "start": 1565156599588,
    "end": 1565156599589,
    "duration": 1,
    "pid": 5368,
    "index": 40
  },
  {
    "name": "Load app.js",
    "start": 1565156599604,
    "end": 1565156599820,
    "duration": 216,
    "pid": 5368,
    "index": 41
  },
  {
    "name": "Require(33) node_modules/egg-session/app.js",
    "start": 1565156599605,
    "end": 1565156599606,
    "duration": 1,
    "pid": 5368,
    "index": 42
  },
  {
    "name": "Require(34) node_modules/egg-security/app.js",
    "start": 1565156599608,
    "end": 1565156599616,
    "duration": 8,
    "pid": 5368,
    "index": 43
  },
  {
    "name": "Require(35) node_modules/egg-onerror/app.js",
    "start": 1565156599620,
    "end": 1565156599663,
    "duration": 43,
    "pid": 5368,
    "index": 44
  },
  {
    "name": "Require(36) node_modules/egg-i18n/app.js",
    "start": 1565156599665,
    "end": 1565156599710,
    "duration": 45,
    "pid": 5368,
    "index": 45
  },
  {
    "name": "Require(37) node_modules/egg-watcher/app.js",
    "start": 1565156599711,
    "end": 1565156599726,
    "duration": 15,
    "pid": 5368,
    "index": 46
  },
  {
    "name": "Require(38) node_modules/egg-schedule/app.js",
    "start": 1565156599727,
    "end": 1565156599733,
    "duration": 6,
    "pid": 5368,
    "index": 47
  },
  {
    "name": "Require(39) node_modules/egg-multipart/app.js",
    "start": 1565156599735,
    "end": 1565156599747,
    "duration": 12,
    "pid": 5368,
    "index": 48
  },
  {
    "name": "Require(40) node_modules/egg-logrotator/app.js",
    "start": 1565156599748,
    "end": 1565156599749,
    "duration": 1,
    "pid": 5368,
    "index": 49
  },
  {
    "name": "Require(41) node_modules/egg-static/app.js",
    "start": 1565156599750,
    "end": 1565156599751,
    "duration": 1,
    "pid": 5368,
    "index": 50
  },
  {
    "name": "Require(42) node_modules/egg-validate/app.js",
    "start": 1565156599754,
    "end": 1565156599761,
    "duration": 7,
    "pid": 5368,
    "index": 51
  },
  {
    "name": "Require(43) node_modules/egg-cors/app.js",
    "start": 1565156599763,
    "end": 1565156599764,
    "duration": 1,
    "pid": 5368,
    "index": 52
  },
  {
    "name": "Require(44) node_modules/egg-mysql/app.js",
    "start": 1565156599765,
    "end": 1565156599815,
    "duration": 50,
    "pid": 5368,
    "index": 53
  },
  {
    "name": "Before Start in node_modules/egg-watcher/lib/init.js:15:14",
    "start": 1565156599858,
    "end": 1565156600956,
    "duration": 1098,
    "pid": 5368,
    "index": 54
  },
  {
    "name": "Before Start in node_modules/egg-mysql/lib/mysql.js:20:7",
    "start": 1565156600180,
    "end": 1565156600991,
    "duration": 811,
    "pid": 5368,
    "index": 55
  },
  {
    "name": "Load Service",
    "start": 1565156600180,
    "end": 1565156600247,
    "duration": 67,
    "pid": 5368,
    "index": 56
  },
  {
    "name": "Load \"service\" to Context",
    "start": 1565156600181,
    "end": 1565156600247,
    "duration": 66,
    "pid": 5368,
    "index": 57
  },
  {
    "name": "Load Middleware",
    "start": 1565156600247,
    "end": 1565156600826,
    "duration": 579,
    "pid": 5368,
    "index": 58
  },
  {
    "name": "Load \"middlewares\" to Application",
    "start": 1565156600247,
    "end": 1565156600784,
    "duration": 537,
    "pid": 5368,
    "index": 59
  },
  {
    "name": "Load Controller",
    "start": 1565156600827,
    "end": 1565156600894,
    "duration": 67,
    "pid": 5368,
    "index": 60
  },
  {
    "name": "Load \"controller\" to Application",
    "start": 1565156600827,
    "end": 1565156600894,
    "duration": 67,
    "pid": 5368,
    "index": 61
  },
  {
    "name": "Load Router",
    "start": 1565156600894,
    "end": 1565156600901,
    "duration": 7,
    "pid": 5368,
    "index": 62
  },
  {
    "name": "Require(45) app/router.js",
    "start": 1565156600895,
    "end": 1565156600896,
    "duration": 1,
    "pid": 5368,
    "index": 63
  },
  {
    "name": "Before Start in node_modules/egg-core/lib/egg.js:303:10",
    "start": 1565156600897,
    "end": 1565156600924,
    "duration": 27,
    "pid": 5368,
    "index": 64
  }
]