[
  {
    "name": "Application Start",
    "start": 1565141993802,
    "end": 1565141995722,
    "duration": 1920,
    "pid": 9468,
    "index": 0
  },
  {
    "name": "Load Plugin",
    "start": 1565141993818,
    "end": 1565141993931,
    "duration": 113,
    "pid": 9468,
    "index": 1
  },
  {
    "name": "Load Config",
    "start": 1565141993931,
    "end": 1565141993999,
    "duration": 68,
    "pid": 9468,
    "index": 2
  },
  {
    "name": "Require(0) config/config.default.js",
    "start": 1565141993937,
    "end": 1565141993938,
    "duration": 1,
    "pid": 9468,
    "index": 3
  },
  {
    "name": "Require(1) node_modules/egg-session/config/config.default.js",
    "start": 1565141993943,
    "end": 1565141993943,
    "duration": 0,
    "pid": 9468,
    "index": 4
  },
  {
    "name": "Require(2) node_modules/egg-security/config/config.default.js",
    "start": 1565141993945,
    "end": 1565141993946,
    "duration": 1,
    "pid": 9468,
    "index": 5
  },
  {
    "name": "Require(3) node_modules/egg-jsonp/config/config.default.js",
    "start": 1565141993949,
    "end": 1565141993950,
    "duration": 1,
    "pid": 9468,
    "index": 6
  },
  {
    "name": "Require(4) node_modules/egg-onerror/config/config.default.js",
    "start": 1565141993952,
    "end": 1565141993952,
    "duration": 0,
    "pid": 9468,
    "index": 7
  },
  {
    "name": "Require(5) node_modules/egg-i18n/config/config.default.js",
    "start": 1565141993954,
    "end": 1565141993955,
    "duration": 1,
    "pid": 9468,
    "index": 8
  },
  {
    "name": "Require(6) node_modules/egg-watcher/config/config.default.js",
    "start": 1565141993958,
    "end": 1565141993958,
    "duration": 0,
    "pid": 9468,
    "index": 9
  },
  {
    "name": "Require(7) node_modules/egg-schedule/config/config.default.js",
    "start": 1565141993960,
    "end": 1565141993961,
    "duration": 1,
    "pid": 9468,
    "index": 10
  },
  {
    "name": "Require(8) node_modules/egg-multipart/config/config.default.js",
    "start": 1565141993963,
    "end": 1565141993963,
    "duration": 0,
    "pid": 9468,
    "index": 11
  },
  {
    "name": "Require(9) node_modules/egg-logrotator/config/config.default.js",
    "start": 1565141993965,
    "end": 1565141993966,
    "duration": 1,
    "pid": 9468,
    "index": 12
  },
  {
    "name": "Require(10) node_modules/egg-static/config/config.default.js",
    "start": 1565141993968,
    "end": 1565141993968,
    "duration": 0,
    "pid": 9468,
    "index": 13
  },
  {
    "name": "Require(11) node_modules/egg-view/config/config.default.js",
    "start": 1565141993970,
    "end": 1565141993971,
    "duration": 1,
    "pid": 9468,
    "index": 14
  },
  {
    "name": "Require(12) node_modules/egg-cors/config/config.default.js",
    "start": 1565141993974,
    "end": 1565141993975,
    "duration": 1,
    "pid": 9468,
    "index": 15
  },
  {
    "name": "Require(13) node_modules/egg-mysql/config/config.default.js",
    "start": 1565141993976,
    "end": 1565141993977,
    "duration": 1,
    "pid": 9468,
    "index": 16
  },
  {
    "name": "Require(14) node_modules/egg/config/config.default.js",
    "start": 1565141993979,
    "end": 1565141993980,
    "duration": 1,
    "pid": 9468,
    "index": 17
  },
  {
    "name": "Require(15) config/config.default.js",
    "start": 1565141993982,
    "end": 1565141993982,
    "duration": 0,
    "pid": 9468,
    "index": 18
  },
  {
    "name": "Require(16) node_modules/egg-static/config/config.prod.js",
    "start": 1565141993993,
    "end": 1565141993993,
    "duration": 0,
    "pid": 9468,
    "index": 19
  },
  {
    "name": "Load extend/application.js",
    "start": 1565141994001,
    "end": 1565141994074,
    "duration": 73,
    "pid": 9468,
    "index": 20
  },
  {
    "name": "Require(17) node_modules/egg-session/app/extend/application.js",
    "start": 1565141994003,
    "end": 1565141994004,
    "duration": 1,
    "pid": 9468,
    "index": 21
  },
  {
    "name": "Require(18) node_modules/egg-security/app/extend/application.js",
    "start": 1565141994006,
    "end": 1565141994009,
    "duration": 3,
    "pid": 9468,
    "index": 22
  },
  {
    "name": "Require(19) node_modules/egg-jsonp/app/extend/application.js",
    "start": 1565141994011,
    "end": 1565141994016,
    "duration": 5,
    "pid": 9468,
    "index": 23
  },
  {
    "name": "Require(20) node_modules/egg-logrotator/app/extend/application.js",
    "start": 1565141994023,
    "end": 1565141994047,
    "duration": 24,
    "pid": 9468,
    "index": 24
  },
  {
    "name": "Require(21) node_modules/egg-view/app/extend/application.js",
    "start": 1565141994049,
    "end": 1565141994054,
    "duration": 5,
    "pid": 9468,
    "index": 25
  },
  {
    "name": "Load extend/request.js",
    "start": 1565141994074,
    "end": 1565141994106,
    "duration": 32,
    "pid": 9468,
    "index": 26
  },
  {
    "name": "Require(22) node_modules/egg/app/extend/request.js",
    "start": 1565141994087,
    "end": 1565141994092,
    "duration": 5,
    "pid": 9468,
    "index": 27
  },
  {
    "name": "Load extend/response.js",
    "start": 1565141994106,
    "end": 1565141994154,
    "duration": 48,
    "pid": 9468,
    "index": 28
  },
  {
    "name": "Require(23) node_modules/egg/app/extend/response.js",
    "start": 1565141994125,
    "end": 1565141994140,
    "duration": 15,
    "pid": 9468,
    "index": 29
  },
  {
    "name": "Load extend/context.js",
    "start": 1565141994154,
    "end": 1565141994438,
    "duration": 284,
    "pid": 9468,
    "index": 30
  },
  {
    "name": "Require(24) node_modules/egg-security/app/extend/context.js",
    "start": 1565141994157,
    "end": 1565141994223,
    "duration": 66,
    "pid": 9468,
    "index": 31
  },
  {
    "name": "Require(25) node_modules/egg-jsonp/app/extend/context.js",
    "start": 1565141994224,
    "end": 1565141994229,
    "duration": 5,
    "pid": 9468,
    "index": 32
  },
  {
    "name": "Require(26) node_modules/egg-i18n/app/extend/context.js",
    "start": 1565141994231,
    "end": 1565141994232,
    "duration": 1,
    "pid": 9468,
    "index": 33
  },
  {
    "name": "Require(27) node_modules/egg-multipart/app/extend/context.js",
    "start": 1565141994235,
    "end": 1565141994387,
    "duration": 152,
    "pid": 9468,
    "index": 34
  },
  {
    "name": "Require(28) node_modules/egg-view/app/extend/context.js",
    "start": 1565141994391,
    "end": 1565141994394,
    "duration": 3,
    "pid": 9468,
    "index": 35
  },
  {
    "name": "Require(29) node_modules/egg-validate/app/extend/context.js",
    "start": 1565141994396,
    "end": 1565141994409,
    "duration": 13,
    "pid": 9468,
    "index": 36
  },
  {
    "name": "Require(30) node_modules/egg/app/extend/context.js",
    "start": 1565141994412,
    "end": 1565141994422,
    "duration": 10,
    "pid": 9468,
    "index": 37
  },
  {
    "name": "Load extend/helper.js",
    "start": 1565141994438,
    "end": 1565141994523,
    "duration": 85,
    "pid": 9468,
    "index": 38
  },
  {
    "name": "Require(31) node_modules/egg-security/app/extend/helper.js",
    "start": 1565141994440,
    "end": 1565141994497,
    "duration": 57,
    "pid": 9468,
    "index": 39
  },
  {
    "name": "Require(32) node_modules/egg/app/extend/helper.js",
    "start": 1565141994508,
    "end": 1565141994509,
    "duration": 1,
    "pid": 9468,
    "index": 40
  },
  {
    "name": "Load app.js",
    "start": 1565141994523,
    "end": 1565141994711,
    "duration": 188,
    "pid": 9468,
    "index": 41
  },
  {
    "name": "Require(33) node_modules/egg-session/app.js",
    "start": 1565141994524,
    "end": 1565141994525,
    "duration": 1,
    "pid": 9468,
    "index": 42
  },
  {
    "name": "Require(34) node_modules/egg-security/app.js",
    "start": 1565141994527,
    "end": 1565141994534,
    "duration": 7,
    "pid": 9468,
    "index": 43
  },
  {
    "name": "Require(35) node_modules/egg-onerror/app.js",
    "start": 1565141994537,
    "end": 1565141994573,
    "duration": 36,
    "pid": 9468,
    "index": 44
  },
  {
    "name": "Require(36) node_modules/egg-i18n/app.js",
    "start": 1565141994574,
    "end": 1565141994614,
    "duration": 40,
    "pid": 9468,
    "index": 45
  },
  {
    "name": "Require(37) node_modules/egg-watcher/app.js",
    "start": 1565141994615,
    "end": 1565141994629,
    "duration": 14,
    "pid": 9468,
    "index": 46
  },
  {
    "name": "Require(38) node_modules/egg-schedule/app.js",
    "start": 1565141994630,
    "end": 1565141994635,
    "duration": 5,
    "pid": 9468,
    "index": 47
  },
  {
    "name": "Require(39) node_modules/egg-multipart/app.js",
    "start": 1565141994636,
    "end": 1565141994646,
    "duration": 10,
    "pid": 9468,
    "index": 48
  },
  {
    "name": "Require(40) node_modules/egg-logrotator/app.js",
    "start": 1565141994647,
    "end": 1565141994648,
    "duration": 1,
    "pid": 9468,
    "index": 49
  },
  {
    "name": "Require(41) node_modules/egg-static/app.js",
    "start": 1565141994649,
    "end": 1565141994650,
    "duration": 1,
    "pid": 9468,
    "index": 50
  },
  {
    "name": "Require(42) node_modules/egg-validate/app.js",
    "start": 1565141994653,
    "end": 1565141994659,
    "duration": 6,
    "pid": 9468,
    "index": 51
  },
  {
    "name": "Require(43) node_modules/egg-cors/app.js",
    "start": 1565141994660,
    "end": 1565141994661,
    "duration": 1,
    "pid": 9468,
    "index": 52
  },
  {
    "name": "Require(44) node_modules/egg-mysql/app.js",
    "start": 1565141994662,
    "end": 1565141994706,
    "duration": 44,
    "pid": 9468,
    "index": 53
  },
  {
    "name": "Before Start in node_modules/egg-watcher/lib/init.js:15:14",
    "start": 1565141994755,
    "end": 1565141995713,
    "duration": 958,
    "pid": 9468,
    "index": 54
  },
  {
    "name": "Before Start in node_modules/egg-mysql/lib/mysql.js:20:7",
    "start": 1565141995076,
    "end": 1565141995718,
    "duration": 642,
    "pid": 9468,
    "index": 55
  },
  {
    "name": "Load Service",
    "start": 1565141995076,
    "end": 1565141995142,
    "duration": 66,
    "pid": 9468,
    "index": 56
  },
  {
    "name": "Load \"service\" to Context",
    "start": 1565141995077,
    "end": 1565141995142,
    "duration": 65,
    "pid": 9468,
    "index": 57
  },
  {
    "name": "Load Middleware",
    "start": 1565141995143,
    "end": 1565141995614,
    "duration": 471,
    "pid": 9468,
    "index": 58
  },
  {
    "name": "Load \"middlewares\" to Application",
    "start": 1565141995143,
    "end": 1565141995583,
    "duration": 440,
    "pid": 9468,
    "index": 59
  },
  {
    "name": "Load Controller",
    "start": 1565141995614,
    "end": 1565141995660,
    "duration": 46,
    "pid": 9468,
    "index": 60
  },
  {
    "name": "Load \"controller\" to Application",
    "start": 1565141995614,
    "end": 1565141995660,
    "duration": 46,
    "pid": 9468,
    "index": 61
  },
  {
    "name": "Load Router",
    "start": 1565141995660,
    "end": 1565141995666,
    "duration": 6,
    "pid": 9468,
    "index": 62
  },
  {
    "name": "Require(45) app/router.js",
    "start": 1565141995661,
    "end": 1565141995662,
    "duration": 1,
    "pid": 9468,
    "index": 63
  },
  {
    "name": "Before Start in node_modules/egg-core/lib/egg.js:303:10",
    "start": 1565141995663,
    "end": 1565141995685,
    "duration": 22,
    "pid": 9468,
    "index": 64
  }
]