[
  {
    "name": "Application Start",
    "start": 1565156599797,
    "end": 1565156601399,
    "duration": 1602,
    "pid": 16564,
    "index": 0
  },
  {
    "name": "Load Plugin",
    "start": 1565156599813,
    "end": 1565156599897,
    "duration": 84,
    "pid": 16564,
    "index": 1
  },
  {
    "name": "Load Config",
    "start": 1565156599897,
    "end": 1565156599957,
    "duration": 60,
    "pid": 16564,
    "index": 2
  },
  {
    "name": "Require(0) config/config.default.js",
    "start": 1565156599899,
    "end": 1565156599900,
    "duration": 1,
    "pid": 16564,
    "index": 3
  },
  {
    "name": "Require(1) node_modules/egg-session/config/config.default.js",
    "start": 1565156599904,
    "end": 1565156599905,
    "duration": 1,
    "pid": 16564,
    "index": 4
  },
  {
    "name": "Require(2) node_modules/egg-security/config/config.default.js",
    "start": 1565156599907,
    "end": 1565156599907,
    "duration": 0,
    "pid": 16564,
    "index": 5
  },
  {
    "name": "Require(3) node_modules/egg-jsonp/config/config.default.js",
    "start": 1565156599910,
    "end": 1565156599910,
    "duration": 0,
    "pid": 16564,
    "index": 6
  },
  {
    "name": "Require(4) node_modules/egg-onerror/config/config.default.js",
    "start": 1565156599912,
    "end": 1565156599913,
    "duration": 1,
    "pid": 16564,
    "index": 7
  },
  {
    "name": "Require(5) node_modules/egg-i18n/config/config.default.js",
    "start": 1565156599914,
    "end": 1565156599915,
    "duration": 1,
    "pid": 16564,
    "index": 8
  },
  {
    "name": "Require(6) node_modules/egg-watcher/config/config.default.js",
    "start": 1565156599917,
    "end": 1565156599918,
    "duration": 1,
    "pid": 16564,
    "index": 9
  },
  {
    "name": "Require(7) node_modules/egg-schedule/config/config.default.js",
    "start": 1565156599920,
    "end": 1565156599920,
    "duration": 0,
    "pid": 16564,
    "index": 10
  },
  {
    "name": "Require(8) node_modules/egg-multipart/config/config.default.js",
    "start": 1565156599922,
    "end": 1565156599923,
    "duration": 1,
    "pid": 16564,
    "index": 11
  },
  {
    "name": "Require(9) node_modules/egg-logrotator/config/config.default.js",
    "start": 1565156599925,
    "end": 1565156599925,
    "duration": 0,
    "pid": 16564,
    "index": 12
  },
  {
    "name": "Require(10) node_modules/egg-static/config/config.default.js",
    "start": 1565156599927,
    "end": 1565156599928,
    "duration": 1,
    "pid": 16564,
    "index": 13
  },
  {
    "name": "Require(11) node_modules/egg-view/config/config.default.js",
    "start": 1565156599930,
    "end": 1565156599930,
    "duration": 0,
    "pid": 16564,
    "index": 14
  },
  {
    "name": "Require(12) node_modules/egg-cors/config/config.default.js",
    "start": 1565156599934,
    "end": 1565156599934,
    "duration": 0,
    "pid": 16564,
    "index": 15
  },
  {
    "name": "Require(13) node_modules/egg-mysql/config/config.default.js",
    "start": 1565156599936,
    "end": 1565156599936,
    "duration": 0,
    "pid": 16564,
    "index": 16
  },
  {
    "name": "Require(14) node_modules/egg/config/config.default.js",
    "start": 1565156599938,
    "end": 1565156599939,
    "duration": 1,
    "pid": 16564,
    "index": 17
  },
  {
    "name": "Require(15) config/config.default.js",
    "start": 1565156599941,
    "end": 1565156599941,
    "duration": 0,
    "pid": 16564,
    "index": 18
  },
  {
    "name": "Require(16) node_modules/egg-static/config/config.prod.js",
    "start": 1565156599951,
    "end": 1565156599952,
    "duration": 1,
    "pid": 16564,
    "index": 19
  },
  {
    "name": "Load extend/application.js",
    "start": 1565156599959,
    "end": 1565156600028,
    "duration": 69,
    "pid": 16564,
    "index": 20
  },
  {
    "name": "Require(17) node_modules/egg-session/app/extend/application.js",
    "start": 1565156599961,
    "end": 1565156599962,
    "duration": 1,
    "pid": 16564,
    "index": 21
  },
  {
    "name": "Require(18) node_modules/egg-security/app/extend/application.js",
    "start": 1565156599963,
    "end": 1565156599967,
    "duration": 4,
    "pid": 16564,
    "index": 22
  },
  {
    "name": "Require(19) node_modules/egg-jsonp/app/extend/application.js",
    "start": 1565156599968,
    "end": 1565156599975,
    "duration": 7,
    "pid": 16564,
    "index": 23
  },
  {
    "name": "Require(20) node_modules/egg-logrotator/app/extend/application.js",
    "start": 1565156599981,
    "end": 1565156600005,
    "duration": 24,
    "pid": 16564,
    "index": 24
  },
  {
    "name": "Require(21) node_modules/egg-view/app/extend/application.js",
    "start": 1565156600007,
    "end": 1565156600012,
    "duration": 5,
    "pid": 16564,
    "index": 25
  },
  {
    "name": "Load extend/request.js",
    "start": 1565156600028,
    "end": 1565156600059,
    "duration": 31,
    "pid": 16564,
    "index": 26
  },
  {
    "name": "Require(22) node_modules/egg/app/extend/request.js",
    "start": 1565156600041,
    "end": 1565156600046,
    "duration": 5,
    "pid": 16564,
    "index": 27
  },
  {
    "name": "Load extend/response.js",
    "start": 1565156600059,
    "end": 1565156600091,
    "duration": 32,
    "pid": 16564,
    "index": 28
  },
  {
    "name": "Require(23) node_modules/egg/app/extend/response.js",
    "start": 1565156600071,
    "end": 1565156600077,
    "duration": 6,
    "pid": 16564,
    "index": 29
  },
  {
    "name": "Load extend/context.js",
    "start": 1565156600091,
    "end": 1565156600304,
    "duration": 213,
    "pid": 16564,
    "index": 30
  },
  {
    "name": "Require(24) node_modules/egg-security/app/extend/context.js",
    "start": 1565156600093,
    "end": 1565156600152,
    "duration": 59,
    "pid": 16564,
    "index": 31
  },
  {
    "name": "Require(25) node_modules/egg-jsonp/app/extend/context.js",
    "start": 1565156600153,
    "end": 1565156600159,
    "duration": 6,
    "pid": 16564,
    "index": 32
  },
  {
    "name": "Require(26) node_modules/egg-i18n/app/extend/context.js",
    "start": 1565156600162,
    "end": 1565156600163,
    "duration": 1,
    "pid": 16564,
    "index": 33
  },
  {
    "name": "Require(27) node_modules/egg-multipart/app/extend/context.js",
    "start": 1565156600166,
    "end": 1565156600271,
    "duration": 105,
    "pid": 16564,
    "index": 34
  },
  {
    "name": "Require(28) node_modules/egg-view/app/extend/context.js",
    "start": 1565156600273,
    "end": 1565156600276,
    "duration": 3,
    "pid": 16564,
    "index": 35
  },
  {
    "name": "Require(29) node_modules/egg-validate/app/extend/context.js",
    "start": 1565156600278,
    "end": 1565156600278,
    "duration": 0,
    "pid": 16564,
    "index": 36
  },
  {
    "name": "Require(30) node_modules/egg/app/extend/context.js",
    "start": 1565156600281,
    "end": 1565156600291,
    "duration": 10,
    "pid": 16564,
    "index": 37
  },
  {
    "name": "Load extend/helper.js",
    "start": 1565156600304,
    "end": 1565156600388,
    "duration": 84,
    "pid": 16564,
    "index": 38
  },
  {
    "name": "Require(31) node_modules/egg-security/app/extend/helper.js",
    "start": 1565156600306,
    "end": 1565156600363,
    "duration": 57,
    "pid": 16564,
    "index": 39
  },
  {
    "name": "Require(32) node_modules/egg/app/extend/helper.js",
    "start": 1565156600373,
    "end": 1565156600374,
    "duration": 1,
    "pid": 16564,
    "index": 40
  },
  {
    "name": "Load app.js",
    "start": 1565156600388,
    "end": 1565156600584,
    "duration": 196,
    "pid": 16564,
    "index": 41
  },
  {
    "name": "Require(33) node_modules/egg-session/app.js",
    "start": 1565156600389,
    "end": 1565156600390,
    "duration": 1,
    "pid": 16564,
    "index": 42
  },
  {
    "name": "Require(34) node_modules/egg-security/app.js",
    "start": 1565156600391,
    "end": 1565156600400,
    "duration": 9,
    "pid": 16564,
    "index": 43
  },
  {
    "name": "Require(35) node_modules/egg-onerror/app.js",
    "start": 1565156600403,
    "end": 1565156600440,
    "duration": 37,
    "pid": 16564,
    "index": 44
  },
  {
    "name": "Require(36) node_modules/egg-i18n/app.js",
    "start": 1565156600441,
    "end": 1565156600479,
    "duration": 38,
    "pid": 16564,
    "index": 45
  },
  {
    "name": "Require(37) node_modules/egg-watcher/app.js",
    "start": 1565156600480,
    "end": 1565156600494,
    "duration": 14,
    "pid": 16564,
    "index": 46
  },
  {
    "name": "Require(38) node_modules/egg-schedule/app.js",
    "start": 1565156600495,
    "end": 1565156600502,
    "duration": 7,
    "pid": 16564,
    "index": 47
  },
  {
    "name": "Require(39) node_modules/egg-multipart/app.js",
    "start": 1565156600504,
    "end": 1565156600513,
    "duration": 9,
    "pid": 16564,
    "index": 48
  },
  {
    "name": "Require(40) node_modules/egg-logrotator/app.js",
    "start": 1565156600514,
    "end": 1565156600515,
    "duration": 1,
    "pid": 16564,
    "index": 49
  },
  {
    "name": "Require(41) node_modules/egg-static/app.js",
    "start": 1565156600516,
    "end": 1565156600517,
    "duration": 1,
    "pid": 16564,
    "index": 50
  },
  {
    "name": "Require(42) node_modules/egg-validate/app.js",
    "start": 1565156600520,
    "end": 1565156600526,
    "duration": 6,
    "pid": 16564,
    "index": 51
  },
  {
    "name": "Require(43) node_modules/egg-cors/app.js",
    "start": 1565156600527,
    "end": 1565156600528,
    "duration": 1,
    "pid": 16564,
    "index": 52
  },
  {
    "name": "Require(44) node_modules/egg-mysql/app.js",
    "start": 1565156600529,
    "end": 1565156600577,
    "duration": 48,
    "pid": 16564,
    "index": 53
  },
  {
    "name": "Before Start in node_modules/egg-watcher/lib/init.js:15:14",
    "start": 1565156600620,
    "end": 1565156601394,
    "duration": 774,
    "pid": 16564,
    "index": 54
  },
  {
    "name": "Before Start in node_modules/egg-mysql/lib/mysql.js:20:7",
    "start": 1565156600928,
    "end": 1565156601397,
    "duration": 469,
    "pid": 16564,
    "index": 55
  },
  {
    "name": "Load Service",
    "start": 1565156600929,
    "end": 1565156601004,
    "duration": 75,
    "pid": 16564,
    "index": 56
  },
  {
    "name": "Load \"service\" to Context",
    "start": 1565156600929,
    "end": 1565156601004,
    "duration": 75,
    "pid": 16564,
    "index": 57
  },
  {
    "name": "Load Middleware",
    "start": 1565156601004,
    "end": 1565156601322,
    "duration": 318,
    "pid": 16564,
    "index": 58
  },
  {
    "name": "Load \"middlewares\" to Application",
    "start": 1565156601004,
    "end": 1565156601298,
    "duration": 294,
    "pid": 16564,
    "index": 59
  },
  {
    "name": "Load Controller",
    "start": 1565156601322,
    "end": 1565156601360,
    "duration": 38,
    "pid": 16564,
    "index": 60
  },
  {
    "name": "Load \"controller\" to Application",
    "start": 1565156601322,
    "end": 1565156601360,
    "duration": 38,
    "pid": 16564,
    "index": 61
  },
  {
    "name": "Load Router",
    "start": 1565156601360,
    "end": 1565156601365,
    "duration": 5,
    "pid": 16564,
    "index": 62
  },
  {
    "name": "Require(45) app/router.js",
    "start": 1565156601361,
    "end": 1565156601362,
    "duration": 1,
    "pid": 16564,
    "index": 63
  },
  {
    "name": "Before Start in node_modules/egg-core/lib/egg.js:303:10",
    "start": 1565156601362,
    "end": 1565156601378,
    "duration": 16,
    "pid": 16564,
    "index": 64
  }
]