[
  {
    "name": "Application Start",
    "start": 1565153262176,
    "end": 1565153265286,
    "duration": 3110,
    "pid": 21604,
    "index": 0
  },
  {
    "name": "Load Plugin",
    "start": 1565153262192,
    "end": 1565153262286,
    "duration": 94,
    "pid": 21604,
    "index": 1
  },
  {
    "name": "Load Config",
    "start": 1565153262286,
    "end": 1565153262366,
    "duration": 80,
    "pid": 21604,
    "index": 2
  },
  {
    "name": "Require(0) config/config.default.js",
    "start": 1565153262288,
    "end": 1565153262289,
    "duration": 1,
    "pid": 21604,
    "index": 3
  },
  {
    "name": "Require(1) node_modules/egg-session/config/config.default.js",
    "start": 1565153262293,
    "end": 1565153262294,
    "duration": 1,
    "pid": 21604,
    "index": 4
  },
  {
    "name": "Require(2) node_modules/egg-security/config/config.default.js",
    "start": 1565153262296,
    "end": 1565153262297,
    "duration": 1,
    "pid": 21604,
    "index": 5
  },
  {
    "name": "Require(3) node_modules/egg-jsonp/config/config.default.js",
    "start": 1565153262300,
    "end": 1565153262300,
    "duration": 0,
    "pid": 21604,
    "index": 6
  },
  {
    "name": "Require(4) node_modules/egg-onerror/config/config.default.js",
    "start": 1565153262303,
    "end": 1565153262304,
    "duration": 1,
    "pid": 21604,
    "index": 7
  },
  {
    "name": "Require(5) node_modules/egg-i18n/config/config.default.js",
    "start": 1565153262310,
    "end": 1565153262312,
    "duration": 2,
    "pid": 21604,
    "index": 8
  },
  {
    "name": "Require(6) node_modules/egg-watcher/config/config.default.js",
    "start": 1565153262323,
    "end": 1565153262323,
    "duration": 0,
    "pid": 21604,
    "index": 9
  },
  {
    "name": "Require(7) node_modules/egg-schedule/config/config.default.js",
    "start": 1565153262325,
    "end": 1565153262326,
    "duration": 1,
    "pid": 21604,
    "index": 10
  },
  {
    "name": "Require(8) node_modules/egg-multipart/config/config.default.js",
    "start": 1565153262327,
    "end": 1565153262328,
    "duration": 1,
    "pid": 21604,
    "index": 11
  },
  {
    "name": "Require(9) node_modules/egg-logrotator/config/config.default.js",
    "start": 1565153262330,
    "end": 1565153262331,
    "duration": 1,
    "pid": 21604,
    "index": 12
  },
  {
    "name": "Require(10) node_modules/egg-static/config/config.default.js",
    "start": 1565153262333,
    "end": 1565153262333,
    "duration": 0,
    "pid": 21604,
    "index": 13
  },
  {
    "name": "Require(11) node_modules/egg-view/config/config.default.js",
    "start": 1565153262336,
    "end": 1565153262336,
    "duration": 0,
    "pid": 21604,
    "index": 14
  },
  {
    "name": "Require(12) node_modules/egg-cors/config/config.default.js",
    "start": 1565153262339,
    "end": 1565153262340,
    "duration": 1,
    "pid": 21604,
    "index": 15
  },
  {
    "name": "Require(13) node_modules/egg-mysql/config/config.default.js",
    "start": 1565153262342,
    "end": 1565153262342,
    "duration": 0,
    "pid": 21604,
    "index": 16
  },
  {
    "name": "Require(14) node_modules/egg/config/config.default.js",
    "start": 1565153262344,
    "end": 1565153262345,
    "duration": 1,
    "pid": 21604,
    "index": 17
  },
  {
    "name": "Require(15) config/config.default.js",
    "start": 1565153262347,
    "end": 1565153262347,
    "duration": 0,
    "pid": 21604,
    "index": 18
  },
  {
    "name": "Require(16) node_modules/egg-static/config/config.prod.js",
    "start": 1565153262359,
    "end": 1565153262360,
    "duration": 1,
    "pid": 21604,
    "index": 19
  },
  {
    "name": "Load extend/application.js",
    "start": 1565153262368,
    "end": 1565153262444,
    "duration": 76,
    "pid": 21604,
    "index": 20
  },
  {
    "name": "Require(17) node_modules/egg-session/app/extend/application.js",
    "start": 1565153262370,
    "end": 1565153262371,
    "duration": 1,
    "pid": 21604,
    "index": 21
  },
  {
    "name": "Require(18) node_modules/egg-security/app/extend/application.js",
    "start": 1565153262373,
    "end": 1565153262376,
    "duration": 3,
    "pid": 21604,
    "index": 22
  },
  {
    "name": "Require(19) node_modules/egg-jsonp/app/extend/application.js",
    "start": 1565153262380,
    "end": 1565153262386,
    "duration": 6,
    "pid": 21604,
    "index": 23
  },
  {
    "name": "Require(20) node_modules/egg-logrotator/app/extend/application.js",
    "start": 1565153262392,
    "end": 1565153262419,
    "duration": 27,
    "pid": 21604,
    "index": 24
  },
  {
    "name": "Require(21) node_modules/egg-view/app/extend/application.js",
    "start": 1565153262422,
    "end": 1565153262426,
    "duration": 4,
    "pid": 21604,
    "index": 25
  },
  {
    "name": "Load extend/request.js",
    "start": 1565153262445,
    "end": 1565153262481,
    "duration": 36,
    "pid": 21604,
    "index": 26
  },
  {
    "name": "Require(22) node_modules/egg/app/extend/request.js",
    "start": 1565153262460,
    "end": 1565153262467,
    "duration": 7,
    "pid": 21604,
    "index": 27
  },
  {
    "name": "Load extend/response.js",
    "start": 1565153262481,
    "end": 1565153262525,
    "duration": 44,
    "pid": 21604,
    "index": 28
  },
  {
    "name": "Require(23) node_modules/egg/app/extend/response.js",
    "start": 1565153262504,
    "end": 1565153262512,
    "duration": 8,
    "pid": 21604,
    "index": 29
  },
  {
    "name": "Load extend/context.js",
    "start": 1565153262525,
    "end": 1565153262789,
    "duration": 264,
    "pid": 21604,
    "index": 30
  },
  {
    "name": "Require(24) node_modules/egg-security/app/extend/context.js",
    "start": 1565153262527,
    "end": 1565153262589,
    "duration": 62,
    "pid": 21604,
    "index": 31
  },
  {
    "name": "Require(25) node_modules/egg-jsonp/app/extend/context.js",
    "start": 1565153262591,
    "end": 1565153262597,
    "duration": 6,
    "pid": 21604,
    "index": 32
  },
  {
    "name": "Require(26) node_modules/egg-i18n/app/extend/context.js",
    "start": 1565153262600,
    "end": 1565153262601,
    "duration": 1,
    "pid": 21604,
    "index": 33
  },
  {
    "name": "Require(27) node_modules/egg-multipart/app/extend/context.js",
    "start": 1565153262604,
    "end": 1565153262751,
    "duration": 147,
    "pid": 21604,
    "index": 34
  },
  {
    "name": "Require(28) node_modules/egg-view/app/extend/context.js",
    "start": 1565153262754,
    "end": 1565153262757,
    "duration": 3,
    "pid": 21604,
    "index": 35
  },
  {
    "name": "Require(29) node_modules/egg-validate/app/extend/context.js",
    "start": 1565153262760,
    "end": 1565153262761,
    "duration": 1,
    "pid": 21604,
    "index": 36
  },
  {
    "name": "Require(30) node_modules/egg/app/extend/context.js",
    "start": 1565153262763,
    "end": 1565153262775,
    "duration": 12,
    "pid": 21604,
    "index": 37
  },
  {
    "name": "Load extend/helper.js",
    "start": 1565153262789,
    "end": 1565153262877,
    "duration": 88,
    "pid": 21604,
    "index": 38
  },
  {
    "name": "Require(31) node_modules/egg-security/app/extend/helper.js",
    "start": 1565153262791,
    "end": 1565153262848,
    "duration": 57,
    "pid": 21604,
    "index": 39
  },
  {
    "name": "Require(32) node_modules/egg/app/extend/helper.js",
    "start": 1565153262860,
    "end": 1565153262861,
    "duration": 1,
    "pid": 21604,
    "index": 40
  },
  {
    "name": "Load app.js",
    "start": 1565153262877,
    "end": 1565153263112,
    "duration": 235,
    "pid": 21604,
    "index": 41
  },
  {
    "name": "Require(33) node_modules/egg-session/app.js",
    "start": 1565153262878,
    "end": 1565153262879,
    "duration": 1,
    "pid": 21604,
    "index": 42
  },
  {
    "name": "Require(34) node_modules/egg-security/app.js",
    "start": 1565153262880,
    "end": 1565153262891,
    "duration": 11,
    "pid": 21604,
    "index": 43
  },
  {
    "name": "Require(35) node_modules/egg-onerror/app.js",
    "start": 1565153262895,
    "end": 1565153262939,
    "duration": 44,
    "pid": 21604,
    "index": 44
  },
  {
    "name": "Require(36) node_modules/egg-i18n/app.js",
    "start": 1565153262941,
    "end": 1565153263003,
    "duration": 62,
    "pid": 21604,
    "index": 45
  },
  {
    "name": "Require(37) node_modules/egg-watcher/app.js",
    "start": 1565153263004,
    "end": 1565153263017,
    "duration": 13,
    "pid": 21604,
    "index": 46
  },
  {
    "name": "Require(38) node_modules/egg-schedule/app.js",
    "start": 1565153263019,
    "end": 1565153263026,
    "duration": 7,
    "pid": 21604,
    "index": 47
  },
  {
    "name": "Require(39) node_modules/egg-multipart/app.js",
    "start": 1565153263027,
    "end": 1565153263039,
    "duration": 12,
    "pid": 21604,
    "index": 48
  },
  {
    "name": "Require(40) node_modules/egg-logrotator/app.js",
    "start": 1565153263041,
    "end": 1565153263042,
    "duration": 1,
    "pid": 21604,
    "index": 49
  },
  {
    "name": "Require(41) node_modules/egg-static/app.js",
    "start": 1565153263043,
    "end": 1565153263043,
    "duration": 0,
    "pid": 21604,
    "index": 50
  },
  {
    "name": "Require(42) node_modules/egg-validate/app.js",
    "start": 1565153263047,
    "end": 1565153263054,
    "duration": 7,
    "pid": 21604,
    "index": 51
  },
  {
    "name": "Require(43) node_modules/egg-cors/app.js",
    "start": 1565153263055,
    "end": 1565153263056,
    "duration": 1,
    "pid": 21604,
    "index": 52
  },
  {
    "name": "Require(44) node_modules/egg-mysql/app.js",
    "start": 1565153263057,
    "end": 1565153263108,
    "duration": 51,
    "pid": 21604,
    "index": 53
  },
  {
    "name": "Before Start in node_modules/egg-watcher/lib/init.js:15:14",
    "start": 1565153263172,
    "end": 1565153265285,
    "duration": 2113,
    "pid": 21604,
    "index": 54
  },
  {
    "name": "Before Start in node_modules/egg-mysql/lib/mysql.js:20:7",
    "start": 1565153263575,
    "end": 1565153264323,
    "duration": 748,
    "pid": 21604,
    "index": 55
  },
  {
    "name": "Load Service",
    "start": 1565153263576,
    "end": 1565153263637,
    "duration": 61,
    "pid": 21604,
    "index": 56
  },
  {
    "name": "Load \"service\" to Context",
    "start": 1565153263576,
    "end": 1565153263637,
    "duration": 61,
    "pid": 21604,
    "index": 57
  },
  {
    "name": "Load Middleware",
    "start": 1565153263637,
    "end": 1565153264188,
    "duration": 551,
    "pid": 21604,
    "index": 58
  },
  {
    "name": "Load \"middlewares\" to Application",
    "start": 1565153263638,
    "end": 1565153264152,
    "duration": 514,
    "pid": 21604,
    "index": 59
  },
  {
    "name": "Load Controller",
    "start": 1565153264188,
    "end": 1565153264249,
    "duration": 61,
    "pid": 21604,
    "index": 60
  },
  {
    "name": "Load \"controller\" to Application",
    "start": 1565153264188,
    "end": 1565153264249,
    "duration": 61,
    "pid": 21604,
    "index": 61
  },
  {
    "name": "Load Router",
    "start": 1565153264249,
    "end": 1565153264257,
    "duration": 8,
    "pid": 21604,
    "index": 62
  },
  {
    "name": "Require(45) app/router.js",
    "start": 1565153264250,
    "end": 1565153264252,
    "duration": 2,
    "pid": 21604,
    "index": 63
  },
  {
    "name": "Before Start in node_modules/egg-core/lib/egg.js:303:10",
    "start": 1565153264253,
    "end": 1565153264282,
    "duration": 29,
    "pid": 21604,
    "index": 64
  }
]