[
  {
    "name": "Application Start",
    "start": 1565141994015,
    "end": 1565141995873,
    "duration": 1858,
    "pid": 18080,
    "index": 0
  },
  {
    "name": "Load Plugin",
    "start": 1565141994032,
    "end": 1565141994119,
    "duration": 87,
    "pid": 18080,
    "index": 1
  },
  {
    "name": "Load Config",
    "start": 1565141994119,
    "end": 1565141994191,
    "duration": 72,
    "pid": 18080,
    "index": 2
  },
  {
    "name": "Require(0) config/config.default.js",
    "start": 1565141994121,
    "end": 1565141994122,
    "duration": 1,
    "pid": 18080,
    "index": 3
  },
  {
    "name": "Require(1) node_modules/egg-session/config/config.default.js",
    "start": 1565141994126,
    "end": 1565141994127,
    "duration": 1,
    "pid": 18080,
    "index": 4
  },
  {
    "name": "Require(2) node_modules/egg-security/config/config.default.js",
    "start": 1565141994129,
    "end": 1565141994129,
    "duration": 0,
    "pid": 18080,
    "index": 5
  },
  {
    "name": "Require(3) node_modules/egg-jsonp/config/config.default.js",
    "start": 1565141994132,
    "end": 1565141994133,
    "duration": 1,
    "pid": 18080,
    "index": 6
  },
  {
    "name": "Require(4) node_modules/egg-onerror/config/config.default.js",
    "start": 1565141994134,
    "end": 1565141994135,
    "duration": 1,
    "pid": 18080,
    "index": 7
  },
  {
    "name": "Require(5) node_modules/egg-i18n/config/config.default.js",
    "start": 1565141994144,
    "end": 1565141994145,
    "duration": 1,
    "pid": 18080,
    "index": 8
  },
  {
    "name": "Require(6) node_modules/egg-watcher/config/config.default.js",
    "start": 1565141994147,
    "end": 1565141994148,
    "duration": 1,
    "pid": 18080,
    "index": 9
  },
  {
    "name": "Require(7) node_modules/egg-schedule/config/config.default.js",
    "start": 1565141994150,
    "end": 1565141994150,
    "duration": 0,
    "pid": 18080,
    "index": 10
  },
  {
    "name": "Require(8) node_modules/egg-multipart/config/config.default.js",
    "start": 1565141994152,
    "end": 1565141994153,
    "duration": 1,
    "pid": 18080,
    "index": 11
  },
  {
    "name": "Require(9) node_modules/egg-logrotator/config/config.default.js",
    "start": 1565141994156,
    "end": 1565141994157,
    "duration": 1,
    "pid": 18080,
    "index": 12
  },
  {
    "name": "Require(10) node_modules/egg-static/config/config.default.js",
    "start": 1565141994159,
    "end": 1565141994160,
    "duration": 1,
    "pid": 18080,
    "index": 13
  },
  {
    "name": "Require(11) node_modules/egg-view/config/config.default.js",
    "start": 1565141994162,
    "end": 1565141994163,
    "duration": 1,
    "pid": 18080,
    "index": 14
  },
  {
    "name": "Require(12) node_modules/egg-cors/config/config.default.js",
    "start": 1565141994166,
    "end": 1565141994166,
    "duration": 0,
    "pid": 18080,
    "index": 15
  },
  {
    "name": "Require(13) node_modules/egg-mysql/config/config.default.js",
    "start": 1565141994168,
    "end": 1565141994169,
    "duration": 1,
    "pid": 18080,
    "index": 16
  },
  {
    "name": "Require(14) node_modules/egg/config/config.default.js",
    "start": 1565141994170,
    "end": 1565141994171,
    "duration": 1,
    "pid": 18080,
    "index": 17
  },
  {
    "name": "Require(15) config/config.default.js",
    "start": 1565141994173,
    "end": 1565141994173,
    "duration": 0,
    "pid": 18080,
    "index": 18
  },
  {
    "name": "Require(16) node_modules/egg-static/config/config.prod.js",
    "start": 1565141994184,
    "end": 1565141994184,
    "duration": 0,
    "pid": 18080,
    "index": 19
  },
  {
    "name": "Load extend/application.js",
    "start": 1565141994193,
    "end": 1565141994261,
    "duration": 68,
    "pid": 18080,
    "index": 20
  },
  {
    "name": "Require(17) node_modules/egg-session/app/extend/application.js",
    "start": 1565141994195,
    "end": 1565141994196,
    "duration": 1,
    "pid": 18080,
    "index": 21
  },
  {
    "name": "Require(18) node_modules/egg-security/app/extend/application.js",
    "start": 1565141994198,
    "end": 1565141994202,
    "duration": 4,
    "pid": 18080,
    "index": 22
  },
  {
    "name": "Require(19) node_modules/egg-jsonp/app/extend/application.js",
    "start": 1565141994203,
    "end": 1565141994209,
    "duration": 6,
    "pid": 18080,
    "index": 23
  },
  {
    "name": "Require(20) node_modules/egg-logrotator/app/extend/application.js",
    "start": 1565141994214,
    "end": 1565141994238,
    "duration": 24,
    "pid": 18080,
    "index": 24
  },
  {
    "name": "Require(21) node_modules/egg-view/app/extend/application.js",
    "start": 1565141994241,
    "end": 1565141994245,
    "duration": 4,
    "pid": 18080,
    "index": 25
  },
  {
    "name": "Load extend/request.js",
    "start": 1565141994261,
    "end": 1565141994300,
    "duration": 39,
    "pid": 18080,
    "index": 26
  },
  {
    "name": "Require(22) node_modules/egg/app/extend/request.js",
    "start": 1565141994281,
    "end": 1565141994287,
    "duration": 6,
    "pid": 18080,
    "index": 27
  },
  {
    "name": "Load extend/response.js",
    "start": 1565141994300,
    "end": 1565141994356,
    "duration": 56,
    "pid": 18080,
    "index": 28
  },
  {
    "name": "Require(23) node_modules/egg/app/extend/response.js",
    "start": 1565141994314,
    "end": 1565141994328,
    "duration": 14,
    "pid": 18080,
    "index": 29
  },
  {
    "name": "Load extend/context.js",
    "start": 1565141994356,
    "end": 1565141994588,
    "duration": 232,
    "pid": 18080,
    "index": 30
  },
  {
    "name": "Require(24) node_modules/egg-security/app/extend/context.js",
    "start": 1565141994360,
    "end": 1565141994431,
    "duration": 71,
    "pid": 18080,
    "index": 31
  },
  {
    "name": "Require(25) node_modules/egg-jsonp/app/extend/context.js",
    "start": 1565141994433,
    "end": 1565141994438,
    "duration": 5,
    "pid": 18080,
    "index": 32
  },
  {
    "name": "Require(26) node_modules/egg-i18n/app/extend/context.js",
    "start": 1565141994443,
    "end": 1565141994444,
    "duration": 1,
    "pid": 18080,
    "index": 33
  },
  {
    "name": "Require(27) node_modules/egg-multipart/app/extend/context.js",
    "start": 1565141994447,
    "end": 1565141994553,
    "duration": 106,
    "pid": 18080,
    "index": 34
  },
  {
    "name": "Require(28) node_modules/egg-view/app/extend/context.js",
    "start": 1565141994555,
    "end": 1565141994559,
    "duration": 4,
    "pid": 18080,
    "index": 35
  },
  {
    "name": "Require(29) node_modules/egg-validate/app/extend/context.js",
    "start": 1565141994560,
    "end": 1565141994561,
    "duration": 1,
    "pid": 18080,
    "index": 36
  },
  {
    "name": "Require(30) node_modules/egg/app/extend/context.js",
    "start": 1565141994564,
    "end": 1565141994573,
    "duration": 9,
    "pid": 18080,
    "index": 37
  },
  {
    "name": "Load extend/helper.js",
    "start": 1565141994588,
    "end": 1565141994666,
    "duration": 78,
    "pid": 18080,
    "index": 38
  },
  {
    "name": "Require(31) node_modules/egg-security/app/extend/helper.js",
    "start": 1565141994590,
    "end": 1565141994641,
    "duration": 51,
    "pid": 18080,
    "index": 39
  },
  {
    "name": "Require(32) node_modules/egg/app/extend/helper.js",
    "start": 1565141994652,
    "end": 1565141994653,
    "duration": 1,
    "pid": 18080,
    "index": 40
  },
  {
    "name": "Load app.js",
    "start": 1565141994667,
    "end": 1565141994852,
    "duration": 185,
    "pid": 18080,
    "index": 41
  },
  {
    "name": "Require(33) node_modules/egg-session/app.js",
    "start": 1565141994667,
    "end": 1565141994668,
    "duration": 1,
    "pid": 18080,
    "index": 42
  },
  {
    "name": "Require(34) node_modules/egg-security/app.js",
    "start": 1565141994669,
    "end": 1565141994677,
    "duration": 8,
    "pid": 18080,
    "index": 43
  },
  {
    "name": "Require(35) node_modules/egg-onerror/app.js",
    "start": 1565141994680,
    "end": 1565141994716,
    "duration": 36,
    "pid": 18080,
    "index": 44
  },
  {
    "name": "Require(36) node_modules/egg-i18n/app.js",
    "start": 1565141994717,
    "end": 1565141994753,
    "duration": 36,
    "pid": 18080,
    "index": 45
  },
  {
    "name": "Require(37) node_modules/egg-watcher/app.js",
    "start": 1565141994754,
    "end": 1565141994769,
    "duration": 15,
    "pid": 18080,
    "index": 46
  },
  {
    "name": "Require(38) node_modules/egg-schedule/app.js",
    "start": 1565141994770,
    "end": 1565141994775,
    "duration": 5,
    "pid": 18080,
    "index": 47
  },
  {
    "name": "Require(39) node_modules/egg-multipart/app.js",
    "start": 1565141994777,
    "end": 1565141994786,
    "duration": 9,
    "pid": 18080,
    "index": 48
  },
  {
    "name": "Require(40) node_modules/egg-logrotator/app.js",
    "start": 1565141994787,
    "end": 1565141994788,
    "duration": 1,
    "pid": 18080,
    "index": 49
  },
  {
    "name": "Require(41) node_modules/egg-static/app.js",
    "start": 1565141994789,
    "end": 1565141994790,
    "duration": 1,
    "pid": 18080,
    "index": 50
  },
  {
    "name": "Require(42) node_modules/egg-validate/app.js",
    "start": 1565141994794,
    "end": 1565141994799,
    "duration": 5,
    "pid": 18080,
    "index": 51
  },
  {
    "name": "Require(43) node_modules/egg-cors/app.js",
    "start": 1565141994800,
    "end": 1565141994801,
    "duration": 1,
    "pid": 18080,
    "index": 52
  },
  {
    "name": "Require(44) node_modules/egg-mysql/app.js",
    "start": 1565141994802,
    "end": 1565141994848,
    "duration": 46,
    "pid": 18080,
    "index": 53
  },
  {
    "name": "Before Start in node_modules/egg-watcher/lib/init.js:15:14",
    "start": 1565141994896,
    "end": 1565141995867,
    "duration": 971,
    "pid": 18080,
    "index": 54
  },
  {
    "name": "Before Start in node_modules/egg-mysql/lib/mysql.js:20:7",
    "start": 1565141995274,
    "end": 1565141995870,
    "duration": 596,
    "pid": 18080,
    "index": 55
  },
  {
    "name": "Load Service",
    "start": 1565141995274,
    "end": 1565141995333,
    "duration": 59,
    "pid": 18080,
    "index": 56
  },
  {
    "name": "Load \"service\" to Context",
    "start": 1565141995275,
    "end": 1565141995333,
    "duration": 58,
    "pid": 18080,
    "index": 57
  },
  {
    "name": "Load Middleware",
    "start": 1565141995333,
    "end": 1565141995768,
    "duration": 435,
    "pid": 18080,
    "index": 58
  },
  {
    "name": "Load \"middlewares\" to Application",
    "start": 1565141995334,
    "end": 1565141995744,
    "duration": 410,
    "pid": 18080,
    "index": 59
  },
  {
    "name": "Load Controller",
    "start": 1565141995768,
    "end": 1565141995817,
    "duration": 49,
    "pid": 18080,
    "index": 60
  },
  {
    "name": "Load \"controller\" to Application",
    "start": 1565141995768,
    "end": 1565141995816,
    "duration": 48,
    "pid": 18080,
    "index": 61
  },
  {
    "name": "Load Router",
    "start": 1565141995817,
    "end": 1565141995822,
    "duration": 5,
    "pid": 18080,
    "index": 62
  },
  {
    "name": "Require(45) app/router.js",
    "start": 1565141995818,
    "end": 1565141995819,
    "duration": 1,
    "pid": 18080,
    "index": 63
  },
  {
    "name": "Before Start in node_modules/egg-core/lib/egg.js:303:10",
    "start": 1565141995819,
    "end": 1565141995843,
    "duration": 24,
    "pid": 18080,
    "index": 64
  }
]