[
  {
    "name": "Application Start",
    "start": 1565002788736,
    "end": 1565002790681,
    "duration": 1945,
    "pid": 16092,
    "index": 0
  },
  {
    "name": "Load Plugin",
    "start": 1565002788752,
    "end": 1565002788847,
    "duration": 95,
    "pid": 16092,
    "index": 1
  },
  {
    "name": "Load Config",
    "start": 1565002788847,
    "end": 1565002788911,
    "duration": 64,
    "pid": 16092,
    "index": 2
  },
  {
    "name": "Require(0) config/config.default.js",
    "start": 1565002788849,
    "end": 1565002788850,
    "duration": 1,
    "pid": 16092,
    "index": 3
  },
  {
    "name": "Require(1) node_modules/egg-session/config/config.default.js",
    "start": 1565002788854,
    "end": 1565002788855,
    "duration": 1,
    "pid": 16092,
    "index": 4
  },
  {
    "name": "Require(2) node_modules/egg-security/config/config.default.js",
    "start": 1565002788857,
    "end": 1565002788858,
    "duration": 1,
    "pid": 16092,
    "index": 5
  },
  {
    "name": "Require(3) node_modules/egg-jsonp/config/config.default.js",
    "start": 1565002788861,
    "end": 1565002788861,
    "duration": 0,
    "pid": 16092,
    "index": 6
  },
  {
    "name": "Require(4) node_modules/egg-onerror/config/config.default.js",
    "start": 1565002788863,
    "end": 1565002788864,
    "duration": 1,
    "pid": 16092,
    "index": 7
  },
  {
    "name": "Require(5) node_modules/egg-i18n/config/config.default.js",
    "start": 1565002788866,
    "end": 1565002788866,
    "duration": 0,
    "pid": 16092,
    "index": 8
  },
  {
    "name": "Require(6) node_modules/egg-watcher/config/config.default.js",
    "start": 1565002788868,
    "end": 1565002788869,
    "duration": 1,
    "pid": 16092,
    "index": 9
  },
  {
    "name": "Require(7) node_modules/egg-schedule/config/config.default.js",
    "start": 1565002788871,
    "end": 1565002788872,
    "duration": 1,
    "pid": 16092,
    "index": 10
  },
  {
    "name": "Require(8) node_modules/egg-multipart/config/config.default.js",
    "start": 1565002788874,
    "end": 1565002788874,
    "duration": 0,
    "pid": 16092,
    "index": 11
  },
  {
    "name": "Require(9) node_modules/egg-logrotator/config/config.default.js",
    "start": 1565002788876,
    "end": 1565002788877,
    "duration": 1,
    "pid": 16092,
    "index": 12
  },
  {
    "name": "Require(10) node_modules/egg-static/config/config.default.js",
    "start": 1565002788879,
    "end": 1565002788880,
    "duration": 1,
    "pid": 16092,
    "index": 13
  },
  {
    "name": "Require(11) node_modules/egg-view/config/config.default.js",
    "start": 1565002788881,
    "end": 1565002788882,
    "duration": 1,
    "pid": 16092,
    "index": 14
  },
  {
    "name": "Require(12) node_modules/egg-cors/config/config.default.js",
    "start": 1565002788885,
    "end": 1565002788886,
    "duration": 1,
    "pid": 16092,
    "index": 15
  },
  {
    "name": "Require(13) node_modules/egg-mysql/config/config.default.js",
    "start": 1565002788888,
    "end": 1565002788889,
    "duration": 1,
    "pid": 16092,
    "index": 16
  },
  {
    "name": "Require(14) node_modules/egg/config/config.default.js",
    "start": 1565002788890,
    "end": 1565002788891,
    "duration": 1,
    "pid": 16092,
    "index": 17
  },
  {
    "name": "Require(15) config/config.default.js",
    "start": 1565002788894,
    "end": 1565002788894,
    "duration": 0,
    "pid": 16092,
    "index": 18
  },
  {
    "name": "Require(16) node_modules/egg-static/config/config.prod.js",
    "start": 1565002788904,
    "end": 1565002788905,
    "duration": 1,
    "pid": 16092,
    "index": 19
  },
  {
    "name": "Load extend/application.js",
    "start": 1565002788914,
    "end": 1565002788985,
    "duration": 71,
    "pid": 16092,
    "index": 20
  },
  {
    "name": "Require(17) node_modules/egg-session/app/extend/application.js",
    "start": 1565002788916,
    "end": 1565002788917,
    "duration": 1,
    "pid": 16092,
    "index": 21
  },
  {
    "name": "Require(18) node_modules/egg-security/app/extend/application.js",
    "start": 1565002788919,
    "end": 1565002788922,
    "duration": 3,
    "pid": 16092,
    "index": 22
  },
  {
    "name": "Require(19) node_modules/egg-jsonp/app/extend/application.js",
    "start": 1565002788924,
    "end": 1565002788929,
    "duration": 5,
    "pid": 16092,
    "index": 23
  },
  {
    "name": "Require(20) node_modules/egg-logrotator/app/extend/application.js",
    "start": 1565002788935,
    "end": 1565002788960,
    "duration": 25,
    "pid": 16092,
    "index": 24
  },
  {
    "name": "Require(21) node_modules/egg-view/app/extend/application.js",
    "start": 1565002788962,
    "end": 1565002788967,
    "duration": 5,
    "pid": 16092,
    "index": 25
  },
  {
    "name": "Load extend/request.js",
    "start": 1565002788985,
    "end": 1565002789018,
    "duration": 33,
    "pid": 16092,
    "index": 26
  },
  {
    "name": "Require(22) node_modules/egg/app/extend/request.js",
    "start": 1565002788999,
    "end": 1565002789004,
    "duration": 5,
    "pid": 16092,
    "index": 27
  },
  {
    "name": "Load extend/response.js",
    "start": 1565002789018,
    "end": 1565002789053,
    "duration": 35,
    "pid": 16092,
    "index": 28
  },
  {
    "name": "Require(23) node_modules/egg/app/extend/response.js",
    "start": 1565002789030,
    "end": 1565002789038,
    "duration": 8,
    "pid": 16092,
    "index": 29
  },
  {
    "name": "Load extend/context.js",
    "start": 1565002789053,
    "end": 1565002789278,
    "duration": 225,
    "pid": 16092,
    "index": 30
  },
  {
    "name": "Require(24) node_modules/egg-security/app/extend/context.js",
    "start": 1565002789055,
    "end": 1565002789118,
    "duration": 63,
    "pid": 16092,
    "index": 31
  },
  {
    "name": "Require(25) node_modules/egg-jsonp/app/extend/context.js",
    "start": 1565002789119,
    "end": 1565002789125,
    "duration": 6,
    "pid": 16092,
    "index": 32
  },
  {
    "name": "Require(26) node_modules/egg-i18n/app/extend/context.js",
    "start": 1565002789127,
    "end": 1565002789128,
    "duration": 1,
    "pid": 16092,
    "index": 33
  },
  {
    "name": "Require(27) node_modules/egg-multipart/app/extend/context.js",
    "start": 1565002789131,
    "end": 1565002789241,
    "duration": 110,
    "pid": 16092,
    "index": 34
  },
  {
    "name": "Require(28) node_modules/egg-view/app/extend/context.js",
    "start": 1565002789243,
    "end": 1565002789247,
    "duration": 4,
    "pid": 16092,
    "index": 35
  },
  {
    "name": "Require(29) node_modules/egg-validate/app/extend/context.js",
    "start": 1565002789248,
    "end": 1565002789249,
    "duration": 1,
    "pid": 16092,
    "index": 36
  },
  {
    "name": "Require(30) node_modules/egg/app/extend/context.js",
    "start": 1565002789252,
    "end": 1565002789263,
    "duration": 11,
    "pid": 16092,
    "index": 37
  },
  {
    "name": "Load extend/helper.js",
    "start": 1565002789278,
    "end": 1565002789363,
    "duration": 85,
    "pid": 16092,
    "index": 38
  },
  {
    "name": "Require(31) node_modules/egg-security/app/extend/helper.js",
    "start": 1565002789280,
    "end": 1565002789336,
    "duration": 56,
    "pid": 16092,
    "index": 39
  },
  {
    "name": "Require(32) node_modules/egg/app/extend/helper.js",
    "start": 1565002789347,
    "end": 1565002789348,
    "duration": 1,
    "pid": 16092,
    "index": 40
  },
  {
    "name": "Load app.js",
    "start": 1565002789363,
    "end": 1565002789564,
    "duration": 201,
    "pid": 16092,
    "index": 41
  },
  {
    "name": "Require(33) node_modules/egg-session/app.js",
    "start": 1565002789364,
    "end": 1565002789365,
    "duration": 1,
    "pid": 16092,
    "index": 42
  },
  {
    "name": "Require(34) node_modules/egg-security/app.js",
    "start": 1565002789367,
    "end": 1565002789374,
    "duration": 7,
    "pid": 16092,
    "index": 43
  },
  {
    "name": "Require(35) node_modules/egg-onerror/app.js",
    "start": 1565002789378,
    "end": 1565002789416,
    "duration": 38,
    "pid": 16092,
    "index": 44
  },
  {
    "name": "Require(36) node_modules/egg-i18n/app.js",
    "start": 1565002789417,
    "end": 1565002789457,
    "duration": 40,
    "pid": 16092,
    "index": 45
  },
  {
    "name": "Require(37) node_modules/egg-watcher/app.js",
    "start": 1565002789458,
    "end": 1565002789475,
    "duration": 17,
    "pid": 16092,
    "index": 46
  },
  {
    "name": "Require(38) node_modules/egg-schedule/app.js",
    "start": 1565002789476,
    "end": 1565002789482,
    "duration": 6,
    "pid": 16092,
    "index": 47
  },
  {
    "name": "Require(39) node_modules/egg-multipart/app.js",
    "start": 1565002789484,
    "end": 1565002789494,
    "duration": 10,
    "pid": 16092,
    "index": 48
  },
  {
    "name": "Require(40) node_modules/egg-logrotator/app.js",
    "start": 1565002789495,
    "end": 1565002789496,
    "duration": 1,
    "pid": 16092,
    "index": 49
  },
  {
    "name": "Require(41) node_modules/egg-static/app.js",
    "start": 1565002789497,
    "end": 1565002789498,
    "duration": 1,
    "pid": 16092,
    "index": 50
  },
  {
    "name": "Require(42) node_modules/egg-validate/app.js",
    "start": 1565002789501,
    "end": 1565002789508,
    "duration": 7,
    "pid": 16092,
    "index": 51
  },
  {
    "name": "Require(43) node_modules/egg-cors/app.js",
    "start": 1565002789510,
    "end": 1565002789511,
    "duration": 1,
    "pid": 16092,
    "index": 52
  },
  {
    "name": "Require(44) node_modules/egg-mysql/app.js",
    "start": 1565002789512,
    "end": 1565002789559,
    "duration": 47,
    "pid": 16092,
    "index": 53
  },
  {
    "name": "Before Start in node_modules/egg-watcher/lib/init.js:15:14",
    "start": 1565002789601,
    "end": 1565002790677,
    "duration": 1076,
    "pid": 16092,
    "index": 54
  },
  {
    "name": "Before Start in node_modules/egg-mysql/lib/mysql.js:20:7",
    "start": 1565002789929,
    "end": 1565002790674,
    "duration": 745,
    "pid": 16092,
    "index": 55
  },
  {
    "name": "Load Service",
    "start": 1565002789929,
    "end": 1565002789993,
    "duration": 64,
    "pid": 16092,
    "index": 56
  },
  {
    "name": "Load \"service\" to Context",
    "start": 1565002789930,
    "end": 1565002789993,
    "duration": 63,
    "pid": 16092,
    "index": 57
  },
  {
    "name": "Load Middleware",
    "start": 1565002789993,
    "end": 1565002790523,
    "duration": 530,
    "pid": 16092,
    "index": 58
  },
  {
    "name": "Load \"middlewares\" to Application",
    "start": 1565002789993,
    "end": 1565002790476,
    "duration": 483,
    "pid": 16092,
    "index": 59
  },
  {
    "name": "Load Controller",
    "start": 1565002790523,
    "end": 1565002790586,
    "duration": 63,
    "pid": 16092,
    "index": 60
  },
  {
    "name": "Load \"controller\" to Application",
    "start": 1565002790523,
    "end": 1565002790586,
    "duration": 63,
    "pid": 16092,
    "index": 61
  },
  {
    "name": "Load Router",
    "start": 1565002790586,
    "end": 1565002790593,
    "duration": 7,
    "pid": 16092,
    "index": 62
  },
  {
    "name": "Require(45) app/router.js",
    "start": 1565002790587,
    "end": 1565002790588,
    "duration": 1,
    "pid": 16092,
    "index": 63
  },
  {
    "name": "Before Start in node_modules/egg-core/lib/egg.js:303:10",
    "start": 1565002790589,
    "end": 1565002790620,
    "duration": 31,
    "pid": 16092,
    "index": 64
  }
]