[
  {
    "name": "Application Start",
    "start": 1561425482210,
    "end": 1561425483700,
    "duration": 1490,
    "pid": 356,
    "index": 0
  },
  {
    "name": "Load Plugin",
    "start": 1561425482218,
    "end": 1561425482285,
    "duration": 67,
    "pid": 356,
    "index": 1
  },
  {
    "name": "Load Config",
    "start": 1561425482286,
    "end": 1561425482308,
    "duration": 22,
    "pid": 356,
    "index": 2
  },
  {
    "name": "Require(0) config/config.default.js",
    "start": 1561425482287,
    "end": 1561425482287,
    "duration": 0,
    "pid": 356,
    "index": 3
  },
  {
    "name": "Require(1) node_modules/egg-session/config/config.default.js",
    "start": 1561425482290,
    "end": 1561425482290,
    "duration": 0,
    "pid": 356,
    "index": 4
  },
  {
    "name": "Require(2) node_modules/egg-security/config/config.default.js",
    "start": 1561425482291,
    "end": 1561425482292,
    "duration": 1,
    "pid": 356,
    "index": 5
  },
  {
    "name": "Require(3) node_modules/egg-jsonp/config/config.default.js",
    "start": 1561425482293,
    "end": 1561425482293,
    "duration": 0,
    "pid": 356,
    "index": 6
  },
  {
    "name": "Require(4) node_modules/egg-onerror/config/config.default.js",
    "start": 1561425482294,
    "end": 1561425482295,
    "duration": 1,
    "pid": 356,
    "index": 7
  },
  {
    "name": "Require(5) node_modules/egg-i18n/config/config.default.js",
    "start": 1561425482295,
    "end": 1561425482296,
    "duration": 1,
    "pid": 356,
    "index": 8
  },
  {
    "name": "Require(6) node_modules/egg-watcher/config/config.default.js",
    "start": 1561425482296,
    "end": 1561425482297,
    "duration": 1,
    "pid": 356,
    "index": 9
  },
  {
    "name": "Require(7) node_modules/egg-schedule/config/config.default.js",
    "start": 1561425482298,
    "end": 1561425482298,
    "duration": 0,
    "pid": 356,
    "index": 10
  },
  {
    "name": "Require(8) node_modules/egg-multipart/config/config.default.js",
    "start": 1561425482299,
    "end": 1561425482299,
    "duration": 0,
    "pid": 356,
    "index": 11
  },
  {
    "name": "Require(9) node_modules/egg-logrotator/config/config.default.js",
    "start": 1561425482300,
    "end": 1561425482301,
    "duration": 1,
    "pid": 356,
    "index": 12
  },
  {
    "name": "Require(10) node_modules/egg-static/config/config.default.js",
    "start": 1561425482301,
    "end": 1561425482302,
    "duration": 1,
    "pid": 356,
    "index": 13
  },
  {
    "name": "Require(11) node_modules/egg-view/config/config.default.js",
    "start": 1561425482303,
    "end": 1561425482303,
    "duration": 0,
    "pid": 356,
    "index": 14
  },
  {
    "name": "Require(12) node_modules/egg-cors/config/config.default.js",
    "start": 1561425482304,
    "end": 1561425482304,
    "duration": 0,
    "pid": 356,
    "index": 15
  },
  {
    "name": "Require(13) node_modules/egg-mysql/config/config.default.js",
    "start": 1561425482305,
    "end": 1561425482305,
    "duration": 0,
    "pid": 356,
    "index": 16
  },
  {
    "name": "Require(14) node_modules/egg/config/config.default.js",
    "start": 1561425482306,
    "end": 1561425482307,
    "duration": 1,
    "pid": 356,
    "index": 17
  },
  {
    "name": "Require(15) config/config.default.js",
    "start": 1561425482308,
    "end": 1561425482308,
    "duration": 0,
    "pid": 356,
    "index": 18
  },
  {
    "name": "Require(16) node_modules/egg-static/config/config.prod.js",
    "start": 1561425482308,
    "end": 1561425482308,
    "duration": 0,
    "pid": 356,
    "index": 19
  },
  {
    "name": "Load extend/application.js",
    "start": 1561425482308,
    "end": 1561425482344,
    "duration": 36,
    "pid": 356,
    "index": 20
  },
  {
    "name": "Require(17) node_modules/egg-session/app/extend/application.js",
    "start": 1561425482318,
    "end": 1561425482318,
    "duration": 0,
    "pid": 356,
    "index": 21
  },
  {
    "name": "Require(18) node_modules/egg-security/app/extend/application.js",
    "start": 1561425482318,
    "end": 1561425482318,
    "duration": 0,
    "pid": 356,
    "index": 22
  },
  {
    "name": "Require(19) node_modules/egg-jsonp/app/extend/application.js",
    "start": 1561425482318,
    "end": 1561425482328,
    "duration": 10,
    "pid": 356,
    "index": 23
  },
  {
    "name": "Require(20) node_modules/egg-logrotator/app/extend/application.js",
    "start": 1561425482328,
    "end": 1561425482328,
    "duration": 0,
    "pid": 356,
    "index": 24
  },
  {
    "name": "Require(21) node_modules/egg-view/app/extend/application.js",
    "start": 1561425482328,
    "end": 1561425482340,
    "duration": 12,
    "pid": 356,
    "index": 25
  },
  {
    "name": "Load extend/request.js",
    "start": 1561425482344,
    "end": 1561425482350,
    "duration": 6,
    "pid": 356,
    "index": 26
  },
  {
    "name": "Require(22) node_modules/egg/app/extend/request.js",
    "start": 1561425482348,
    "end": 1561425482350,
    "duration": 2,
    "pid": 356,
    "index": 27
  },
  {
    "name": "Load extend/response.js",
    "start": 1561425482350,
    "end": 1561425482371,
    "duration": 21,
    "pid": 356,
    "index": 28
  },
  {
    "name": "Require(23) node_modules/egg/app/extend/response.js",
    "start": 1561425482360,
    "end": 1561425482360,
    "duration": 0,
    "pid": 356,
    "index": 29
  },
  {
    "name": "Load extend/context.js",
    "start": 1561425482371,
    "end": 1561425482583,
    "duration": 212,
    "pid": 356,
    "index": 30
  },
  {
    "name": "Require(24) node_modules/egg-security/app/extend/context.js",
    "start": 1561425482372,
    "end": 1561425482492,
    "duration": 120,
    "pid": 356,
    "index": 31
  },
  {
    "name": "Require(25) node_modules/egg-jsonp/app/extend/context.js",
    "start": 1561425482492,
    "end": 1561425482494,
    "duration": 2,
    "pid": 356,
    "index": 32
  },
  {
    "name": "Require(26) node_modules/egg-i18n/app/extend/context.js",
    "start": 1561425482495,
    "end": 1561425482496,
    "duration": 1,
    "pid": 356,
    "index": 33
  },
  {
    "name": "Require(27) node_modules/egg-multipart/app/extend/context.js",
    "start": 1561425482497,
    "end": 1561425482569,
    "duration": 72,
    "pid": 356,
    "index": 34
  },
  {
    "name": "Require(28) node_modules/egg-view/app/extend/context.js",
    "start": 1561425482569,
    "end": 1561425482569,
    "duration": 0,
    "pid": 356,
    "index": 35
  },
  {
    "name": "Require(29) node_modules/egg-validate/app/extend/context.js",
    "start": 1561425482569,
    "end": 1561425482569,
    "duration": 0,
    "pid": 356,
    "index": 36
  },
  {
    "name": "Require(30) node_modules/egg/app/extend/context.js",
    "start": 1561425482569,
    "end": 1561425482579,
    "duration": 10,
    "pid": 356,
    "index": 37
  },
  {
    "name": "Load extend/helper.js",
    "start": 1561425482583,
    "end": 1561425482611,
    "duration": 28,
    "pid": 356,
    "index": 38
  },
  {
    "name": "Require(31) node_modules/egg-security/app/extend/helper.js",
    "start": 1561425482584,
    "end": 1561425482606,
    "duration": 22,
    "pid": 356,
    "index": 39
  },
  {
    "name": "Require(32) node_modules/egg/app/extend/helper.js",
    "start": 1561425482609,
    "end": 1561425482609,
    "duration": 0,
    "pid": 356,
    "index": 40
  },
  {
    "name": "Load app.js",
    "start": 1561425482611,
    "end": 1561425482754,
    "duration": 143,
    "pid": 356,
    "index": 41
  },
  {
    "name": "Require(33) node_modules/egg-session/app.js",
    "start": 1561425482611,
    "end": 1561425482611,
    "duration": 0,
    "pid": 356,
    "index": 42
  },
  {
    "name": "Require(34) node_modules/egg-security/app.js",
    "start": 1561425482611,
    "end": 1561425482611,
    "duration": 0,
    "pid": 356,
    "index": 43
  },
  {
    "name": "Require(35) node_modules/egg-onerror/app.js",
    "start": 1561425482621,
    "end": 1561425482651,
    "duration": 30,
    "pid": 356,
    "index": 44
  },
  {
    "name": "Require(36) node_modules/egg-i18n/app.js",
    "start": 1561425482652,
    "end": 1561425482691,
    "duration": 39,
    "pid": 356,
    "index": 45
  },
  {
    "name": "Require(37) node_modules/egg-watcher/app.js",
    "start": 1561425482693,
    "end": 1561425482697,
    "duration": 4,
    "pid": 356,
    "index": 46
  },
  {
    "name": "Require(38) node_modules/egg-schedule/app.js",
    "start": 1561425482698,
    "end": 1561425482700,
    "duration": 2,
    "pid": 356,
    "index": 47
  },
  {
    "name": "Require(39) node_modules/egg-multipart/app.js",
    "start": 1561425482702,
    "end": 1561425482709,
    "duration": 7,
    "pid": 356,
    "index": 48
  },
  {
    "name": "Require(40) node_modules/egg-logrotator/app.js",
    "start": 1561425482710,
    "end": 1561425482711,
    "duration": 1,
    "pid": 356,
    "index": 49
  },
  {
    "name": "Require(41) node_modules/egg-static/app.js",
    "start": 1561425482713,
    "end": 1561425482714,
    "duration": 1,
    "pid": 356,
    "index": 50
  },
  {
    "name": "Require(42) node_modules/egg-validate/app.js",
    "start": 1561425482716,
    "end": 1561425482724,
    "duration": 8,
    "pid": 356,
    "index": 51
  },
  {
    "name": "Require(43) node_modules/egg-cors/app.js",
    "start": 1561425482726,
    "end": 1561425482727,
    "duration": 1,
    "pid": 356,
    "index": 52
  },
  {
    "name": "Require(44) node_modules/egg-mysql/app.js",
    "start": 1561425482728,
    "end": 1561425482752,
    "duration": 24,
    "pid": 356,
    "index": 53
  },
  {
    "name": "Before Start in node_modules/egg-watcher/lib/init.js:15:14",
    "start": 1561425482785,
    "end": 1561425483671,
    "duration": 886,
    "pid": 356,
    "index": 54
  },
  {
    "name": "Before Start in node_modules/egg-mysql/lib/mysql.js:20:7",
    "start": 1561425483062,
    "end": 1561425483699,
    "duration": 637,
    "pid": 356,
    "index": 55
  },
  {
    "name": "Load Service",
    "start": 1561425483062,
    "end": 1561425483149,
    "duration": 87,
    "pid": 356,
    "index": 56
  },
  {
    "name": "Load \"service\" to Context",
    "start": 1561425483063,
    "end": 1561425483149,
    "duration": 86,
    "pid": 356,
    "index": 57
  },
  {
    "name": "Load Middleware",
    "start": 1561425483149,
    "end": 1561425483464,
    "duration": 315,
    "pid": 356,
    "index": 58
  },
  {
    "name": "Load \"middlewares\" to Application",
    "start": 1561425483150,
    "end": 1561425483440,
    "duration": 290,
    "pid": 356,
    "index": 59
  },
  {
    "name": "Load Controller",
    "start": 1561425483464,
    "end": 1561425483503,
    "duration": 39,
    "pid": 356,
    "index": 60
  },
  {
    "name": "Load \"controller\" to Application",
    "start": 1561425483464,
    "end": 1561425483502,
    "duration": 38,
    "pid": 356,
    "index": 61
  },
  {
    "name": "Load Router",
    "start": 1561425483503,
    "end": 1561425483511,
    "duration": 8,
    "pid": 356,
    "index": 62
  },
  {
    "name": "Require(45) app/router.js",
    "start": 1561425483504,
    "end": 1561425483505,
    "duration": 1,
    "pid": 356,
    "index": 63
  },
  {
    "name": "Before Start in node_modules/egg-core/lib/egg.js:303:10",
    "start": 1561425483506,
    "end": 1561425483541,
    "duration": 35,
    "pid": 356,
    "index": 64
  }
]