[
  {
    "name": "Application Start",
    "start": 1565061137980,
    "end": 1565061139973,
    "duration": 1993,
    "pid": 7748,
    "index": 0
  },
  {
    "name": "Load Plugin",
    "start": 1565061137997,
    "end": 1565061138104,
    "duration": 107,
    "pid": 7748,
    "index": 1
  },
  {
    "name": "Load Config",
    "start": 1565061138105,
    "end": 1565061138183,
    "duration": 78,
    "pid": 7748,
    "index": 2
  },
  {
    "name": "Require(0) config/config.default.js",
    "start": 1565061138107,
    "end": 1565061138107,
    "duration": 0,
    "pid": 7748,
    "index": 3
  },
  {
    "name": "Require(1) node_modules/egg-session/config/config.default.js",
    "start": 1565061138113,
    "end": 1565061138114,
    "duration": 1,
    "pid": 7748,
    "index": 4
  },
  {
    "name": "Require(2) node_modules/egg-security/config/config.default.js",
    "start": 1565061138116,
    "end": 1565061138117,
    "duration": 1,
    "pid": 7748,
    "index": 5
  },
  {
    "name": "Require(3) node_modules/egg-jsonp/config/config.default.js",
    "start": 1565061138127,
    "end": 1565061138131,
    "duration": 4,
    "pid": 7748,
    "index": 6
  },
  {
    "name": "Require(4) node_modules/egg-onerror/config/config.default.js",
    "start": 1565061138134,
    "end": 1565061138135,
    "duration": 1,
    "pid": 7748,
    "index": 7
  },
  {
    "name": "Require(5) node_modules/egg-i18n/config/config.default.js",
    "start": 1565061138138,
    "end": 1565061138138,
    "duration": 0,
    "pid": 7748,
    "index": 8
  },
  {
    "name": "Require(6) node_modules/egg-watcher/config/config.default.js",
    "start": 1565061138140,
    "end": 1565061138141,
    "duration": 1,
    "pid": 7748,
    "index": 9
  },
  {
    "name": "Require(7) node_modules/egg-schedule/config/config.default.js",
    "start": 1565061138143,
    "end": 1565061138143,
    "duration": 0,
    "pid": 7748,
    "index": 10
  },
  {
    "name": "Require(8) node_modules/egg-multipart/config/config.default.js",
    "start": 1565061138146,
    "end": 1565061138147,
    "duration": 1,
    "pid": 7748,
    "index": 11
  },
  {
    "name": "Require(9) node_modules/egg-logrotator/config/config.default.js",
    "start": 1565061138149,
    "end": 1565061138149,
    "duration": 0,
    "pid": 7748,
    "index": 12
  },
  {
    "name": "Require(10) node_modules/egg-static/config/config.default.js",
    "start": 1565061138151,
    "end": 1565061138152,
    "duration": 1,
    "pid": 7748,
    "index": 13
  },
  {
    "name": "Require(11) node_modules/egg-view/config/config.default.js",
    "start": 1565061138154,
    "end": 1565061138155,
    "duration": 1,
    "pid": 7748,
    "index": 14
  },
  {
    "name": "Require(12) node_modules/egg-cors/config/config.default.js",
    "start": 1565061138158,
    "end": 1565061138158,
    "duration": 0,
    "pid": 7748,
    "index": 15
  },
  {
    "name": "Require(13) node_modules/egg-mysql/config/config.default.js",
    "start": 1565061138160,
    "end": 1565061138160,
    "duration": 0,
    "pid": 7748,
    "index": 16
  },
  {
    "name": "Require(14) node_modules/egg/config/config.default.js",
    "start": 1565061138162,
    "end": 1565061138163,
    "duration": 1,
    "pid": 7748,
    "index": 17
  },
  {
    "name": "Require(15) config/config.default.js",
    "start": 1565061138166,
    "end": 1565061138166,
    "duration": 0,
    "pid": 7748,
    "index": 18
  },
  {
    "name": "Require(16) node_modules/egg-static/config/config.prod.js",
    "start": 1565061138177,
    "end": 1565061138177,
    "duration": 0,
    "pid": 7748,
    "index": 19
  },
  {
    "name": "Load extend/application.js",
    "start": 1565061138186,
    "end": 1565061138256,
    "duration": 70,
    "pid": 7748,
    "index": 20
  },
  {
    "name": "Require(17) node_modules/egg-session/app/extend/application.js",
    "start": 1565061138187,
    "end": 1565061138188,
    "duration": 1,
    "pid": 7748,
    "index": 21
  },
  {
    "name": "Require(18) node_modules/egg-security/app/extend/application.js",
    "start": 1565061138190,
    "end": 1565061138194,
    "duration": 4,
    "pid": 7748,
    "index": 22
  },
  {
    "name": "Require(19) node_modules/egg-jsonp/app/extend/application.js",
    "start": 1565061138196,
    "end": 1565061138202,
    "duration": 6,
    "pid": 7748,
    "index": 23
  },
  {
    "name": "Require(20) node_modules/egg-logrotator/app/extend/application.js",
    "start": 1565061138208,
    "end": 1565061138232,
    "duration": 24,
    "pid": 7748,
    "index": 24
  },
  {
    "name": "Require(21) node_modules/egg-view/app/extend/application.js",
    "start": 1565061138234,
    "end": 1565061138239,
    "duration": 5,
    "pid": 7748,
    "index": 25
  },
  {
    "name": "Load extend/request.js",
    "start": 1565061138256,
    "end": 1565061138289,
    "duration": 33,
    "pid": 7748,
    "index": 26
  },
  {
    "name": "Require(22) node_modules/egg/app/extend/request.js",
    "start": 1565061138270,
    "end": 1565061138275,
    "duration": 5,
    "pid": 7748,
    "index": 27
  },
  {
    "name": "Load extend/response.js",
    "start": 1565061138289,
    "end": 1565061138325,
    "duration": 36,
    "pid": 7748,
    "index": 28
  },
  {
    "name": "Require(23) node_modules/egg/app/extend/response.js",
    "start": 1565061138303,
    "end": 1565061138311,
    "duration": 8,
    "pid": 7748,
    "index": 29
  },
  {
    "name": "Load extend/context.js",
    "start": 1565061138325,
    "end": 1565061138576,
    "duration": 251,
    "pid": 7748,
    "index": 30
  },
  {
    "name": "Require(24) node_modules/egg-security/app/extend/context.js",
    "start": 1565061138327,
    "end": 1565061138386,
    "duration": 59,
    "pid": 7748,
    "index": 31
  },
  {
    "name": "Require(25) node_modules/egg-jsonp/app/extend/context.js",
    "start": 1565061138387,
    "end": 1565061138393,
    "duration": 6,
    "pid": 7748,
    "index": 32
  },
  {
    "name": "Require(26) node_modules/egg-i18n/app/extend/context.js",
    "start": 1565061138396,
    "end": 1565061138397,
    "duration": 1,
    "pid": 7748,
    "index": 33
  },
  {
    "name": "Require(27) node_modules/egg-multipart/app/extend/context.js",
    "start": 1565061138400,
    "end": 1565061138526,
    "duration": 126,
    "pid": 7748,
    "index": 34
  },
  {
    "name": "Require(28) node_modules/egg-view/app/extend/context.js",
    "start": 1565061138531,
    "end": 1565061138542,
    "duration": 11,
    "pid": 7748,
    "index": 35
  },
  {
    "name": "Require(29) node_modules/egg-validate/app/extend/context.js",
    "start": 1565061138545,
    "end": 1565061138547,
    "duration": 2,
    "pid": 7748,
    "index": 36
  },
  {
    "name": "Require(30) node_modules/egg/app/extend/context.js",
    "start": 1565061138552,
    "end": 1565061138562,
    "duration": 10,
    "pid": 7748,
    "index": 37
  },
  {
    "name": "Load extend/helper.js",
    "start": 1565061138576,
    "end": 1565061138673,
    "duration": 97,
    "pid": 7748,
    "index": 38
  },
  {
    "name": "Require(31) node_modules/egg-security/app/extend/helper.js",
    "start": 1565061138579,
    "end": 1565061138636,
    "duration": 57,
    "pid": 7748,
    "index": 39
  },
  {
    "name": "Require(32) node_modules/egg/app/extend/helper.js",
    "start": 1565061138656,
    "end": 1565061138657,
    "duration": 1,
    "pid": 7748,
    "index": 40
  },
  {
    "name": "Load app.js",
    "start": 1565061138673,
    "end": 1565061138861,
    "duration": 188,
    "pid": 7748,
    "index": 41
  },
  {
    "name": "Require(33) node_modules/egg-session/app.js",
    "start": 1565061138674,
    "end": 1565061138675,
    "duration": 1,
    "pid": 7748,
    "index": 42
  },
  {
    "name": "Require(34) node_modules/egg-security/app.js",
    "start": 1565061138676,
    "end": 1565061138686,
    "duration": 10,
    "pid": 7748,
    "index": 43
  },
  {
    "name": "Require(35) node_modules/egg-onerror/app.js",
    "start": 1565061138689,
    "end": 1565061138727,
    "duration": 38,
    "pid": 7748,
    "index": 44
  },
  {
    "name": "Require(36) node_modules/egg-i18n/app.js",
    "start": 1565061138728,
    "end": 1565061138762,
    "duration": 34,
    "pid": 7748,
    "index": 45
  },
  {
    "name": "Require(37) node_modules/egg-watcher/app.js",
    "start": 1565061138764,
    "end": 1565061138778,
    "duration": 14,
    "pid": 7748,
    "index": 46
  },
  {
    "name": "Require(38) node_modules/egg-schedule/app.js",
    "start": 1565061138780,
    "end": 1565061138785,
    "duration": 5,
    "pid": 7748,
    "index": 47
  },
  {
    "name": "Require(39) node_modules/egg-multipart/app.js",
    "start": 1565061138786,
    "end": 1565061138796,
    "duration": 10,
    "pid": 7748,
    "index": 48
  },
  {
    "name": "Require(40) node_modules/egg-logrotator/app.js",
    "start": 1565061138797,
    "end": 1565061138798,
    "duration": 1,
    "pid": 7748,
    "index": 49
  },
  {
    "name": "Require(41) node_modules/egg-static/app.js",
    "start": 1565061138799,
    "end": 1565061138800,
    "duration": 1,
    "pid": 7748,
    "index": 50
  },
  {
    "name": "Require(42) node_modules/egg-validate/app.js",
    "start": 1565061138803,
    "end": 1565061138808,
    "duration": 5,
    "pid": 7748,
    "index": 51
  },
  {
    "name": "Require(43) node_modules/egg-cors/app.js",
    "start": 1565061138809,
    "end": 1565061138810,
    "duration": 1,
    "pid": 7748,
    "index": 52
  },
  {
    "name": "Require(44) node_modules/egg-mysql/app.js",
    "start": 1565061138811,
    "end": 1565061138856,
    "duration": 45,
    "pid": 7748,
    "index": 53
  },
  {
    "name": "Before Start in node_modules/egg-watcher/lib/init.js:15:14",
    "start": 1565061138899,
    "end": 1565061139963,
    "duration": 1064,
    "pid": 7748,
    "index": 54
  },
  {
    "name": "Before Start in node_modules/egg-mysql/lib/mysql.js:20:7",
    "start": 1565061139210,
    "end": 1565061139968,
    "duration": 758,
    "pid": 7748,
    "index": 55
  },
  {
    "name": "Load Service",
    "start": 1565061139210,
    "end": 1565061139290,
    "duration": 80,
    "pid": 7748,
    "index": 56
  },
  {
    "name": "Load \"service\" to Context",
    "start": 1565061139211,
    "end": 1565061139290,
    "duration": 79,
    "pid": 7748,
    "index": 57
  },
  {
    "name": "Load Middleware",
    "start": 1565061139290,
    "end": 1565061139804,
    "duration": 514,
    "pid": 7748,
    "index": 58
  },
  {
    "name": "Load \"middlewares\" to Application",
    "start": 1565061139291,
    "end": 1565061139755,
    "duration": 464,
    "pid": 7748,
    "index": 59
  },
  {
    "name": "Load Controller",
    "start": 1565061139804,
    "end": 1565061139886,
    "duration": 82,
    "pid": 7748,
    "index": 60
  },
  {
    "name": "Load \"controller\" to Application",
    "start": 1565061139804,
    "end": 1565061139886,
    "duration": 82,
    "pid": 7748,
    "index": 61
  },
  {
    "name": "Load Router",
    "start": 1565061139886,
    "end": 1565061139894,
    "duration": 8,
    "pid": 7748,
    "index": 62
  },
  {
    "name": "Require(45) app/router.js",
    "start": 1565061139887,
    "end": 1565061139888,
    "duration": 1,
    "pid": 7748,
    "index": 63
  },
  {
    "name": "Before Start in node_modules/egg-core/lib/egg.js:303:10",
    "start": 1565061139889,
    "end": 1565061139930,
    "duration": 41,
    "pid": 7748,
    "index": 64
  }
]