[
  {
    "name": "Application Start",
    "start": 1565169289974,
    "end": 1565169291919,
    "duration": 1945,
    "pid": 9296,
    "index": 0
  },
  {
    "name": "Load Plugin",
    "start": 1565169289992,
    "end": 1565169290084,
    "duration": 92,
    "pid": 9296,
    "index": 1
  },
  {
    "name": "Load Config",
    "start": 1565169290085,
    "end": 1565169290154,
    "duration": 69,
    "pid": 9296,
    "index": 2
  },
  {
    "name": "Require(0) config/config.default.js",
    "start": 1565169290087,
    "end": 1565169290087,
    "duration": 0,
    "pid": 9296,
    "index": 3
  },
  {
    "name": "Require(1) node_modules/egg-session/config/config.default.js",
    "start": 1565169290092,
    "end": 1565169290093,
    "duration": 1,
    "pid": 9296,
    "index": 4
  },
  {
    "name": "Require(2) node_modules/egg-security/config/config.default.js",
    "start": 1565169290096,
    "end": 1565169290097,
    "duration": 1,
    "pid": 9296,
    "index": 5
  },
  {
    "name": "Require(3) node_modules/egg-jsonp/config/config.default.js",
    "start": 1565169290100,
    "end": 1565169290101,
    "duration": 1,
    "pid": 9296,
    "index": 6
  },
  {
    "name": "Require(4) node_modules/egg-onerror/config/config.default.js",
    "start": 1565169290102,
    "end": 1565169290103,
    "duration": 1,
    "pid": 9296,
    "index": 7
  },
  {
    "name": "Require(5) node_modules/egg-i18n/config/config.default.js",
    "start": 1565169290105,
    "end": 1565169290105,
    "duration": 0,
    "pid": 9296,
    "index": 8
  },
  {
    "name": "Require(6) node_modules/egg-watcher/config/config.default.js",
    "start": 1565169290108,
    "end": 1565169290108,
    "duration": 0,
    "pid": 9296,
    "index": 9
  },
  {
    "name": "Require(7) node_modules/egg-schedule/config/config.default.js",
    "start": 1565169290110,
    "end": 1565169290111,
    "duration": 1,
    "pid": 9296,
    "index": 10
  },
  {
    "name": "Require(8) node_modules/egg-multipart/config/config.default.js",
    "start": 1565169290113,
    "end": 1565169290113,
    "duration": 0,
    "pid": 9296,
    "index": 11
  },
  {
    "name": "Require(9) node_modules/egg-logrotator/config/config.default.js",
    "start": 1565169290116,
    "end": 1565169290116,
    "duration": 0,
    "pid": 9296,
    "index": 12
  },
  {
    "name": "Require(10) node_modules/egg-static/config/config.default.js",
    "start": 1565169290118,
    "end": 1565169290119,
    "duration": 1,
    "pid": 9296,
    "index": 13
  },
  {
    "name": "Require(11) node_modules/egg-view/config/config.default.js",
    "start": 1565169290121,
    "end": 1565169290124,
    "duration": 3,
    "pid": 9296,
    "index": 14
  },
  {
    "name": "Require(12) node_modules/egg-cors/config/config.default.js",
    "start": 1565169290127,
    "end": 1565169290128,
    "duration": 1,
    "pid": 9296,
    "index": 15
  },
  {
    "name": "Require(13) node_modules/egg-mysql/config/config.default.js",
    "start": 1565169290130,
    "end": 1565169290131,
    "duration": 1,
    "pid": 9296,
    "index": 16
  },
  {
    "name": "Require(14) node_modules/egg/config/config.default.js",
    "start": 1565169290132,
    "end": 1565169290133,
    "duration": 1,
    "pid": 9296,
    "index": 17
  },
  {
    "name": "Require(15) config/config.default.js",
    "start": 1565169290136,
    "end": 1565169290136,
    "duration": 0,
    "pid": 9296,
    "index": 18
  },
  {
    "name": "Require(16) node_modules/egg-static/config/config.prod.js",
    "start": 1565169290147,
    "end": 1565169290148,
    "duration": 1,
    "pid": 9296,
    "index": 19
  },
  {
    "name": "Load extend/application.js",
    "start": 1565169290156,
    "end": 1565169290230,
    "duration": 74,
    "pid": 9296,
    "index": 20
  },
  {
    "name": "Require(17) node_modules/egg-session/app/extend/application.js",
    "start": 1565169290158,
    "end": 1565169290159,
    "duration": 1,
    "pid": 9296,
    "index": 21
  },
  {
    "name": "Require(18) node_modules/egg-security/app/extend/application.js",
    "start": 1565169290161,
    "end": 1565169290164,
    "duration": 3,
    "pid": 9296,
    "index": 22
  },
  {
    "name": "Require(19) node_modules/egg-jsonp/app/extend/application.js",
    "start": 1565169290166,
    "end": 1565169290172,
    "duration": 6,
    "pid": 9296,
    "index": 23
  },
  {
    "name": "Require(20) node_modules/egg-logrotator/app/extend/application.js",
    "start": 1565169290180,
    "end": 1565169290207,
    "duration": 27,
    "pid": 9296,
    "index": 24
  },
  {
    "name": "Require(21) node_modules/egg-view/app/extend/application.js",
    "start": 1565169290209,
    "end": 1565169290214,
    "duration": 5,
    "pid": 9296,
    "index": 25
  },
  {
    "name": "Load extend/request.js",
    "start": 1565169290230,
    "end": 1565169290261,
    "duration": 31,
    "pid": 9296,
    "index": 26
  },
  {
    "name": "Require(22) node_modules/egg/app/extend/request.js",
    "start": 1565169290242,
    "end": 1565169290247,
    "duration": 5,
    "pid": 9296,
    "index": 27
  },
  {
    "name": "Load extend/response.js",
    "start": 1565169290261,
    "end": 1565169290297,
    "duration": 36,
    "pid": 9296,
    "index": 28
  },
  {
    "name": "Require(23) node_modules/egg/app/extend/response.js",
    "start": 1565169290274,
    "end": 1565169290282,
    "duration": 8,
    "pid": 9296,
    "index": 29
  },
  {
    "name": "Load extend/context.js",
    "start": 1565169290297,
    "end": 1565169290569,
    "duration": 272,
    "pid": 9296,
    "index": 30
  },
  {
    "name": "Require(24) node_modules/egg-security/app/extend/context.js",
    "start": 1565169290300,
    "end": 1565169290369,
    "duration": 69,
    "pid": 9296,
    "index": 31
  },
  {
    "name": "Require(25) node_modules/egg-jsonp/app/extend/context.js",
    "start": 1565169290371,
    "end": 1565169290376,
    "duration": 5,
    "pid": 9296,
    "index": 32
  },
  {
    "name": "Require(26) node_modules/egg-i18n/app/extend/context.js",
    "start": 1565169290379,
    "end": 1565169290379,
    "duration": 0,
    "pid": 9296,
    "index": 33
  },
  {
    "name": "Require(27) node_modules/egg-multipart/app/extend/context.js",
    "start": 1565169290383,
    "end": 1565169290532,
    "duration": 149,
    "pid": 9296,
    "index": 34
  },
  {
    "name": "Require(28) node_modules/egg-view/app/extend/context.js",
    "start": 1565169290534,
    "end": 1565169290537,
    "duration": 3,
    "pid": 9296,
    "index": 35
  },
  {
    "name": "Require(29) node_modules/egg-validate/app/extend/context.js",
    "start": 1565169290539,
    "end": 1565169290540,
    "duration": 1,
    "pid": 9296,
    "index": 36
  },
  {
    "name": "Require(30) node_modules/egg/app/extend/context.js",
    "start": 1565169290544,
    "end": 1565169290554,
    "duration": 10,
    "pid": 9296,
    "index": 37
  },
  {
    "name": "Load extend/helper.js",
    "start": 1565169290569,
    "end": 1565169290654,
    "duration": 85,
    "pid": 9296,
    "index": 38
  },
  {
    "name": "Require(31) node_modules/egg-security/app/extend/helper.js",
    "start": 1565169290571,
    "end": 1565169290627,
    "duration": 56,
    "pid": 9296,
    "index": 39
  },
  {
    "name": "Require(32) node_modules/egg/app/extend/helper.js",
    "start": 1565169290639,
    "end": 1565169290640,
    "duration": 1,
    "pid": 9296,
    "index": 40
  },
  {
    "name": "Load app.js",
    "start": 1565169290655,
    "end": 1565169290844,
    "duration": 189,
    "pid": 9296,
    "index": 41
  },
  {
    "name": "Require(33) node_modules/egg-session/app.js",
    "start": 1565169290656,
    "end": 1565169290657,
    "duration": 1,
    "pid": 9296,
    "index": 42
  },
  {
    "name": "Require(34) node_modules/egg-security/app.js",
    "start": 1565169290659,
    "end": 1565169290666,
    "duration": 7,
    "pid": 9296,
    "index": 43
  },
  {
    "name": "Require(35) node_modules/egg-onerror/app.js",
    "start": 1565169290669,
    "end": 1565169290703,
    "duration": 34,
    "pid": 9296,
    "index": 44
  },
  {
    "name": "Require(36) node_modules/egg-i18n/app.js",
    "start": 1565169290704,
    "end": 1565169290739,
    "duration": 35,
    "pid": 9296,
    "index": 45
  },
  {
    "name": "Require(37) node_modules/egg-watcher/app.js",
    "start": 1565169290741,
    "end": 1565169290755,
    "duration": 14,
    "pid": 9296,
    "index": 46
  },
  {
    "name": "Require(38) node_modules/egg-schedule/app.js",
    "start": 1565169290756,
    "end": 1565169290762,
    "duration": 6,
    "pid": 9296,
    "index": 47
  },
  {
    "name": "Require(39) node_modules/egg-multipart/app.js",
    "start": 1565169290763,
    "end": 1565169290772,
    "duration": 9,
    "pid": 9296,
    "index": 48
  },
  {
    "name": "Require(40) node_modules/egg-logrotator/app.js",
    "start": 1565169290773,
    "end": 1565169290774,
    "duration": 1,
    "pid": 9296,
    "index": 49
  },
  {
    "name": "Require(41) node_modules/egg-static/app.js",
    "start": 1565169290775,
    "end": 1565169290777,
    "duration": 2,
    "pid": 9296,
    "index": 50
  },
  {
    "name": "Require(42) node_modules/egg-validate/app.js",
    "start": 1565169290780,
    "end": 1565169290785,
    "duration": 5,
    "pid": 9296,
    "index": 51
  },
  {
    "name": "Require(43) node_modules/egg-cors/app.js",
    "start": 1565169290786,
    "end": 1565169290787,
    "duration": 1,
    "pid": 9296,
    "index": 52
  },
  {
    "name": "Require(44) node_modules/egg-mysql/app.js",
    "start": 1565169290788,
    "end": 1565169290839,
    "duration": 51,
    "pid": 9296,
    "index": 53
  },
  {
    "name": "Before Start in node_modules/egg-watcher/lib/init.js:15:14",
    "start": 1565169290888,
    "end": 1565169291912,
    "duration": 1024,
    "pid": 9296,
    "index": 54
  },
  {
    "name": "Before Start in node_modules/egg-mysql/lib/mysql.js:20:7",
    "start": 1565169291247,
    "end": 1565169291916,
    "duration": 669,
    "pid": 9296,
    "index": 55
  },
  {
    "name": "Load Service",
    "start": 1565169291248,
    "end": 1565169291328,
    "duration": 80,
    "pid": 9296,
    "index": 56
  },
  {
    "name": "Load \"service\" to Context",
    "start": 1565169291248,
    "end": 1565169291328,
    "duration": 80,
    "pid": 9296,
    "index": 57
  },
  {
    "name": "Load Middleware",
    "start": 1565169291328,
    "end": 1565169291811,
    "duration": 483,
    "pid": 9296,
    "index": 58
  },
  {
    "name": "Load \"middlewares\" to Application",
    "start": 1565169291329,
    "end": 1565169291778,
    "duration": 449,
    "pid": 9296,
    "index": 59
  },
  {
    "name": "Load Controller",
    "start": 1565169291811,
    "end": 1565169291861,
    "duration": 50,
    "pid": 9296,
    "index": 60
  },
  {
    "name": "Load \"controller\" to Application",
    "start": 1565169291811,
    "end": 1565169291861,
    "duration": 50,
    "pid": 9296,
    "index": 61
  },
  {
    "name": "Load Router",
    "start": 1565169291861,
    "end": 1565169291867,
    "duration": 6,
    "pid": 9296,
    "index": 62
  },
  {
    "name": "Require(45) app/router.js",
    "start": 1565169291862,
    "end": 1565169291863,
    "duration": 1,
    "pid": 9296,
    "index": 63
  },
  {
    "name": "Before Start in node_modules/egg-core/lib/egg.js:303:10",
    "start": 1565169291864,
    "end": 1565169291888,
    "duration": 24,
    "pid": 9296,
    "index": 64
  }
]