[
  {
    "name": "Application Start",
    "start": 1565169289301,
    "end": 1565169291432,
    "duration": 2131,
    "pid": 12396,
    "index": 0
  },
  {
    "name": "Load Plugin",
    "start": 1565169289317,
    "end": 1565169289436,
    "duration": 119,
    "pid": 12396,
    "index": 1
  },
  {
    "name": "Load Config",
    "start": 1565169289436,
    "end": 1565169289512,
    "duration": 76,
    "pid": 12396,
    "index": 2
  },
  {
    "name": "Require(0) config/config.default.js",
    "start": 1565169289438,
    "end": 1565169289439,
    "duration": 1,
    "pid": 12396,
    "index": 3
  },
  {
    "name": "Require(1) node_modules/egg-session/config/config.default.js",
    "start": 1565169289444,
    "end": 1565169289444,
    "duration": 0,
    "pid": 12396,
    "index": 4
  },
  {
    "name": "Require(2) node_modules/egg-security/config/config.default.js",
    "start": 1565169289446,
    "end": 1565169289447,
    "duration": 1,
    "pid": 12396,
    "index": 5
  },
  {
    "name": "Require(3) node_modules/egg-jsonp/config/config.default.js",
    "start": 1565169289451,
    "end": 1565169289452,
    "duration": 1,
    "pid": 12396,
    "index": 6
  },
  {
    "name": "Require(4) node_modules/egg-onerror/config/config.default.js",
    "start": 1565169289454,
    "end": 1565169289455,
    "duration": 1,
    "pid": 12396,
    "index": 7
  },
  {
    "name": "Require(5) node_modules/egg-i18n/config/config.default.js",
    "start": 1565169289456,
    "end": 1565169289457,
    "duration": 1,
    "pid": 12396,
    "index": 8
  },
  {
    "name": "Require(6) node_modules/egg-watcher/config/config.default.js",
    "start": 1565169289459,
    "end": 1565169289460,
    "duration": 1,
    "pid": 12396,
    "index": 9
  },
  {
    "name": "Require(7) node_modules/egg-schedule/config/config.default.js",
    "start": 1565169289462,
    "end": 1565169289463,
    "duration": 1,
    "pid": 12396,
    "index": 10
  },
  {
    "name": "Require(8) node_modules/egg-multipart/config/config.default.js",
    "start": 1565169289466,
    "end": 1565169289467,
    "duration": 1,
    "pid": 12396,
    "index": 11
  },
  {
    "name": "Require(9) node_modules/egg-logrotator/config/config.default.js",
    "start": 1565169289469,
    "end": 1565169289470,
    "duration": 1,
    "pid": 12396,
    "index": 12
  },
  {
    "name": "Require(10) node_modules/egg-static/config/config.default.js",
    "start": 1565169289472,
    "end": 1565169289472,
    "duration": 0,
    "pid": 12396,
    "index": 13
  },
  {
    "name": "Require(11) node_modules/egg-view/config/config.default.js",
    "start": 1565169289474,
    "end": 1565169289475,
    "duration": 1,
    "pid": 12396,
    "index": 14
  },
  {
    "name": "Require(12) node_modules/egg-cors/config/config.default.js",
    "start": 1565169289478,
    "end": 1565169289479,
    "duration": 1,
    "pid": 12396,
    "index": 15
  },
  {
    "name": "Require(13) node_modules/egg-mysql/config/config.default.js",
    "start": 1565169289484,
    "end": 1565169289485,
    "duration": 1,
    "pid": 12396,
    "index": 16
  },
  {
    "name": "Require(14) node_modules/egg/config/config.default.js",
    "start": 1565169289489,
    "end": 1565169289490,
    "duration": 1,
    "pid": 12396,
    "index": 17
  },
  {
    "name": "Require(15) config/config.default.js",
    "start": 1565169289492,
    "end": 1565169289492,
    "duration": 0,
    "pid": 12396,
    "index": 18
  },
  {
    "name": "Require(16) node_modules/egg-static/config/config.prod.js",
    "start": 1565169289505,
    "end": 1565169289506,
    "duration": 1,
    "pid": 12396,
    "index": 19
  },
  {
    "name": "Load extend/application.js",
    "start": 1565169289515,
    "end": 1565169289606,
    "duration": 91,
    "pid": 12396,
    "index": 20
  },
  {
    "name": "Require(17) node_modules/egg-session/app/extend/application.js",
    "start": 1565169289517,
    "end": 1565169289518,
    "duration": 1,
    "pid": 12396,
    "index": 21
  },
  {
    "name": "Require(18) node_modules/egg-security/app/extend/application.js",
    "start": 1565169289520,
    "end": 1565169289524,
    "duration": 4,
    "pid": 12396,
    "index": 22
  },
  {
    "name": "Require(19) node_modules/egg-jsonp/app/extend/application.js",
    "start": 1565169289525,
    "end": 1565169289532,
    "duration": 7,
    "pid": 12396,
    "index": 23
  },
  {
    "name": "Require(20) node_modules/egg-logrotator/app/extend/application.js",
    "start": 1565169289541,
    "end": 1565169289572,
    "duration": 31,
    "pid": 12396,
    "index": 24
  },
  {
    "name": "Require(21) node_modules/egg-view/app/extend/application.js",
    "start": 1565169289575,
    "end": 1565169289583,
    "duration": 8,
    "pid": 12396,
    "index": 25
  },
  {
    "name": "Load extend/request.js",
    "start": 1565169289606,
    "end": 1565169289653,
    "duration": 47,
    "pid": 12396,
    "index": 26
  },
  {
    "name": "Require(22) node_modules/egg/app/extend/request.js",
    "start": 1565169289626,
    "end": 1565169289632,
    "duration": 6,
    "pid": 12396,
    "index": 27
  },
  {
    "name": "Load extend/response.js",
    "start": 1565169289653,
    "end": 1565169289700,
    "duration": 47,
    "pid": 12396,
    "index": 28
  },
  {
    "name": "Require(23) node_modules/egg/app/extend/response.js",
    "start": 1565169289671,
    "end": 1565169289685,
    "duration": 14,
    "pid": 12396,
    "index": 29
  },
  {
    "name": "Load extend/context.js",
    "start": 1565169289700,
    "end": 1565169289944,
    "duration": 244,
    "pid": 12396,
    "index": 30
  },
  {
    "name": "Require(24) node_modules/egg-security/app/extend/context.js",
    "start": 1565169289702,
    "end": 1565169289768,
    "duration": 66,
    "pid": 12396,
    "index": 31
  },
  {
    "name": "Require(25) node_modules/egg-jsonp/app/extend/context.js",
    "start": 1565169289770,
    "end": 1565169289777,
    "duration": 7,
    "pid": 12396,
    "index": 32
  },
  {
    "name": "Require(26) node_modules/egg-i18n/app/extend/context.js",
    "start": 1565169289779,
    "end": 1565169289780,
    "duration": 1,
    "pid": 12396,
    "index": 33
  },
  {
    "name": "Require(27) node_modules/egg-multipart/app/extend/context.js",
    "start": 1565169289784,
    "end": 1565169289907,
    "duration": 123,
    "pid": 12396,
    "index": 34
  },
  {
    "name": "Require(28) node_modules/egg-view/app/extend/context.js",
    "start": 1565169289910,
    "end": 1565169289913,
    "duration": 3,
    "pid": 12396,
    "index": 35
  },
  {
    "name": "Require(29) node_modules/egg-validate/app/extend/context.js",
    "start": 1565169289915,
    "end": 1565169289916,
    "duration": 1,
    "pid": 12396,
    "index": 36
  },
  {
    "name": "Require(30) node_modules/egg/app/extend/context.js",
    "start": 1565169289919,
    "end": 1565169289930,
    "duration": 11,
    "pid": 12396,
    "index": 37
  },
  {
    "name": "Load extend/helper.js",
    "start": 1565169289944,
    "end": 1565169290027,
    "duration": 83,
    "pid": 12396,
    "index": 38
  },
  {
    "name": "Require(31) node_modules/egg-security/app/extend/helper.js",
    "start": 1565169289946,
    "end": 1565169290000,
    "duration": 54,
    "pid": 12396,
    "index": 39
  },
  {
    "name": "Require(32) node_modules/egg/app/extend/helper.js",
    "start": 1565169290011,
    "end": 1565169290012,
    "duration": 1,
    "pid": 12396,
    "index": 40
  },
  {
    "name": "Load app.js",
    "start": 1565169290028,
    "end": 1565169290233,
    "duration": 205,
    "pid": 12396,
    "index": 41
  },
  {
    "name": "Require(33) node_modules/egg-session/app.js",
    "start": 1565169290029,
    "end": 1565169290030,
    "duration": 1,
    "pid": 12396,
    "index": 42
  },
  {
    "name": "Require(34) node_modules/egg-security/app.js",
    "start": 1565169290031,
    "end": 1565169290039,
    "duration": 8,
    "pid": 12396,
    "index": 43
  },
  {
    "name": "Require(35) node_modules/egg-onerror/app.js",
    "start": 1565169290042,
    "end": 1565169290082,
    "duration": 40,
    "pid": 12396,
    "index": 44
  },
  {
    "name": "Require(36) node_modules/egg-i18n/app.js",
    "start": 1565169290083,
    "end": 1565169290122,
    "duration": 39,
    "pid": 12396,
    "index": 45
  },
  {
    "name": "Require(37) node_modules/egg-watcher/app.js",
    "start": 1565169290123,
    "end": 1565169290137,
    "duration": 14,
    "pid": 12396,
    "index": 46
  },
  {
    "name": "Require(38) node_modules/egg-schedule/app.js",
    "start": 1565169290139,
    "end": 1565169290144,
    "duration": 5,
    "pid": 12396,
    "index": 47
  },
  {
    "name": "Require(39) node_modules/egg-multipart/app.js",
    "start": 1565169290146,
    "end": 1565169290159,
    "duration": 13,
    "pid": 12396,
    "index": 48
  },
  {
    "name": "Require(40) node_modules/egg-logrotator/app.js",
    "start": 1565169290160,
    "end": 1565169290161,
    "duration": 1,
    "pid": 12396,
    "index": 49
  },
  {
    "name": "Require(41) node_modules/egg-static/app.js",
    "start": 1565169290162,
    "end": 1565169290163,
    "duration": 1,
    "pid": 12396,
    "index": 50
  },
  {
    "name": "Require(42) node_modules/egg-validate/app.js",
    "start": 1565169290166,
    "end": 1565169290172,
    "duration": 6,
    "pid": 12396,
    "index": 51
  },
  {
    "name": "Require(43) node_modules/egg-cors/app.js",
    "start": 1565169290173,
    "end": 1565169290173,
    "duration": 0,
    "pid": 12396,
    "index": 52
  },
  {
    "name": "Require(44) node_modules/egg-mysql/app.js",
    "start": 1565169290175,
    "end": 1565169290224,
    "duration": 49,
    "pid": 12396,
    "index": 53
  },
  {
    "name": "Before Start in node_modules/egg-watcher/lib/init.js:15:14",
    "start": 1565169290288,
    "end": 1565169291422,
    "duration": 1134,
    "pid": 12396,
    "index": 54
  },
  {
    "name": "Before Start in node_modules/egg-mysql/lib/mysql.js:20:7",
    "start": 1565169290643,
    "end": 1565169291405,
    "duration": 762,
    "pid": 12396,
    "index": 55
  },
  {
    "name": "Load Service",
    "start": 1565169290644,
    "end": 1565169290705,
    "duration": 61,
    "pid": 12396,
    "index": 56
  },
  {
    "name": "Load \"service\" to Context",
    "start": 1565169290644,
    "end": 1565169290705,
    "duration": 61,
    "pid": 12396,
    "index": 57
  },
  {
    "name": "Load Middleware",
    "start": 1565169290705,
    "end": 1565169291203,
    "duration": 498,
    "pid": 12396,
    "index": 58
  },
  {
    "name": "Load \"middlewares\" to Application",
    "start": 1565169290706,
    "end": 1565169291165,
    "duration": 459,
    "pid": 12396,
    "index": 59
  },
  {
    "name": "Load Controller",
    "start": 1565169291203,
    "end": 1565169291268,
    "duration": 65,
    "pid": 12396,
    "index": 60
  },
  {
    "name": "Load \"controller\" to Application",
    "start": 1565169291203,
    "end": 1565169291268,
    "duration": 65,
    "pid": 12396,
    "index": 61
  },
  {
    "name": "Load Router",
    "start": 1565169291268,
    "end": 1565169291275,
    "duration": 7,
    "pid": 12396,
    "index": 62
  },
  {
    "name": "Require(45) app/router.js",
    "start": 1565169291269,
    "end": 1565169291270,
    "duration": 1,
    "pid": 12396,
    "index": 63
  },
  {
    "name": "Before Start in node_modules/egg-core/lib/egg.js:303:10",
    "start": 1565169291271,
    "end": 1565169291312,
    "duration": 41,
    "pid": 12396,
    "index": 64
  }
]