[
  {
    "name": "Application Start",
    "start": 1565153262003,
    "end": 1565153265195,
    "duration": 3192,
    "pid": 8384,
    "index": 0
  },
  {
    "name": "Load Plugin",
    "start": 1565153262019,
    "end": 1565153262123,
    "duration": 104,
    "pid": 8384,
    "index": 1
  },
  {
    "name": "Load Config",
    "start": 1565153262123,
    "end": 1565153262199,
    "duration": 76,
    "pid": 8384,
    "index": 2
  },
  {
    "name": "Require(0) config/config.default.js",
    "start": 1565153262125,
    "end": 1565153262126,
    "duration": 1,
    "pid": 8384,
    "index": 3
  },
  {
    "name": "Require(1) node_modules/egg-session/config/config.default.js",
    "start": 1565153262130,
    "end": 1565153262131,
    "duration": 1,
    "pid": 8384,
    "index": 4
  },
  {
    "name": "Require(2) node_modules/egg-security/config/config.default.js",
    "start": 1565153262136,
    "end": 1565153262136,
    "duration": 0,
    "pid": 8384,
    "index": 5
  },
  {
    "name": "Require(3) node_modules/egg-jsonp/config/config.default.js",
    "start": 1565153262140,
    "end": 1565153262142,
    "duration": 2,
    "pid": 8384,
    "index": 6
  },
  {
    "name": "Require(4) node_modules/egg-onerror/config/config.default.js",
    "start": 1565153262144,
    "end": 1565153262144,
    "duration": 0,
    "pid": 8384,
    "index": 7
  },
  {
    "name": "Require(5) node_modules/egg-i18n/config/config.default.js",
    "start": 1565153262146,
    "end": 1565153262147,
    "duration": 1,
    "pid": 8384,
    "index": 8
  },
  {
    "name": "Require(6) node_modules/egg-watcher/config/config.default.js",
    "start": 1565153262149,
    "end": 1565153262150,
    "duration": 1,
    "pid": 8384,
    "index": 9
  },
  {
    "name": "Require(7) node_modules/egg-schedule/config/config.default.js",
    "start": 1565153262160,
    "end": 1565153262161,
    "duration": 1,
    "pid": 8384,
    "index": 10
  },
  {
    "name": "Require(8) node_modules/egg-multipart/config/config.default.js",
    "start": 1565153262163,
    "end": 1565153262164,
    "duration": 1,
    "pid": 8384,
    "index": 11
  },
  {
    "name": "Require(9) node_modules/egg-logrotator/config/config.default.js",
    "start": 1565153262166,
    "end": 1565153262167,
    "duration": 1,
    "pid": 8384,
    "index": 12
  },
  {
    "name": "Require(10) node_modules/egg-static/config/config.default.js",
    "start": 1565153262169,
    "end": 1565153262169,
    "duration": 0,
    "pid": 8384,
    "index": 13
  },
  {
    "name": "Require(11) node_modules/egg-view/config/config.default.js",
    "start": 1565153262171,
    "end": 1565153262172,
    "duration": 1,
    "pid": 8384,
    "index": 14
  },
  {
    "name": "Require(12) node_modules/egg-cors/config/config.default.js",
    "start": 1565153262175,
    "end": 1565153262175,
    "duration": 0,
    "pid": 8384,
    "index": 15
  },
  {
    "name": "Require(13) node_modules/egg-mysql/config/config.default.js",
    "start": 1565153262177,
    "end": 1565153262177,
    "duration": 0,
    "pid": 8384,
    "index": 16
  },
  {
    "name": "Require(14) node_modules/egg/config/config.default.js",
    "start": 1565153262179,
    "end": 1565153262180,
    "duration": 1,
    "pid": 8384,
    "index": 17
  },
  {
    "name": "Require(15) config/config.default.js",
    "start": 1565153262182,
    "end": 1565153262182,
    "duration": 0,
    "pid": 8384,
    "index": 18
  },
  {
    "name": "Require(16) node_modules/egg-static/config/config.prod.js",
    "start": 1565153262193,
    "end": 1565153262194,
    "duration": 1,
    "pid": 8384,
    "index": 19
  },
  {
    "name": "Load extend/application.js",
    "start": 1565153262202,
    "end": 1565153262298,
    "duration": 96,
    "pid": 8384,
    "index": 20
  },
  {
    "name": "Require(17) node_modules/egg-session/app/extend/application.js",
    "start": 1565153262204,
    "end": 1565153262205,
    "duration": 1,
    "pid": 8384,
    "index": 21
  },
  {
    "name": "Require(18) node_modules/egg-security/app/extend/application.js",
    "start": 1565153262207,
    "end": 1565153262210,
    "duration": 3,
    "pid": 8384,
    "index": 22
  },
  {
    "name": "Require(19) node_modules/egg-jsonp/app/extend/application.js",
    "start": 1565153262217,
    "end": 1565153262233,
    "duration": 16,
    "pid": 8384,
    "index": 23
  },
  {
    "name": "Require(20) node_modules/egg-logrotator/app/extend/application.js",
    "start": 1565153262238,
    "end": 1565153262265,
    "duration": 27,
    "pid": 8384,
    "index": 24
  },
  {
    "name": "Require(21) node_modules/egg-view/app/extend/application.js",
    "start": 1565153262270,
    "end": 1565153262275,
    "duration": 5,
    "pid": 8384,
    "index": 25
  },
  {
    "name": "Load extend/request.js",
    "start": 1565153262299,
    "end": 1565153262346,
    "duration": 47,
    "pid": 8384,
    "index": 26
  },
  {
    "name": "Require(22) node_modules/egg/app/extend/request.js",
    "start": 1565153262326,
    "end": 1565153262332,
    "duration": 6,
    "pid": 8384,
    "index": 27
  },
  {
    "name": "Load extend/response.js",
    "start": 1565153262346,
    "end": 1565153262380,
    "duration": 34,
    "pid": 8384,
    "index": 28
  },
  {
    "name": "Require(23) node_modules/egg/app/extend/response.js",
    "start": 1565153262359,
    "end": 1565153262366,
    "duration": 7,
    "pid": 8384,
    "index": 29
  },
  {
    "name": "Load extend/context.js",
    "start": 1565153262380,
    "end": 1565153262649,
    "duration": 269,
    "pid": 8384,
    "index": 30
  },
  {
    "name": "Require(24) node_modules/egg-security/app/extend/context.js",
    "start": 1565153262382,
    "end": 1565153262450,
    "duration": 68,
    "pid": 8384,
    "index": 31
  },
  {
    "name": "Require(25) node_modules/egg-jsonp/app/extend/context.js",
    "start": 1565153262451,
    "end": 1565153262459,
    "duration": 8,
    "pid": 8384,
    "index": 32
  },
  {
    "name": "Require(26) node_modules/egg-i18n/app/extend/context.js",
    "start": 1565153262461,
    "end": 1565153262462,
    "duration": 1,
    "pid": 8384,
    "index": 33
  },
  {
    "name": "Require(27) node_modules/egg-multipart/app/extend/context.js",
    "start": 1565153262465,
    "end": 1565153262614,
    "duration": 149,
    "pid": 8384,
    "index": 34
  },
  {
    "name": "Require(28) node_modules/egg-view/app/extend/context.js",
    "start": 1565153262617,
    "end": 1565153262620,
    "duration": 3,
    "pid": 8384,
    "index": 35
  },
  {
    "name": "Require(29) node_modules/egg-validate/app/extend/context.js",
    "start": 1565153262621,
    "end": 1565153262622,
    "duration": 1,
    "pid": 8384,
    "index": 36
  },
  {
    "name": "Require(30) node_modules/egg/app/extend/context.js",
    "start": 1565153262625,
    "end": 1565153262635,
    "duration": 10,
    "pid": 8384,
    "index": 37
  },
  {
    "name": "Load extend/helper.js",
    "start": 1565153262649,
    "end": 1565153262738,
    "duration": 89,
    "pid": 8384,
    "index": 38
  },
  {
    "name": "Require(31) node_modules/egg-security/app/extend/helper.js",
    "start": 1565153262652,
    "end": 1565153262706,
    "duration": 54,
    "pid": 8384,
    "index": 39
  },
  {
    "name": "Require(32) node_modules/egg/app/extend/helper.js",
    "start": 1565153262718,
    "end": 1565153262719,
    "duration": 1,
    "pid": 8384,
    "index": 40
  },
  {
    "name": "Load app.js",
    "start": 1565153262738,
    "end": 1565153262973,
    "duration": 235,
    "pid": 8384,
    "index": 41
  },
  {
    "name": "Require(33) node_modules/egg-session/app.js",
    "start": 1565153262739,
    "end": 1565153262740,
    "duration": 1,
    "pid": 8384,
    "index": 42
  },
  {
    "name": "Require(34) node_modules/egg-security/app.js",
    "start": 1565153262741,
    "end": 1565153262748,
    "duration": 7,
    "pid": 8384,
    "index": 43
  },
  {
    "name": "Require(35) node_modules/egg-onerror/app.js",
    "start": 1565153262751,
    "end": 1565153262789,
    "duration": 38,
    "pid": 8384,
    "index": 44
  },
  {
    "name": "Require(36) node_modules/egg-i18n/app.js",
    "start": 1565153262791,
    "end": 1565153262833,
    "duration": 42,
    "pid": 8384,
    "index": 45
  },
  {
    "name": "Require(37) node_modules/egg-watcher/app.js",
    "start": 1565153262834,
    "end": 1565153262848,
    "duration": 14,
    "pid": 8384,
    "index": 46
  },
  {
    "name": "Require(38) node_modules/egg-schedule/app.js",
    "start": 1565153262849,
    "end": 1565153262855,
    "duration": 6,
    "pid": 8384,
    "index": 47
  },
  {
    "name": "Require(39) node_modules/egg-multipart/app.js",
    "start": 1565153262856,
    "end": 1565153262867,
    "duration": 11,
    "pid": 8384,
    "index": 48
  },
  {
    "name": "Require(40) node_modules/egg-logrotator/app.js",
    "start": 1565153262870,
    "end": 1565153262871,
    "duration": 1,
    "pid": 8384,
    "index": 49
  },
  {
    "name": "Require(41) node_modules/egg-static/app.js",
    "start": 1565153262872,
    "end": 1565153262873,
    "duration": 1,
    "pid": 8384,
    "index": 50
  },
  {
    "name": "Require(42) node_modules/egg-validate/app.js",
    "start": 1565153262877,
    "end": 1565153262885,
    "duration": 8,
    "pid": 8384,
    "index": 51
  },
  {
    "name": "Require(43) node_modules/egg-cors/app.js",
    "start": 1565153262887,
    "end": 1565153262889,
    "duration": 2,
    "pid": 8384,
    "index": 52
  },
  {
    "name": "Require(44) node_modules/egg-mysql/app.js",
    "start": 1565153262890,
    "end": 1565153262967,
    "duration": 77,
    "pid": 8384,
    "index": 53
  },
  {
    "name": "Before Start in node_modules/egg-watcher/lib/init.js:15:14",
    "start": 1565153263034,
    "end": 1565153265194,
    "duration": 2160,
    "pid": 8384,
    "index": 54
  },
  {
    "name": "Before Start in node_modules/egg-mysql/lib/mysql.js:20:7",
    "start": 1565153263445,
    "end": 1565153264225,
    "duration": 780,
    "pid": 8384,
    "index": 55
  },
  {
    "name": "Load Service",
    "start": 1565153263446,
    "end": 1565153263509,
    "duration": 63,
    "pid": 8384,
    "index": 56
  },
  {
    "name": "Load \"service\" to Context",
    "start": 1565153263446,
    "end": 1565153263509,
    "duration": 63,
    "pid": 8384,
    "index": 57
  },
  {
    "name": "Load Middleware",
    "start": 1565153263509,
    "end": 1565153264084,
    "duration": 575,
    "pid": 8384,
    "index": 58
  },
  {
    "name": "Load \"middlewares\" to Application",
    "start": 1565153263510,
    "end": 1565153264046,
    "duration": 536,
    "pid": 8384,
    "index": 59
  },
  {
    "name": "Load Controller",
    "start": 1565153264084,
    "end": 1565153264157,
    "duration": 73,
    "pid": 8384,
    "index": 60
  },
  {
    "name": "Load \"controller\" to Application",
    "start": 1565153264085,
    "end": 1565153264157,
    "duration": 72,
    "pid": 8384,
    "index": 61
  },
  {
    "name": "Load Router",
    "start": 1565153264157,
    "end": 1565153264165,
    "duration": 8,
    "pid": 8384,
    "index": 62
  },
  {
    "name": "Require(45) app/router.js",
    "start": 1565153264158,
    "end": 1565153264159,
    "duration": 1,
    "pid": 8384,
    "index": 63
  },
  {
    "name": "Before Start in node_modules/egg-core/lib/egg.js:303:10",
    "start": 1565153264160,
    "end": 1565153264193,
    "duration": 33,
    "pid": 8384,
    "index": 64
  }
]