[
  {
    "name": "Application Start",
    "start": 1565169133286,
    "end": 1565169135391,
    "duration": 2105,
    "pid": 14676,
    "index": 0
  },
  {
    "name": "Load Plugin",
    "start": 1565169133304,
    "end": 1565169133393,
    "duration": 89,
    "pid": 14676,
    "index": 1
  },
  {
    "name": "Load Config",
    "start": 1565169133393,
    "end": 1565169133465,
    "duration": 72,
    "pid": 14676,
    "index": 2
  },
  {
    "name": "Require(0) config/config.default.js",
    "start": 1565169133395,
    "end": 1565169133396,
    "duration": 1,
    "pid": 14676,
    "index": 3
  },
  {
    "name": "Require(1) node_modules/egg-session/config/config.default.js",
    "start": 1565169133401,
    "end": 1565169133401,
    "duration": 0,
    "pid": 14676,
    "index": 4
  },
  {
    "name": "Require(2) node_modules/egg-security/config/config.default.js",
    "start": 1565169133404,
    "end": 1565169133405,
    "duration": 1,
    "pid": 14676,
    "index": 5
  },
  {
    "name": "Require(3) node_modules/egg-jsonp/config/config.default.js",
    "start": 1565169133408,
    "end": 1565169133409,
    "duration": 1,
    "pid": 14676,
    "index": 6
  },
  {
    "name": "Require(4) node_modules/egg-onerror/config/config.default.js",
    "start": 1565169133411,
    "end": 1565169133411,
    "duration": 0,
    "pid": 14676,
    "index": 7
  },
  {
    "name": "Require(5) node_modules/egg-i18n/config/config.default.js",
    "start": 1565169133413,
    "end": 1565169133414,
    "duration": 1,
    "pid": 14676,
    "index": 8
  },
  {
    "name": "Require(6) node_modules/egg-watcher/config/config.default.js",
    "start": 1565169133416,
    "end": 1565169133417,
    "duration": 1,
    "pid": 14676,
    "index": 9
  },
  {
    "name": "Require(7) node_modules/egg-schedule/config/config.default.js",
    "start": 1565169133419,
    "end": 1565169133420,
    "duration": 1,
    "pid": 14676,
    "index": 10
  },
  {
    "name": "Require(8) node_modules/egg-multipart/config/config.default.js",
    "start": 1565169133422,
    "end": 1565169133422,
    "duration": 0,
    "pid": 14676,
    "index": 11
  },
  {
    "name": "Require(9) node_modules/egg-logrotator/config/config.default.js",
    "start": 1565169133425,
    "end": 1565169133425,
    "duration": 0,
    "pid": 14676,
    "index": 12
  },
  {
    "name": "Require(10) node_modules/egg-static/config/config.default.js",
    "start": 1565169133427,
    "end": 1565169133428,
    "duration": 1,
    "pid": 14676,
    "index": 13
  },
  {
    "name": "Require(11) node_modules/egg-view/config/config.default.js",
    "start": 1565169133430,
    "end": 1565169133431,
    "duration": 1,
    "pid": 14676,
    "index": 14
  },
  {
    "name": "Require(12) node_modules/egg-cors/config/config.default.js",
    "start": 1565169133435,
    "end": 1565169133435,
    "duration": 0,
    "pid": 14676,
    "index": 15
  },
  {
    "name": "Require(13) node_modules/egg-mysql/config/config.default.js",
    "start": 1565169133438,
    "end": 1565169133438,
    "duration": 0,
    "pid": 14676,
    "index": 16
  },
  {
    "name": "Require(14) node_modules/egg/config/config.default.js",
    "start": 1565169133440,
    "end": 1565169133441,
    "duration": 1,
    "pid": 14676,
    "index": 17
  },
  {
    "name": "Require(15) config/config.default.js",
    "start": 1565169133444,
    "end": 1565169133444,
    "duration": 0,
    "pid": 14676,
    "index": 18
  },
  {
    "name": "Require(16) node_modules/egg-static/config/config.prod.js",
    "start": 1565169133457,
    "end": 1565169133458,
    "duration": 1,
    "pid": 14676,
    "index": 19
  },
  {
    "name": "Load extend/application.js",
    "start": 1565169133469,
    "end": 1565169133565,
    "duration": 96,
    "pid": 14676,
    "index": 20
  },
  {
    "name": "Require(17) node_modules/egg-session/app/extend/application.js",
    "start": 1565169133471,
    "end": 1565169133473,
    "duration": 2,
    "pid": 14676,
    "index": 21
  },
  {
    "name": "Require(18) node_modules/egg-security/app/extend/application.js",
    "start": 1565169133475,
    "end": 1565169133479,
    "duration": 4,
    "pid": 14676,
    "index": 22
  },
  {
    "name": "Require(19) node_modules/egg-jsonp/app/extend/application.js",
    "start": 1565169133480,
    "end": 1565169133487,
    "duration": 7,
    "pid": 14676,
    "index": 23
  },
  {
    "name": "Require(20) node_modules/egg-logrotator/app/extend/application.js",
    "start": 1565169133493,
    "end": 1565169133537,
    "duration": 44,
    "pid": 14676,
    "index": 24
  },
  {
    "name": "Require(21) node_modules/egg-view/app/extend/application.js",
    "start": 1565169133539,
    "end": 1565169133545,
    "duration": 6,
    "pid": 14676,
    "index": 25
  },
  {
    "name": "Load extend/request.js",
    "start": 1565169133565,
    "end": 1565169133602,
    "duration": 37,
    "pid": 14676,
    "index": 26
  },
  {
    "name": "Require(22) node_modules/egg/app/extend/request.js",
    "start": 1565169133580,
    "end": 1565169133585,
    "duration": 5,
    "pid": 14676,
    "index": 27
  },
  {
    "name": "Load extend/response.js",
    "start": 1565169133602,
    "end": 1565169133639,
    "duration": 37,
    "pid": 14676,
    "index": 28
  },
  {
    "name": "Require(23) node_modules/egg/app/extend/response.js",
    "start": 1565169133616,
    "end": 1565169133624,
    "duration": 8,
    "pid": 14676,
    "index": 29
  },
  {
    "name": "Load extend/context.js",
    "start": 1565169133639,
    "end": 1565169133870,
    "duration": 231,
    "pid": 14676,
    "index": 30
  },
  {
    "name": "Require(24) node_modules/egg-security/app/extend/context.js",
    "start": 1565169133642,
    "end": 1565169133703,
    "duration": 61,
    "pid": 14676,
    "index": 31
  },
  {
    "name": "Require(25) node_modules/egg-jsonp/app/extend/context.js",
    "start": 1565169133704,
    "end": 1565169133709,
    "duration": 5,
    "pid": 14676,
    "index": 32
  },
  {
    "name": "Require(26) node_modules/egg-i18n/app/extend/context.js",
    "start": 1565169133713,
    "end": 1565169133713,
    "duration": 0,
    "pid": 14676,
    "index": 33
  },
  {
    "name": "Require(27) node_modules/egg-multipart/app/extend/context.js",
    "start": 1565169133717,
    "end": 1565169133829,
    "duration": 112,
    "pid": 14676,
    "index": 34
  },
  {
    "name": "Require(28) node_modules/egg-view/app/extend/context.js",
    "start": 1565169133834,
    "end": 1565169133838,
    "duration": 4,
    "pid": 14676,
    "index": 35
  },
  {
    "name": "Require(29) node_modules/egg-validate/app/extend/context.js",
    "start": 1565169133840,
    "end": 1565169133841,
    "duration": 1,
    "pid": 14676,
    "index": 36
  },
  {
    "name": "Require(30) node_modules/egg/app/extend/context.js",
    "start": 1565169133844,
    "end": 1565169133854,
    "duration": 10,
    "pid": 14676,
    "index": 37
  },
  {
    "name": "Load extend/helper.js",
    "start": 1565169133870,
    "end": 1565169133966,
    "duration": 96,
    "pid": 14676,
    "index": 38
  },
  {
    "name": "Require(31) node_modules/egg-security/app/extend/helper.js",
    "start": 1565169133872,
    "end": 1565169133931,
    "duration": 59,
    "pid": 14676,
    "index": 39
  },
  {
    "name": "Require(32) node_modules/egg/app/extend/helper.js",
    "start": 1565169133945,
    "end": 1565169133946,
    "duration": 1,
    "pid": 14676,
    "index": 40
  },
  {
    "name": "Load app.js",
    "start": 1565169133966,
    "end": 1565169134186,
    "duration": 220,
    "pid": 14676,
    "index": 41
  },
  {
    "name": "Require(33) node_modules/egg-session/app.js",
    "start": 1565169133967,
    "end": 1565169133968,
    "duration": 1,
    "pid": 14676,
    "index": 42
  },
  {
    "name": "Require(34) node_modules/egg-security/app.js",
    "start": 1565169133969,
    "end": 1565169133979,
    "duration": 10,
    "pid": 14676,
    "index": 43
  },
  {
    "name": "Require(35) node_modules/egg-onerror/app.js",
    "start": 1565169133983,
    "end": 1565169134022,
    "duration": 39,
    "pid": 14676,
    "index": 44
  },
  {
    "name": "Require(36) node_modules/egg-i18n/app.js",
    "start": 1565169134024,
    "end": 1565169134068,
    "duration": 44,
    "pid": 14676,
    "index": 45
  },
  {
    "name": "Require(37) node_modules/egg-watcher/app.js",
    "start": 1565169134070,
    "end": 1565169134085,
    "duration": 15,
    "pid": 14676,
    "index": 46
  },
  {
    "name": "Require(38) node_modules/egg-schedule/app.js",
    "start": 1565169134087,
    "end": 1565169134094,
    "duration": 7,
    "pid": 14676,
    "index": 47
  },
  {
    "name": "Require(39) node_modules/egg-multipart/app.js",
    "start": 1565169134095,
    "end": 1565169134107,
    "duration": 12,
    "pid": 14676,
    "index": 48
  },
  {
    "name": "Require(40) node_modules/egg-logrotator/app.js",
    "start": 1565169134108,
    "end": 1565169134109,
    "duration": 1,
    "pid": 14676,
    "index": 49
  },
  {
    "name": "Require(41) node_modules/egg-static/app.js",
    "start": 1565169134110,
    "end": 1565169134111,
    "duration": 1,
    "pid": 14676,
    "index": 50
  },
  {
    "name": "Require(42) node_modules/egg-validate/app.js",
    "start": 1565169134115,
    "end": 1565169134123,
    "duration": 8,
    "pid": 14676,
    "index": 51
  },
  {
    "name": "Require(43) node_modules/egg-cors/app.js",
    "start": 1565169134124,
    "end": 1565169134125,
    "duration": 1,
    "pid": 14676,
    "index": 52
  },
  {
    "name": "Require(44) node_modules/egg-mysql/app.js",
    "start": 1565169134126,
    "end": 1565169134181,
    "duration": 55,
    "pid": 14676,
    "index": 53
  },
  {
    "name": "Before Start in node_modules/egg-watcher/lib/init.js:15:14",
    "start": 1565169134224,
    "end": 1565169135387,
    "duration": 1163,
    "pid": 14676,
    "index": 54
  },
  {
    "name": "Before Start in node_modules/egg-mysql/lib/mysql.js:20:7",
    "start": 1565169134576,
    "end": 1565169135384,
    "duration": 808,
    "pid": 14676,
    "index": 55
  },
  {
    "name": "Load Service",
    "start": 1565169134576,
    "end": 1565169134648,
    "duration": 72,
    "pid": 14676,
    "index": 56
  },
  {
    "name": "Load \"service\" to Context",
    "start": 1565169134577,
    "end": 1565169134648,
    "duration": 71,
    "pid": 14676,
    "index": 57
  },
  {
    "name": "Load Middleware",
    "start": 1565169134649,
    "end": 1565169135224,
    "duration": 575,
    "pid": 14676,
    "index": 58
  },
  {
    "name": "Load \"middlewares\" to Application",
    "start": 1565169134649,
    "end": 1565169135179,
    "duration": 530,
    "pid": 14676,
    "index": 59
  },
  {
    "name": "Load Controller",
    "start": 1565169135224,
    "end": 1565169135298,
    "duration": 74,
    "pid": 14676,
    "index": 60
  },
  {
    "name": "Load \"controller\" to Application",
    "start": 1565169135224,
    "end": 1565169135298,
    "duration": 74,
    "pid": 14676,
    "index": 61
  },
  {
    "name": "Load Router",
    "start": 1565169135298,
    "end": 1565169135307,
    "duration": 9,
    "pid": 14676,
    "index": 62
  },
  {
    "name": "Require(45) app/router.js",
    "start": 1565169135299,
    "end": 1565169135300,
    "duration": 1,
    "pid": 14676,
    "index": 63
  },
  {
    "name": "Before Start in node_modules/egg-core/lib/egg.js:303:10",
    "start": 1565169135302,
    "end": 1565169135334,
    "duration": 32,
    "pid": 14676,
    "index": 64
  }
]