[
  {
    "name": "Application Start",
    "start": 1565003894012,
    "end": 1565003896005,
    "duration": 1993,
    "pid": 19296,
    "index": 0
  },
  {
    "name": "Load Plugin",
    "start": 1565003894029,
    "end": 1565003894123,
    "duration": 94,
    "pid": 19296,
    "index": 1
  },
  {
    "name": "Load Config",
    "start": 1565003894123,
    "end": 1565003894189,
    "duration": 66,
    "pid": 19296,
    "index": 2
  },
  {
    "name": "Require(0) config/config.default.js",
    "start": 1565003894125,
    "end": 1565003894126,
    "duration": 1,
    "pid": 19296,
    "index": 3
  },
  {
    "name": "Require(1) node_modules/egg-session/config/config.default.js",
    "start": 1565003894131,
    "end": 1565003894131,
    "duration": 0,
    "pid": 19296,
    "index": 4
  },
  {
    "name": "Require(2) node_modules/egg-security/config/config.default.js",
    "start": 1565003894133,
    "end": 1565003894134,
    "duration": 1,
    "pid": 19296,
    "index": 5
  },
  {
    "name": "Require(3) node_modules/egg-jsonp/config/config.default.js",
    "start": 1565003894137,
    "end": 1565003894138,
    "duration": 1,
    "pid": 19296,
    "index": 6
  },
  {
    "name": "Require(4) node_modules/egg-onerror/config/config.default.js",
    "start": 1565003894140,
    "end": 1565003894140,
    "duration": 0,
    "pid": 19296,
    "index": 7
  },
  {
    "name": "Require(5) node_modules/egg-i18n/config/config.default.js",
    "start": 1565003894142,
    "end": 1565003894143,
    "duration": 1,
    "pid": 19296,
    "index": 8
  },
  {
    "name": "Require(6) node_modules/egg-watcher/config/config.default.js",
    "start": 1565003894145,
    "end": 1565003894145,
    "duration": 0,
    "pid": 19296,
    "index": 9
  },
  {
    "name": "Require(7) node_modules/egg-schedule/config/config.default.js",
    "start": 1565003894147,
    "end": 1565003894148,
    "duration": 1,
    "pid": 19296,
    "index": 10
  },
  {
    "name": "Require(8) node_modules/egg-multipart/config/config.default.js",
    "start": 1565003894150,
    "end": 1565003894150,
    "duration": 0,
    "pid": 19296,
    "index": 11
  },
  {
    "name": "Require(9) node_modules/egg-logrotator/config/config.default.js",
    "start": 1565003894153,
    "end": 1565003894154,
    "duration": 1,
    "pid": 19296,
    "index": 12
  },
  {
    "name": "Require(10) node_modules/egg-static/config/config.default.js",
    "start": 1565003894155,
    "end": 1565003894156,
    "duration": 1,
    "pid": 19296,
    "index": 13
  },
  {
    "name": "Require(11) node_modules/egg-view/config/config.default.js",
    "start": 1565003894158,
    "end": 1565003894159,
    "duration": 1,
    "pid": 19296,
    "index": 14
  },
  {
    "name": "Require(12) node_modules/egg-cors/config/config.default.js",
    "start": 1565003894162,
    "end": 1565003894162,
    "duration": 0,
    "pid": 19296,
    "index": 15
  },
  {
    "name": "Require(13) node_modules/egg-mysql/config/config.default.js",
    "start": 1565003894164,
    "end": 1565003894165,
    "duration": 1,
    "pid": 19296,
    "index": 16
  },
  {
    "name": "Require(14) node_modules/egg/config/config.default.js",
    "start": 1565003894166,
    "end": 1565003894168,
    "duration": 2,
    "pid": 19296,
    "index": 17
  },
  {
    "name": "Require(15) config/config.default.js",
    "start": 1565003894170,
    "end": 1565003894170,
    "duration": 0,
    "pid": 19296,
    "index": 18
  },
  {
    "name": "Require(16) node_modules/egg-static/config/config.prod.js",
    "start": 1565003894182,
    "end": 1565003894182,
    "duration": 0,
    "pid": 19296,
    "index": 19
  },
  {
    "name": "Load extend/application.js",
    "start": 1565003894191,
    "end": 1565003894270,
    "duration": 79,
    "pid": 19296,
    "index": 20
  },
  {
    "name": "Require(17) node_modules/egg-session/app/extend/application.js",
    "start": 1565003894193,
    "end": 1565003894194,
    "duration": 1,
    "pid": 19296,
    "index": 21
  },
  {
    "name": "Require(18) node_modules/egg-security/app/extend/application.js",
    "start": 1565003894196,
    "end": 1565003894200,
    "duration": 4,
    "pid": 19296,
    "index": 22
  },
  {
    "name": "Require(19) node_modules/egg-jsonp/app/extend/application.js",
    "start": 1565003894202,
    "end": 1565003894210,
    "duration": 8,
    "pid": 19296,
    "index": 23
  },
  {
    "name": "Require(20) node_modules/egg-logrotator/app/extend/application.js",
    "start": 1565003894216,
    "end": 1565003894242,
    "duration": 26,
    "pid": 19296,
    "index": 24
  },
  {
    "name": "Require(21) node_modules/egg-view/app/extend/application.js",
    "start": 1565003894245,
    "end": 1565003894250,
    "duration": 5,
    "pid": 19296,
    "index": 25
  },
  {
    "name": "Load extend/request.js",
    "start": 1565003894270,
    "end": 1565003894305,
    "duration": 35,
    "pid": 19296,
    "index": 26
  },
  {
    "name": "Require(22) node_modules/egg/app/extend/request.js",
    "start": 1565003894284,
    "end": 1565003894291,
    "duration": 7,
    "pid": 19296,
    "index": 27
  },
  {
    "name": "Load extend/response.js",
    "start": 1565003894305,
    "end": 1565003894344,
    "duration": 39,
    "pid": 19296,
    "index": 28
  },
  {
    "name": "Require(23) node_modules/egg/app/extend/response.js",
    "start": 1565003894319,
    "end": 1565003894329,
    "duration": 10,
    "pid": 19296,
    "index": 29
  },
  {
    "name": "Load extend/context.js",
    "start": 1565003894345,
    "end": 1565003894614,
    "duration": 269,
    "pid": 19296,
    "index": 30
  },
  {
    "name": "Require(24) node_modules/egg-security/app/extend/context.js",
    "start": 1565003894347,
    "end": 1565003894413,
    "duration": 66,
    "pid": 19296,
    "index": 31
  },
  {
    "name": "Require(25) node_modules/egg-jsonp/app/extend/context.js",
    "start": 1565003894414,
    "end": 1565003894422,
    "duration": 8,
    "pid": 19296,
    "index": 32
  },
  {
    "name": "Require(26) node_modules/egg-i18n/app/extend/context.js",
    "start": 1565003894425,
    "end": 1565003894426,
    "duration": 1,
    "pid": 19296,
    "index": 33
  },
  {
    "name": "Require(27) node_modules/egg-multipart/app/extend/context.js",
    "start": 1565003894430,
    "end": 1565003894570,
    "duration": 140,
    "pid": 19296,
    "index": 34
  },
  {
    "name": "Require(28) node_modules/egg-view/app/extend/context.js",
    "start": 1565003894573,
    "end": 1565003894577,
    "duration": 4,
    "pid": 19296,
    "index": 35
  },
  {
    "name": "Require(29) node_modules/egg-validate/app/extend/context.js",
    "start": 1565003894579,
    "end": 1565003894580,
    "duration": 1,
    "pid": 19296,
    "index": 36
  },
  {
    "name": "Require(30) node_modules/egg/app/extend/context.js",
    "start": 1565003894583,
    "end": 1565003894599,
    "duration": 16,
    "pid": 19296,
    "index": 37
  },
  {
    "name": "Load extend/helper.js",
    "start": 1565003894614,
    "end": 1565003894698,
    "duration": 84,
    "pid": 19296,
    "index": 38
  },
  {
    "name": "Require(31) node_modules/egg-security/app/extend/helper.js",
    "start": 1565003894617,
    "end": 1565003894674,
    "duration": 57,
    "pid": 19296,
    "index": 39
  },
  {
    "name": "Require(32) node_modules/egg/app/extend/helper.js",
    "start": 1565003894684,
    "end": 1565003894685,
    "duration": 1,
    "pid": 19296,
    "index": 40
  },
  {
    "name": "Load app.js",
    "start": 1565003894699,
    "end": 1565003894900,
    "duration": 201,
    "pid": 19296,
    "index": 41
  },
  {
    "name": "Require(33) node_modules/egg-session/app.js",
    "start": 1565003894700,
    "end": 1565003894701,
    "duration": 1,
    "pid": 19296,
    "index": 42
  },
  {
    "name": "Require(34) node_modules/egg-security/app.js",
    "start": 1565003894702,
    "end": 1565003894709,
    "duration": 7,
    "pid": 19296,
    "index": 43
  },
  {
    "name": "Require(35) node_modules/egg-onerror/app.js",
    "start": 1565003894712,
    "end": 1565003894753,
    "duration": 41,
    "pid": 19296,
    "index": 44
  },
  {
    "name": "Require(36) node_modules/egg-i18n/app.js",
    "start": 1565003894755,
    "end": 1565003894797,
    "duration": 42,
    "pid": 19296,
    "index": 45
  },
  {
    "name": "Require(37) node_modules/egg-watcher/app.js",
    "start": 1565003894798,
    "end": 1565003894812,
    "duration": 14,
    "pid": 19296,
    "index": 46
  },
  {
    "name": "Require(38) node_modules/egg-schedule/app.js",
    "start": 1565003894814,
    "end": 1565003894819,
    "duration": 5,
    "pid": 19296,
    "index": 47
  },
  {
    "name": "Require(39) node_modules/egg-multipart/app.js",
    "start": 1565003894821,
    "end": 1565003894831,
    "duration": 10,
    "pid": 19296,
    "index": 48
  },
  {
    "name": "Require(40) node_modules/egg-logrotator/app.js",
    "start": 1565003894832,
    "end": 1565003894833,
    "duration": 1,
    "pid": 19296,
    "index": 49
  },
  {
    "name": "Require(41) node_modules/egg-static/app.js",
    "start": 1565003894834,
    "end": 1565003894835,
    "duration": 1,
    "pid": 19296,
    "index": 50
  },
  {
    "name": "Require(42) node_modules/egg-validate/app.js",
    "start": 1565003894838,
    "end": 1565003894844,
    "duration": 6,
    "pid": 19296,
    "index": 51
  },
  {
    "name": "Require(43) node_modules/egg-cors/app.js",
    "start": 1565003894845,
    "end": 1565003894846,
    "duration": 1,
    "pid": 19296,
    "index": 52
  },
  {
    "name": "Require(44) node_modules/egg-mysql/app.js",
    "start": 1565003894847,
    "end": 1565003894895,
    "duration": 48,
    "pid": 19296,
    "index": 53
  },
  {
    "name": "Before Start in node_modules/egg-watcher/lib/init.js:15:14",
    "start": 1565003894938,
    "end": 1565003895996,
    "duration": 1058,
    "pid": 19296,
    "index": 54
  },
  {
    "name": "Before Start in node_modules/egg-mysql/lib/mysql.js:20:7",
    "start": 1565003895326,
    "end": 1565003896001,
    "duration": 675,
    "pid": 19296,
    "index": 55
  },
  {
    "name": "Load Service",
    "start": 1565003895326,
    "end": 1565003895390,
    "duration": 64,
    "pid": 19296,
    "index": 56
  },
  {
    "name": "Load \"service\" to Context",
    "start": 1565003895326,
    "end": 1565003895390,
    "duration": 64,
    "pid": 19296,
    "index": 57
  },
  {
    "name": "Load Middleware",
    "start": 1565003895391,
    "end": 1565003895882,
    "duration": 491,
    "pid": 19296,
    "index": 58
  },
  {
    "name": "Load \"middlewares\" to Application",
    "start": 1565003895391,
    "end": 1565003895850,
    "duration": 459,
    "pid": 19296,
    "index": 59
  },
  {
    "name": "Load Controller",
    "start": 1565003895882,
    "end": 1565003895935,
    "duration": 53,
    "pid": 19296,
    "index": 60
  },
  {
    "name": "Load \"controller\" to Application",
    "start": 1565003895882,
    "end": 1565003895935,
    "duration": 53,
    "pid": 19296,
    "index": 61
  },
  {
    "name": "Load Router",
    "start": 1565003895935,
    "end": 1565003895942,
    "duration": 7,
    "pid": 19296,
    "index": 62
  },
  {
    "name": "Require(45) app/router.js",
    "start": 1565003895936,
    "end": 1565003895938,
    "duration": 2,
    "pid": 19296,
    "index": 63
  },
  {
    "name": "Before Start in node_modules/egg-core/lib/egg.js:303:10",
    "start": 1565003895939,
    "end": 1565003895966,
    "duration": 27,
    "pid": 19296,
    "index": 64
  }
]