[
  {
    "name": "Application Start",
    "start": 1561523180711,
    "end": 1561523181758,
    "duration": 1047,
    "pid": 8324,
    "index": 0
  },
  {
    "name": "Load Plugin",
    "start": 1561523180724,
    "end": 1561523180754,
    "duration": 30,
    "pid": 8324,
    "index": 1
  },
  {
    "name": "Load Config",
    "start": 1561523180754,
    "end": 1561523180782,
    "duration": 28,
    "pid": 8324,
    "index": 2
  },
  {
    "name": "Require(0) config/config.default.js",
    "start": 1561523180756,
    "end": 1561523180756,
    "duration": 0,
    "pid": 8324,
    "index": 3
  },
  {
    "name": "Require(1) node_modules/egg-session/config/config.default.js",
    "start": 1561523180759,
    "end": 1561523180760,
    "duration": 1,
    "pid": 8324,
    "index": 4
  },
  {
    "name": "Require(2) node_modules/egg-security/config/config.default.js",
    "start": 1561523180760,
    "end": 1561523180761,
    "duration": 1,
    "pid": 8324,
    "index": 5
  },
  {
    "name": "Require(3) node_modules/egg-jsonp/config/config.default.js",
    "start": 1561523180762,
    "end": 1561523180763,
    "duration": 1,
    "pid": 8324,
    "index": 6
  },
  {
    "name": "Require(4) node_modules/egg-onerror/config/config.default.js",
    "start": 1561523180763,
    "end": 1561523180764,
    "duration": 1,
    "pid": 8324,
    "index": 7
  },
  {
    "name": "Require(5) node_modules/egg-i18n/config/config.default.js",
    "start": 1561523180764,
    "end": 1561523180765,
    "duration": 1,
    "pid": 8324,
    "index": 8
  },
  {
    "name": "Require(6) node_modules/egg-watcher/config/config.default.js",
    "start": 1561523180765,
    "end": 1561523180766,
    "duration": 1,
    "pid": 8324,
    "index": 9
  },
  {
    "name": "Require(7) node_modules/egg-schedule/config/config.default.js",
    "start": 1561523180766,
    "end": 1561523180767,
    "duration": 1,
    "pid": 8324,
    "index": 10
  },
  {
    "name": "Require(8) node_modules/egg-multipart/config/config.default.js",
    "start": 1561523180767,
    "end": 1561523180768,
    "duration": 1,
    "pid": 8324,
    "index": 11
  },
  {
    "name": "Require(9) node_modules/egg-logrotator/config/config.default.js",
    "start": 1561523180769,
    "end": 1561523180769,
    "duration": 0,
    "pid": 8324,
    "index": 12
  },
  {
    "name": "Require(10) node_modules/egg-static/config/config.default.js",
    "start": 1561523180770,
    "end": 1561523180770,
    "duration": 0,
    "pid": 8324,
    "index": 13
  },
  {
    "name": "Require(11) node_modules/egg-view/config/config.default.js",
    "start": 1561523180771,
    "end": 1561523180771,
    "duration": 0,
    "pid": 8324,
    "index": 14
  },
  {
    "name": "Require(12) node_modules/egg-cors/config/config.default.js",
    "start": 1561523180773,
    "end": 1561523180773,
    "duration": 0,
    "pid": 8324,
    "index": 15
  },
  {
    "name": "Require(13) node_modules/egg-mysql/config/config.default.js",
    "start": 1561523180773,
    "end": 1561523180774,
    "duration": 1,
    "pid": 8324,
    "index": 16
  },
  {
    "name": "Require(14) node_modules/egg/config/config.default.js",
    "start": 1561523180774,
    "end": 1561523180775,
    "duration": 1,
    "pid": 8324,
    "index": 17
  },
  {
    "name": "Require(15) config/config.default.js",
    "start": 1561523180777,
    "end": 1561523180777,
    "duration": 0,
    "pid": 8324,
    "index": 18
  },
  {
    "name": "Require(16) node_modules/egg-static/config/config.prod.js",
    "start": 1561523180780,
    "end": 1561523180780,
    "duration": 0,
    "pid": 8324,
    "index": 19
  },
  {
    "name": "Load extend/application.js",
    "start": 1561523180784,
    "end": 1561523180800,
    "duration": 16,
    "pid": 8324,
    "index": 20
  },
  {
    "name": "Require(17) node_modules/egg-session/app/extend/application.js",
    "start": 1561523180785,
    "end": 1561523180786,
    "duration": 1,
    "pid": 8324,
    "index": 21
  },
  {
    "name": "Require(18) node_modules/egg-security/app/extend/application.js",
    "start": 1561523180786,
    "end": 1561523180788,
    "duration": 2,
    "pid": 8324,
    "index": 22
  },
  {
    "name": "Require(19) node_modules/egg-jsonp/app/extend/application.js",
    "start": 1561523180788,
    "end": 1561523180790,
    "duration": 2,
    "pid": 8324,
    "index": 23
  },
  {
    "name": "Require(20) node_modules/egg-logrotator/app/extend/application.js",
    "start": 1561523180791,
    "end": 1561523180793,
    "duration": 2,
    "pid": 8324,
    "index": 24
  },
  {
    "name": "Require(21) node_modules/egg-view/app/extend/application.js",
    "start": 1561523180794,
    "end": 1561523180796,
    "duration": 2,
    "pid": 8324,
    "index": 25
  },
  {
    "name": "Load extend/request.js",
    "start": 1561523180800,
    "end": 1561523180809,
    "duration": 9,
    "pid": 8324,
    "index": 26
  },
  {
    "name": "Require(22) node_modules/egg/app/extend/request.js",
    "start": 1561523180804,
    "end": 1561523180805,
    "duration": 1,
    "pid": 8324,
    "index": 27
  },
  {
    "name": "Load extend/response.js",
    "start": 1561523180809,
    "end": 1561523180818,
    "duration": 9,
    "pid": 8324,
    "index": 28
  },
  {
    "name": "Require(23) node_modules/egg/app/extend/response.js",
    "start": 1561523180813,
    "end": 1561523180814,
    "duration": 1,
    "pid": 8324,
    "index": 29
  },
  {
    "name": "Load extend/context.js",
    "start": 1561523180818,
    "end": 1561523180921,
    "duration": 103,
    "pid": 8324,
    "index": 30
  },
  {
    "name": "Require(24) node_modules/egg-security/app/extend/context.js",
    "start": 1561523180819,
    "end": 1561523180832,
    "duration": 13,
    "pid": 8324,
    "index": 31
  },
  {
    "name": "Require(25) node_modules/egg-jsonp/app/extend/context.js",
    "start": 1561523180832,
    "end": 1561523180832,
    "duration": 0,
    "pid": 8324,
    "index": 32
  },
  {
    "name": "Require(26) node_modules/egg-i18n/app/extend/context.js",
    "start": 1561523180832,
    "end": 1561523180832,
    "duration": 0,
    "pid": 8324,
    "index": 33
  },
  {
    "name": "Require(27) node_modules/egg-multipart/app/extend/context.js",
    "start": 1561523180832,
    "end": 1561523180911,
    "duration": 79,
    "pid": 8324,
    "index": 34
  },
  {
    "name": "Require(28) node_modules/egg-view/app/extend/context.js",
    "start": 1561523180912,
    "end": 1561523180913,
    "duration": 1,
    "pid": 8324,
    "index": 35
  },
  {
    "name": "Require(29) node_modules/egg-validate/app/extend/context.js",
    "start": 1561523180914,
    "end": 1561523180915,
    "duration": 1,
    "pid": 8324,
    "index": 36
  },
  {
    "name": "Require(30) node_modules/egg/app/extend/context.js",
    "start": 1561523180916,
    "end": 1561523180917,
    "duration": 1,
    "pid": 8324,
    "index": 37
  },
  {
    "name": "Load extend/helper.js",
    "start": 1561523180921,
    "end": 1561523180951,
    "duration": 30,
    "pid": 8324,
    "index": 38
  },
  {
    "name": "Require(31) node_modules/egg-security/app/extend/helper.js",
    "start": 1561523180922,
    "end": 1561523180943,
    "duration": 21,
    "pid": 8324,
    "index": 39
  },
  {
    "name": "Require(32) node_modules/egg/app/extend/helper.js",
    "start": 1561523180946,
    "end": 1561523180947,
    "duration": 1,
    "pid": 8324,
    "index": 40
  },
  {
    "name": "Load app.js",
    "start": 1561523180951,
    "end": 1561523181068,
    "duration": 117,
    "pid": 8324,
    "index": 41
  },
  {
    "name": "Require(33) node_modules/egg-session/app.js",
    "start": 1561523180952,
    "end": 1561523180952,
    "duration": 0,
    "pid": 8324,
    "index": 42
  },
  {
    "name": "Require(34) node_modules/egg-security/app.js",
    "start": 1561523180953,
    "end": 1561523180956,
    "duration": 3,
    "pid": 8324,
    "index": 43
  },
  {
    "name": "Require(35) node_modules/egg-onerror/app.js",
    "start": 1561523180957,
    "end": 1561523180982,
    "duration": 25,
    "pid": 8324,
    "index": 44
  },
  {
    "name": "Require(36) node_modules/egg-i18n/app.js",
    "start": 1561523180983,
    "end": 1561523181019,
    "duration": 36,
    "pid": 8324,
    "index": 45
  },
  {
    "name": "Require(37) node_modules/egg-watcher/app.js",
    "start": 1561523181019,
    "end": 1561523181024,
    "duration": 5,
    "pid": 8324,
    "index": 46
  },
  {
    "name": "Require(38) node_modules/egg-schedule/app.js",
    "start": 1561523181025,
    "end": 1561523181027,
    "duration": 2,
    "pid": 8324,
    "index": 47
  },
  {
    "name": "Require(39) node_modules/egg-multipart/app.js",
    "start": 1561523181027,
    "end": 1561523181034,
    "duration": 7,
    "pid": 8324,
    "index": 48
  },
  {
    "name": "Require(40) node_modules/egg-logrotator/app.js",
    "start": 1561523181034,
    "end": 1561523181035,
    "duration": 1,
    "pid": 8324,
    "index": 49
  },
  {
    "name": "Require(41) node_modules/egg-static/app.js",
    "start": 1561523181036,
    "end": 1561523181036,
    "duration": 0,
    "pid": 8324,
    "index": 50
  },
  {
    "name": "Require(42) node_modules/egg-validate/app.js",
    "start": 1561523181037,
    "end": 1561523181041,
    "duration": 4,
    "pid": 8324,
    "index": 51
  },
  {
    "name": "Require(43) node_modules/egg-cors/app.js",
    "start": 1561523181042,
    "end": 1561523181043,
    "duration": 1,
    "pid": 8324,
    "index": 52
  },
  {
    "name": "Require(44) node_modules/egg-mysql/app.js",
    "start": 1561523181043,
    "end": 1561523181067,
    "duration": 24,
    "pid": 8324,
    "index": 53
  },
  {
    "name": "Before Start in node_modules/egg-watcher/lib/init.js:15:14",
    "start": 1561523181091,
    "end": 1561523181754,
    "duration": 663,
    "pid": 8324,
    "index": 54
  },
  {
    "name": "Before Start in node_modules/egg-mysql/lib/mysql.js:20:7",
    "start": 1561523181325,
    "end": 1561523181757,
    "duration": 432,
    "pid": 8324,
    "index": 55
  },
  {
    "name": "Load Service",
    "start": 1561523181326,
    "end": 1561523181366,
    "duration": 40,
    "pid": 8324,
    "index": 56
  },
  {
    "name": "Load \"service\" to Context",
    "start": 1561523181326,
    "end": 1561523181366,
    "duration": 40,
    "pid": 8324,
    "index": 57
  },
  {
    "name": "Load Middleware",
    "start": 1561523181367,
    "end": 1561523181612,
    "duration": 245,
    "pid": 8324,
    "index": 58
  },
  {
    "name": "Load \"middlewares\" to Application",
    "start": 1561523181367,
    "end": 1561523181592,
    "duration": 225,
    "pid": 8324,
    "index": 59
  },
  {
    "name": "Load Controller",
    "start": 1561523181613,
    "end": 1561523181650,
    "duration": 37,
    "pid": 8324,
    "index": 60
  },
  {
    "name": "Load \"controller\" to Application",
    "start": 1561523181613,
    "end": 1561523181650,
    "duration": 37,
    "pid": 8324,
    "index": 61
  },
  {
    "name": "Load Router",
    "start": 1561523181650,
    "end": 1561523181654,
    "duration": 4,
    "pid": 8324,
    "index": 62
  },
  {
    "name": "Require(45) app/router.js",
    "start": 1561523181651,
    "end": 1561523181652,
    "duration": 1,
    "pid": 8324,
    "index": 63
  },
  {
    "name": "Before Start in node_modules/egg-core/lib/egg.js:303:10",
    "start": 1561523181653,
    "end": 1561523181686,
    "duration": 33,
    "pid": 8324,
    "index": 64
  }
]