[
  {
    "name": "Application Start",
    "start": 1561426277814,
    "end": 1561426278664,
    "duration": 850,
    "pid": 3316,
    "index": 0
  },
  {
    "name": "Load Plugin",
    "start": 1561426277814,
    "end": 1561426277850,
    "duration": 36,
    "pid": 3316,
    "index": 1
  },
  {
    "name": "Load Config",
    "start": 1561426277850,
    "end": 1561426277878,
    "duration": 28,
    "pid": 3316,
    "index": 2
  },
  {
    "name": "Require(0) config/config.default.js",
    "start": 1561426277850,
    "end": 1561426277850,
    "duration": 0,
    "pid": 3316,
    "index": 3
  },
  {
    "name": "Require(1) node_modules/egg-session/config/config.default.js",
    "start": 1561426277850,
    "end": 1561426277850,
    "duration": 0,
    "pid": 3316,
    "index": 4
  },
  {
    "name": "Require(2) node_modules/egg-security/config/config.default.js",
    "start": 1561426277850,
    "end": 1561426277850,
    "duration": 0,
    "pid": 3316,
    "index": 5
  },
  {
    "name": "Require(3) node_modules/egg-jsonp/config/config.default.js",
    "start": 1561426277850,
    "end": 1561426277850,
    "duration": 0,
    "pid": 3316,
    "index": 6
  },
  {
    "name": "Require(4) node_modules/egg-onerror/config/config.default.js",
    "start": 1561426277860,
    "end": 1561426277860,
    "duration": 0,
    "pid": 3316,
    "index": 7
  },
  {
    "name": "Require(5) node_modules/egg-i18n/config/config.default.js",
    "start": 1561426277860,
    "end": 1561426277860,
    "duration": 0,
    "pid": 3316,
    "index": 8
  },
  {
    "name": "Require(6) node_modules/egg-watcher/config/config.default.js",
    "start": 1561426277860,
    "end": 1561426277860,
    "duration": 0,
    "pid": 3316,
    "index": 9
  },
  {
    "name": "Require(7) node_modules/egg-schedule/config/config.default.js",
    "start": 1561426277860,
    "end": 1561426277860,
    "duration": 0,
    "pid": 3316,
    "index": 10
  },
  {
    "name": "Require(8) node_modules/egg-multipart/config/config.default.js",
    "start": 1561426277860,
    "end": 1561426277860,
    "duration": 0,
    "pid": 3316,
    "index": 11
  },
  {
    "name": "Require(9) node_modules/egg-logrotator/config/config.default.js",
    "start": 1561426277860,
    "end": 1561426277860,
    "duration": 0,
    "pid": 3316,
    "index": 12
  },
  {
    "name": "Require(10) node_modules/egg-static/config/config.default.js",
    "start": 1561426277860,
    "end": 1561426277860,
    "duration": 0,
    "pid": 3316,
    "index": 13
  },
  {
    "name": "Require(11) node_modules/egg-view/config/config.default.js",
    "start": 1561426277860,
    "end": 1561426277860,
    "duration": 0,
    "pid": 3316,
    "index": 14
  },
  {
    "name": "Require(12) node_modules/egg-cors/config/config.default.js",
    "start": 1561426277860,
    "end": 1561426277860,
    "duration": 0,
    "pid": 3316,
    "index": 15
  },
  {
    "name": "Require(13) node_modules/egg-mysql/config/config.default.js",
    "start": 1561426277870,
    "end": 1561426277871,
    "duration": 1,
    "pid": 3316,
    "index": 16
  },
  {
    "name": "Require(14) node_modules/egg/config/config.default.js",
    "start": 1561426277871,
    "end": 1561426277872,
    "duration": 1,
    "pid": 3316,
    "index": 17
  },
  {
    "name": "Require(15) config/config.default.js",
    "start": 1561426277874,
    "end": 1561426277874,
    "duration": 0,
    "pid": 3316,
    "index": 18
  },
  {
    "name": "Require(16) node_modules/egg-static/config/config.prod.js",
    "start": 1561426277877,
    "end": 1561426277877,
    "duration": 0,
    "pid": 3316,
    "index": 19
  },
  {
    "name": "Load extend/application.js",
    "start": 1561426277881,
    "end": 1561426277896,
    "duration": 15,
    "pid": 3316,
    "index": 20
  },
  {
    "name": "Require(17) node_modules/egg-session/app/extend/application.js",
    "start": 1561426277882,
    "end": 1561426277883,
    "duration": 1,
    "pid": 3316,
    "index": 21
  },
  {
    "name": "Require(18) node_modules/egg-security/app/extend/application.js",
    "start": 1561426277883,
    "end": 1561426277884,
    "duration": 1,
    "pid": 3316,
    "index": 22
  },
  {
    "name": "Require(19) node_modules/egg-jsonp/app/extend/application.js",
    "start": 1561426277885,
    "end": 1561426277887,
    "duration": 2,
    "pid": 3316,
    "index": 23
  },
  {
    "name": "Require(20) node_modules/egg-logrotator/app/extend/application.js",
    "start": 1561426277888,
    "end": 1561426277890,
    "duration": 2,
    "pid": 3316,
    "index": 24
  },
  {
    "name": "Require(21) node_modules/egg-view/app/extend/application.js",
    "start": 1561426277891,
    "end": 1561426277892,
    "duration": 1,
    "pid": 3316,
    "index": 25
  },
  {
    "name": "Load extend/request.js",
    "start": 1561426277896,
    "end": 1561426277905,
    "duration": 9,
    "pid": 3316,
    "index": 26
  },
  {
    "name": "Require(22) node_modules/egg/app/extend/request.js",
    "start": 1561426277900,
    "end": 1561426277902,
    "duration": 2,
    "pid": 3316,
    "index": 27
  },
  {
    "name": "Load extend/response.js",
    "start": 1561426277905,
    "end": 1561426277914,
    "duration": 9,
    "pid": 3316,
    "index": 28
  },
  {
    "name": "Require(23) node_modules/egg/app/extend/response.js",
    "start": 1561426277909,
    "end": 1561426277910,
    "duration": 1,
    "pid": 3316,
    "index": 29
  },
  {
    "name": "Load extend/context.js",
    "start": 1561426277914,
    "end": 1561426278021,
    "duration": 107,
    "pid": 3316,
    "index": 30
  },
  {
    "name": "Require(24) node_modules/egg-security/app/extend/context.js",
    "start": 1561426277915,
    "end": 1561426277929,
    "duration": 14,
    "pid": 3316,
    "index": 31
  },
  {
    "name": "Require(25) node_modules/egg-jsonp/app/extend/context.js",
    "start": 1561426277930,
    "end": 1561426277931,
    "duration": 1,
    "pid": 3316,
    "index": 32
  },
  {
    "name": "Require(26) node_modules/egg-i18n/app/extend/context.js",
    "start": 1561426277932,
    "end": 1561426277933,
    "duration": 1,
    "pid": 3316,
    "index": 33
  },
  {
    "name": "Require(27) node_modules/egg-multipart/app/extend/context.js",
    "start": 1561426277934,
    "end": 1561426278010,
    "duration": 76,
    "pid": 3316,
    "index": 34
  },
  {
    "name": "Require(28) node_modules/egg-view/app/extend/context.js",
    "start": 1561426278010,
    "end": 1561426278010,
    "duration": 0,
    "pid": 3316,
    "index": 35
  },
  {
    "name": "Require(29) node_modules/egg-validate/app/extend/context.js",
    "start": 1561426278010,
    "end": 1561426278010,
    "duration": 0,
    "pid": 3316,
    "index": 36
  },
  {
    "name": "Require(30) node_modules/egg/app/extend/context.js",
    "start": 1561426278010,
    "end": 1561426278010,
    "duration": 0,
    "pid": 3316,
    "index": 37
  },
  {
    "name": "Load extend/helper.js",
    "start": 1561426278021,
    "end": 1561426278046,
    "duration": 25,
    "pid": 3316,
    "index": 38
  },
  {
    "name": "Require(31) node_modules/egg-security/app/extend/helper.js",
    "start": 1561426278022,
    "end": 1561426278034,
    "duration": 12,
    "pid": 3316,
    "index": 39
  },
  {
    "name": "Require(32) node_modules/egg/app/extend/helper.js",
    "start": 1561426278045,
    "end": 1561426278045,
    "duration": 0,
    "pid": 3316,
    "index": 40
  },
  {
    "name": "Load app.js",
    "start": 1561426278046,
    "end": 1561426278126,
    "duration": 80,
    "pid": 3316,
    "index": 41
  },
  {
    "name": "Require(33) node_modules/egg-session/app.js",
    "start": 1561426278046,
    "end": 1561426278046,
    "duration": 0,
    "pid": 3316,
    "index": 42
  },
  {
    "name": "Require(34) node_modules/egg-security/app.js",
    "start": 1561426278046,
    "end": 1561426278046,
    "duration": 0,
    "pid": 3316,
    "index": 43
  },
  {
    "name": "Require(35) node_modules/egg-onerror/app.js",
    "start": 1561426278046,
    "end": 1561426278066,
    "duration": 20,
    "pid": 3316,
    "index": 44
  },
  {
    "name": "Require(36) node_modules/egg-i18n/app.js",
    "start": 1561426278067,
    "end": 1561426278085,
    "duration": 18,
    "pid": 3316,
    "index": 45
  },
  {
    "name": "Require(37) node_modules/egg-watcher/app.js",
    "start": 1561426278086,
    "end": 1561426278090,
    "duration": 4,
    "pid": 3316,
    "index": 46
  },
  {
    "name": "Require(38) node_modules/egg-schedule/app.js",
    "start": 1561426278090,
    "end": 1561426278092,
    "duration": 2,
    "pid": 3316,
    "index": 47
  },
  {
    "name": "Require(39) node_modules/egg-multipart/app.js",
    "start": 1561426278093,
    "end": 1561426278096,
    "duration": 3,
    "pid": 3316,
    "index": 48
  },
  {
    "name": "Require(40) node_modules/egg-logrotator/app.js",
    "start": 1561426278096,
    "end": 1561426278096,
    "duration": 0,
    "pid": 3316,
    "index": 49
  },
  {
    "name": "Require(41) node_modules/egg-static/app.js",
    "start": 1561426278097,
    "end": 1561426278097,
    "duration": 0,
    "pid": 3316,
    "index": 50
  },
  {
    "name": "Require(42) node_modules/egg-validate/app.js",
    "start": 1561426278098,
    "end": 1561426278100,
    "duration": 2,
    "pid": 3316,
    "index": 51
  },
  {
    "name": "Require(43) node_modules/egg-cors/app.js",
    "start": 1561426278101,
    "end": 1561426278101,
    "duration": 0,
    "pid": 3316,
    "index": 52
  },
  {
    "name": "Require(44) node_modules/egg-mysql/app.js",
    "start": 1561426278101,
    "end": 1561426278125,
    "duration": 24,
    "pid": 3316,
    "index": 53
  },
  {
    "name": "Before Start in node_modules/egg-watcher/lib/init.js:15:14",
    "start": 1561426278146,
    "end": 1561426278662,
    "duration": 516,
    "pid": 3316,
    "index": 54
  },
  {
    "name": "Before Start in node_modules/egg-mysql/lib/mysql.js:20:7",
    "start": 1561426278353,
    "end": 1561426278664,
    "duration": 311,
    "pid": 3316,
    "index": 55
  },
  {
    "name": "Load Service",
    "start": 1561426278353,
    "end": 1561426278379,
    "duration": 26,
    "pid": 3316,
    "index": 56
  },
  {
    "name": "Load \"service\" to Context",
    "start": 1561426278353,
    "end": 1561426278379,
    "duration": 26,
    "pid": 3316,
    "index": 57
  },
  {
    "name": "Load Middleware",
    "start": 1561426278379,
    "end": 1561426278538,
    "duration": 159,
    "pid": 3316,
    "index": 58
  },
  {
    "name": "Load \"middlewares\" to Application",
    "start": 1561426278379,
    "end": 1561426278516,
    "duration": 137,
    "pid": 3316,
    "index": 59
  },
  {
    "name": "Load Controller",
    "start": 1561426278538,
    "end": 1561426278558,
    "duration": 20,
    "pid": 3316,
    "index": 60
  },
  {
    "name": "Load \"controller\" to Application",
    "start": 1561426278538,
    "end": 1561426278558,
    "duration": 20,
    "pid": 3316,
    "index": 61
  },
  {
    "name": "Load Router",
    "start": 1561426278558,
    "end": 1561426278574,
    "duration": 16,
    "pid": 3316,
    "index": 62
  },
  {
    "name": "Require(45) app/router.js",
    "start": 1561426278558,
    "end": 1561426278558,
    "duration": 0,
    "pid": 3316,
    "index": 63
  },
  {
    "name": "Before Start in node_modules/egg-core/lib/egg.js:303:10",
    "start": 1561426278569,
    "end": 1561426278601,
    "duration": 32,
    "pid": 3316,
    "index": 64
  }
]