[
  {
    "name": "Application Start",
    "start": 1565170181647,
    "end": 1565170183612,
    "duration": 1965,
    "pid": 15436,
    "index": 0
  },
  {
    "name": "Load Plugin",
    "start": 1565170181664,
    "end": 1565170181752,
    "duration": 88,
    "pid": 15436,
    "index": 1
  },
  {
    "name": "Load Config",
    "start": 1565170181753,
    "end": 1565170181816,
    "duration": 63,
    "pid": 15436,
    "index": 2
  },
  {
    "name": "Require(0) config/config.default.js",
    "start": 1565170181754,
    "end": 1565170181755,
    "duration": 1,
    "pid": 15436,
    "index": 3
  },
  {
    "name": "Require(1) node_modules/egg-session/config/config.default.js",
    "start": 1565170181760,
    "end": 1565170181761,
    "duration": 1,
    "pid": 15436,
    "index": 4
  },
  {
    "name": "Require(2) node_modules/egg-security/config/config.default.js",
    "start": 1565170181762,
    "end": 1565170181763,
    "duration": 1,
    "pid": 15436,
    "index": 5
  },
  {
    "name": "Require(3) node_modules/egg-jsonp/config/config.default.js",
    "start": 1565170181766,
    "end": 1565170181767,
    "duration": 1,
    "pid": 15436,
    "index": 6
  },
  {
    "name": "Require(4) node_modules/egg-onerror/config/config.default.js",
    "start": 1565170181768,
    "end": 1565170181769,
    "duration": 1,
    "pid": 15436,
    "index": 7
  },
  {
    "name": "Require(5) node_modules/egg-i18n/config/config.default.js",
    "start": 1565170181771,
    "end": 1565170181772,
    "duration": 1,
    "pid": 15436,
    "index": 8
  },
  {
    "name": "Require(6) node_modules/egg-watcher/config/config.default.js",
    "start": 1565170181774,
    "end": 1565170181775,
    "duration": 1,
    "pid": 15436,
    "index": 9
  },
  {
    "name": "Require(7) node_modules/egg-schedule/config/config.default.js",
    "start": 1565170181778,
    "end": 1565170181779,
    "duration": 1,
    "pid": 15436,
    "index": 10
  },
  {
    "name": "Require(8) node_modules/egg-multipart/config/config.default.js",
    "start": 1565170181780,
    "end": 1565170181781,
    "duration": 1,
    "pid": 15436,
    "index": 11
  },
  {
    "name": "Require(9) node_modules/egg-logrotator/config/config.default.js",
    "start": 1565170181783,
    "end": 1565170181784,
    "duration": 1,
    "pid": 15436,
    "index": 12
  },
  {
    "name": "Require(10) node_modules/egg-static/config/config.default.js",
    "start": 1565170181786,
    "end": 1565170181786,
    "duration": 0,
    "pid": 15436,
    "index": 13
  },
  {
    "name": "Require(11) node_modules/egg-view/config/config.default.js",
    "start": 1565170181788,
    "end": 1565170181789,
    "duration": 1,
    "pid": 15436,
    "index": 14
  },
  {
    "name": "Require(12) node_modules/egg-cors/config/config.default.js",
    "start": 1565170181792,
    "end": 1565170181793,
    "duration": 1,
    "pid": 15436,
    "index": 15
  },
  {
    "name": "Require(13) node_modules/egg-mysql/config/config.default.js",
    "start": 1565170181794,
    "end": 1565170181795,
    "duration": 1,
    "pid": 15436,
    "index": 16
  },
  {
    "name": "Require(14) node_modules/egg/config/config.default.js",
    "start": 1565170181797,
    "end": 1565170181797,
    "duration": 0,
    "pid": 15436,
    "index": 17
  },
  {
    "name": "Require(15) config/config.default.js",
    "start": 1565170181800,
    "end": 1565170181800,
    "duration": 0,
    "pid": 15436,
    "index": 18
  },
  {
    "name": "Require(16) node_modules/egg-static/config/config.prod.js",
    "start": 1565170181810,
    "end": 1565170181810,
    "duration": 0,
    "pid": 15436,
    "index": 19
  },
  {
    "name": "Load extend/application.js",
    "start": 1565170181819,
    "end": 1565170181892,
    "duration": 73,
    "pid": 15436,
    "index": 20
  },
  {
    "name": "Require(17) node_modules/egg-session/app/extend/application.js",
    "start": 1565170181821,
    "end": 1565170181822,
    "duration": 1,
    "pid": 15436,
    "index": 21
  },
  {
    "name": "Require(18) node_modules/egg-security/app/extend/application.js",
    "start": 1565170181824,
    "end": 1565170181827,
    "duration": 3,
    "pid": 15436,
    "index": 22
  },
  {
    "name": "Require(19) node_modules/egg-jsonp/app/extend/application.js",
    "start": 1565170181829,
    "end": 1565170181835,
    "duration": 6,
    "pid": 15436,
    "index": 23
  },
  {
    "name": "Require(20) node_modules/egg-logrotator/app/extend/application.js",
    "start": 1565170181840,
    "end": 1565170181866,
    "duration": 26,
    "pid": 15436,
    "index": 24
  },
  {
    "name": "Require(21) node_modules/egg-view/app/extend/application.js",
    "start": 1565170181868,
    "end": 1565170181873,
    "duration": 5,
    "pid": 15436,
    "index": 25
  },
  {
    "name": "Load extend/request.js",
    "start": 1565170181892,
    "end": 1565170181925,
    "duration": 33,
    "pid": 15436,
    "index": 26
  },
  {
    "name": "Require(22) node_modules/egg/app/extend/request.js",
    "start": 1565170181906,
    "end": 1565170181911,
    "duration": 5,
    "pid": 15436,
    "index": 27
  },
  {
    "name": "Load extend/response.js",
    "start": 1565170181925,
    "end": 1565170181962,
    "duration": 37,
    "pid": 15436,
    "index": 28
  },
  {
    "name": "Require(23) node_modules/egg/app/extend/response.js",
    "start": 1565170181938,
    "end": 1565170181946,
    "duration": 8,
    "pid": 15436,
    "index": 29
  },
  {
    "name": "Load extend/context.js",
    "start": 1565170181962,
    "end": 1565170182179,
    "duration": 217,
    "pid": 15436,
    "index": 30
  },
  {
    "name": "Require(24) node_modules/egg-security/app/extend/context.js",
    "start": 1565170181964,
    "end": 1565170182024,
    "duration": 60,
    "pid": 15436,
    "index": 31
  },
  {
    "name": "Require(25) node_modules/egg-jsonp/app/extend/context.js",
    "start": 1565170182025,
    "end": 1565170182031,
    "duration": 6,
    "pid": 15436,
    "index": 32
  },
  {
    "name": "Require(26) node_modules/egg-i18n/app/extend/context.js",
    "start": 1565170182033,
    "end": 1565170182034,
    "duration": 1,
    "pid": 15436,
    "index": 33
  },
  {
    "name": "Require(27) node_modules/egg-multipart/app/extend/context.js",
    "start": 1565170182037,
    "end": 1565170182144,
    "duration": 107,
    "pid": 15436,
    "index": 34
  },
  {
    "name": "Require(28) node_modules/egg-view/app/extend/context.js",
    "start": 1565170182147,
    "end": 1565170182150,
    "duration": 3,
    "pid": 15436,
    "index": 35
  },
  {
    "name": "Require(29) node_modules/egg-validate/app/extend/context.js",
    "start": 1565170182151,
    "end": 1565170182152,
    "duration": 1,
    "pid": 15436,
    "index": 36
  },
  {
    "name": "Require(30) node_modules/egg/app/extend/context.js",
    "start": 1565170182154,
    "end": 1565170182165,
    "duration": 11,
    "pid": 15436,
    "index": 37
  },
  {
    "name": "Load extend/helper.js",
    "start": 1565170182179,
    "end": 1565170182264,
    "duration": 85,
    "pid": 15436,
    "index": 38
  },
  {
    "name": "Require(31) node_modules/egg-security/app/extend/helper.js",
    "start": 1565170182181,
    "end": 1565170182238,
    "duration": 57,
    "pid": 15436,
    "index": 39
  },
  {
    "name": "Require(32) node_modules/egg/app/extend/helper.js",
    "start": 1565170182249,
    "end": 1565170182250,
    "duration": 1,
    "pid": 15436,
    "index": 40
  },
  {
    "name": "Load app.js",
    "start": 1565170182264,
    "end": 1565170182452,
    "duration": 188,
    "pid": 15436,
    "index": 41
  },
  {
    "name": "Require(33) node_modules/egg-session/app.js",
    "start": 1565170182266,
    "end": 1565170182266,
    "duration": 0,
    "pid": 15436,
    "index": 42
  },
  {
    "name": "Require(34) node_modules/egg-security/app.js",
    "start": 1565170182268,
    "end": 1565170182277,
    "duration": 9,
    "pid": 15436,
    "index": 43
  },
  {
    "name": "Require(35) node_modules/egg-onerror/app.js",
    "start": 1565170182280,
    "end": 1565170182316,
    "duration": 36,
    "pid": 15436,
    "index": 44
  },
  {
    "name": "Require(36) node_modules/egg-i18n/app.js",
    "start": 1565170182317,
    "end": 1565170182355,
    "duration": 38,
    "pid": 15436,
    "index": 45
  },
  {
    "name": "Require(37) node_modules/egg-watcher/app.js",
    "start": 1565170182356,
    "end": 1565170182370,
    "duration": 14,
    "pid": 15436,
    "index": 46
  },
  {
    "name": "Require(38) node_modules/egg-schedule/app.js",
    "start": 1565170182371,
    "end": 1565170182377,
    "duration": 6,
    "pid": 15436,
    "index": 47
  },
  {
    "name": "Require(39) node_modules/egg-multipart/app.js",
    "start": 1565170182379,
    "end": 1565170182388,
    "duration": 9,
    "pid": 15436,
    "index": 48
  },
  {
    "name": "Require(40) node_modules/egg-logrotator/app.js",
    "start": 1565170182389,
    "end": 1565170182390,
    "duration": 1,
    "pid": 15436,
    "index": 49
  },
  {
    "name": "Require(41) node_modules/egg-static/app.js",
    "start": 1565170182391,
    "end": 1565170182392,
    "duration": 1,
    "pid": 15436,
    "index": 50
  },
  {
    "name": "Require(42) node_modules/egg-validate/app.js",
    "start": 1565170182395,
    "end": 1565170182400,
    "duration": 5,
    "pid": 15436,
    "index": 51
  },
  {
    "name": "Require(43) node_modules/egg-cors/app.js",
    "start": 1565170182401,
    "end": 1565170182402,
    "duration": 1,
    "pid": 15436,
    "index": 52
  },
  {
    "name": "Require(44) node_modules/egg-mysql/app.js",
    "start": 1565170182403,
    "end": 1565170182447,
    "duration": 44,
    "pid": 15436,
    "index": 53
  },
  {
    "name": "Before Start in node_modules/egg-watcher/lib/init.js:15:14",
    "start": 1565170182489,
    "end": 1565170183603,
    "duration": 1114,
    "pid": 15436,
    "index": 54
  },
  {
    "name": "Before Start in node_modules/egg-mysql/lib/mysql.js:20:7",
    "start": 1565170182842,
    "end": 1565170183607,
    "duration": 765,
    "pid": 15436,
    "index": 55
  },
  {
    "name": "Load Service",
    "start": 1565170182842,
    "end": 1565170182913,
    "duration": 71,
    "pid": 15436,
    "index": 56
  },
  {
    "name": "Load \"service\" to Context",
    "start": 1565170182843,
    "end": 1565170182913,
    "duration": 70,
    "pid": 15436,
    "index": 57
  },
  {
    "name": "Load Middleware",
    "start": 1565170182913,
    "end": 1565170183436,
    "duration": 523,
    "pid": 15436,
    "index": 58
  },
  {
    "name": "Load \"middlewares\" to Application",
    "start": 1565170182914,
    "end": 1565170183397,
    "duration": 483,
    "pid": 15436,
    "index": 59
  },
  {
    "name": "Load Controller",
    "start": 1565170183439,
    "end": 1565170183519,
    "duration": 80,
    "pid": 15436,
    "index": 60
  },
  {
    "name": "Load \"controller\" to Application",
    "start": 1565170183443,
    "end": 1565170183519,
    "duration": 76,
    "pid": 15436,
    "index": 61
  },
  {
    "name": "Load Router",
    "start": 1565170183519,
    "end": 1565170183526,
    "duration": 7,
    "pid": 15436,
    "index": 62
  },
  {
    "name": "Require(45) app/router.js",
    "start": 1565170183520,
    "end": 1565170183521,
    "duration": 1,
    "pid": 15436,
    "index": 63
  },
  {
    "name": "Before Start in node_modules/egg-core/lib/egg.js:303:10",
    "start": 1565170183522,
    "end": 1565170183563,
    "duration": 41,
    "pid": 15436,
    "index": 64
  }
]