[
  {
    "name": "Application Start",
    "start": 1561425482469,
    "end": 1561425483702,
    "duration": 1233,
    "pid": 6448,
    "index": 0
  },
  {
    "name": "Load Plugin",
    "start": 1561425482477,
    "end": 1561425482513,
    "duration": 36,
    "pid": 6448,
    "index": 1
  },
  {
    "name": "Load Config",
    "start": 1561425482513,
    "end": 1561425482583,
    "duration": 70,
    "pid": 6448,
    "index": 2
  },
  {
    "name": "Require(0) config/config.default.js",
    "start": 1561425482515,
    "end": 1561425482515,
    "duration": 0,
    "pid": 6448,
    "index": 3
  },
  {
    "name": "Require(1) node_modules/egg-session/config/config.default.js",
    "start": 1561425482543,
    "end": 1561425482543,
    "duration": 0,
    "pid": 6448,
    "index": 4
  },
  {
    "name": "Require(2) node_modules/egg-security/config/config.default.js",
    "start": 1561425482544,
    "end": 1561425482544,
    "duration": 0,
    "pid": 6448,
    "index": 5
  },
  {
    "name": "Require(3) node_modules/egg-jsonp/config/config.default.js",
    "start": 1561425482546,
    "end": 1561425482546,
    "duration": 0,
    "pid": 6448,
    "index": 6
  },
  {
    "name": "Require(4) node_modules/egg-onerror/config/config.default.js",
    "start": 1561425482547,
    "end": 1561425482548,
    "duration": 1,
    "pid": 6448,
    "index": 7
  },
  {
    "name": "Require(5) node_modules/egg-i18n/config/config.default.js",
    "start": 1561425482548,
    "end": 1561425482549,
    "duration": 1,
    "pid": 6448,
    "index": 8
  },
  {
    "name": "Require(6) node_modules/egg-watcher/config/config.default.js",
    "start": 1561425482549,
    "end": 1561425482549,
    "duration": 0,
    "pid": 6448,
    "index": 9
  },
  {
    "name": "Require(7) node_modules/egg-schedule/config/config.default.js",
    "start": 1561425482549,
    "end": 1561425482549,
    "duration": 0,
    "pid": 6448,
    "index": 10
  },
  {
    "name": "Require(8) node_modules/egg-multipart/config/config.default.js",
    "start": 1561425482549,
    "end": 1561425482549,
    "duration": 0,
    "pid": 6448,
    "index": 11
  },
  {
    "name": "Require(9) node_modules/egg-logrotator/config/config.default.js",
    "start": 1561425482549,
    "end": 1561425482549,
    "duration": 0,
    "pid": 6448,
    "index": 12
  },
  {
    "name": "Require(10) node_modules/egg-static/config/config.default.js",
    "start": 1561425482549,
    "end": 1561425482559,
    "duration": 10,
    "pid": 6448,
    "index": 13
  },
  {
    "name": "Require(11) node_modules/egg-view/config/config.default.js",
    "start": 1561425482559,
    "end": 1561425482559,
    "duration": 0,
    "pid": 6448,
    "index": 14
  },
  {
    "name": "Require(12) node_modules/egg-cors/config/config.default.js",
    "start": 1561425482559,
    "end": 1561425482559,
    "duration": 0,
    "pid": 6448,
    "index": 15
  },
  {
    "name": "Require(13) node_modules/egg-mysql/config/config.default.js",
    "start": 1561425482559,
    "end": 1561425482559,
    "duration": 0,
    "pid": 6448,
    "index": 16
  },
  {
    "name": "Require(14) node_modules/egg/config/config.default.js",
    "start": 1561425482559,
    "end": 1561425482559,
    "duration": 0,
    "pid": 6448,
    "index": 17
  },
  {
    "name": "Require(15) config/config.default.js",
    "start": 1561425482569,
    "end": 1561425482569,
    "duration": 0,
    "pid": 6448,
    "index": 18
  },
  {
    "name": "Require(16) node_modules/egg-static/config/config.prod.js",
    "start": 1561425482579,
    "end": 1561425482580,
    "duration": 1,
    "pid": 6448,
    "index": 19
  },
  {
    "name": "Load extend/application.js",
    "start": 1561425482590,
    "end": 1561425482621,
    "duration": 31,
    "pid": 6448,
    "index": 20
  },
  {
    "name": "Require(17) node_modules/egg-session/app/extend/application.js",
    "start": 1561425482593,
    "end": 1561425482593,
    "duration": 0,
    "pid": 6448,
    "index": 21
  },
  {
    "name": "Require(18) node_modules/egg-security/app/extend/application.js",
    "start": 1561425482595,
    "end": 1561425482598,
    "duration": 3,
    "pid": 6448,
    "index": 22
  },
  {
    "name": "Require(19) node_modules/egg-jsonp/app/extend/application.js",
    "start": 1561425482600,
    "end": 1561425482603,
    "duration": 3,
    "pid": 6448,
    "index": 23
  },
  {
    "name": "Require(20) node_modules/egg-logrotator/app/extend/application.js",
    "start": 1561425482606,
    "end": 1561425482610,
    "duration": 4,
    "pid": 6448,
    "index": 24
  },
  {
    "name": "Require(21) node_modules/egg-view/app/extend/application.js",
    "start": 1561425482611,
    "end": 1561425482611,
    "duration": 0,
    "pid": 6448,
    "index": 25
  },
  {
    "name": "Load extend/request.js",
    "start": 1561425482621,
    "end": 1561425482639,
    "duration": 18,
    "pid": 6448,
    "index": 26
  },
  {
    "name": "Require(22) node_modules/egg/app/extend/request.js",
    "start": 1561425482634,
    "end": 1561425482635,
    "duration": 1,
    "pid": 6448,
    "index": 27
  },
  {
    "name": "Load extend/response.js",
    "start": 1561425482639,
    "end": 1561425482647,
    "duration": 8,
    "pid": 6448,
    "index": 28
  },
  {
    "name": "Require(23) node_modules/egg/app/extend/response.js",
    "start": 1561425482642,
    "end": 1561425482643,
    "duration": 1,
    "pid": 6448,
    "index": 29
  },
  {
    "name": "Load extend/context.js",
    "start": 1561425482647,
    "end": 1561425482773,
    "duration": 126,
    "pid": 6448,
    "index": 30
  },
  {
    "name": "Require(24) node_modules/egg-security/app/extend/context.js",
    "start": 1561425482648,
    "end": 1561425482662,
    "duration": 14,
    "pid": 6448,
    "index": 31
  },
  {
    "name": "Require(25) node_modules/egg-jsonp/app/extend/context.js",
    "start": 1561425482663,
    "end": 1561425482664,
    "duration": 1,
    "pid": 6448,
    "index": 32
  },
  {
    "name": "Require(26) node_modules/egg-i18n/app/extend/context.js",
    "start": 1561425482665,
    "end": 1561425482666,
    "duration": 1,
    "pid": 6448,
    "index": 33
  },
  {
    "name": "Require(27) node_modules/egg-multipart/app/extend/context.js",
    "start": 1561425482667,
    "end": 1561425482763,
    "duration": 96,
    "pid": 6448,
    "index": 34
  },
  {
    "name": "Require(28) node_modules/egg-view/app/extend/context.js",
    "start": 1561425482764,
    "end": 1561425482765,
    "duration": 1,
    "pid": 6448,
    "index": 35
  },
  {
    "name": "Require(29) node_modules/egg-validate/app/extend/context.js",
    "start": 1561425482766,
    "end": 1561425482766,
    "duration": 0,
    "pid": 6448,
    "index": 36
  },
  {
    "name": "Require(30) node_modules/egg/app/extend/context.js",
    "start": 1561425482767,
    "end": 1561425482769,
    "duration": 2,
    "pid": 6448,
    "index": 37
  },
  {
    "name": "Load extend/helper.js",
    "start": 1561425482773,
    "end": 1561425482840,
    "duration": 67,
    "pid": 6448,
    "index": 38
  },
  {
    "name": "Require(31) node_modules/egg-security/app/extend/helper.js",
    "start": 1561425482774,
    "end": 1561425482826,
    "duration": 52,
    "pid": 6448,
    "index": 39
  },
  {
    "name": "Require(32) node_modules/egg/app/extend/helper.js",
    "start": 1561425482826,
    "end": 1561425482826,
    "duration": 0,
    "pid": 6448,
    "index": 40
  },
  {
    "name": "Load app.js",
    "start": 1561425482843,
    "end": 1561425483032,
    "duration": 189,
    "pid": 6448,
    "index": 41
  },
  {
    "name": "Require(33) node_modules/egg-session/app.js",
    "start": 1561425482844,
    "end": 1561425482844,
    "duration": 0,
    "pid": 6448,
    "index": 42
  },
  {
    "name": "Require(34) node_modules/egg-security/app.js",
    "start": 1561425482846,
    "end": 1561425482854,
    "duration": 8,
    "pid": 6448,
    "index": 43
  },
  {
    "name": "Require(35) node_modules/egg-onerror/app.js",
    "start": 1561425482856,
    "end": 1561425482884,
    "duration": 28,
    "pid": 6448,
    "index": 44
  },
  {
    "name": "Require(36) node_modules/egg-i18n/app.js",
    "start": 1561425482884,
    "end": 1561425482921,
    "duration": 37,
    "pid": 6448,
    "index": 45
  },
  {
    "name": "Require(37) node_modules/egg-watcher/app.js",
    "start": 1561425482923,
    "end": 1561425482934,
    "duration": 11,
    "pid": 6448,
    "index": 46
  },
  {
    "name": "Require(38) node_modules/egg-schedule/app.js",
    "start": 1561425482934,
    "end": 1561425482936,
    "duration": 2,
    "pid": 6448,
    "index": 47
  },
  {
    "name": "Require(39) node_modules/egg-multipart/app.js",
    "start": 1561425482937,
    "end": 1561425482940,
    "duration": 3,
    "pid": 6448,
    "index": 48
  },
  {
    "name": "Require(40) node_modules/egg-logrotator/app.js",
    "start": 1561425482945,
    "end": 1561425482946,
    "duration": 1,
    "pid": 6448,
    "index": 49
  },
  {
    "name": "Require(41) node_modules/egg-static/app.js",
    "start": 1561425482946,
    "end": 1561425482947,
    "duration": 1,
    "pid": 6448,
    "index": 50
  },
  {
    "name": "Require(42) node_modules/egg-validate/app.js",
    "start": 1561425482949,
    "end": 1561425482957,
    "duration": 8,
    "pid": 6448,
    "index": 51
  },
  {
    "name": "Require(43) node_modules/egg-cors/app.js",
    "start": 1561425482957,
    "end": 1561425482957,
    "duration": 0,
    "pid": 6448,
    "index": 52
  },
  {
    "name": "Require(44) node_modules/egg-mysql/app.js",
    "start": 1561425482957,
    "end": 1561425483030,
    "duration": 73,
    "pid": 6448,
    "index": 53
  },
  {
    "name": "Before Start in node_modules/egg-watcher/lib/init.js:15:14",
    "start": 1561425483074,
    "end": 1561425483665,
    "duration": 591,
    "pid": 6448,
    "index": 54
  },
  {
    "name": "Before Start in node_modules/egg-mysql/lib/mysql.js:20:7",
    "start": 1561425483266,
    "end": 1561425483701,
    "duration": 435,
    "pid": 6448,
    "index": 55
  },
  {
    "name": "Load Service",
    "start": 1561425483266,
    "end": 1561425483298,
    "duration": 32,
    "pid": 6448,
    "index": 56
  },
  {
    "name": "Load \"service\" to Context",
    "start": 1561425483266,
    "end": 1561425483298,
    "duration": 32,
    "pid": 6448,
    "index": 57
  },
  {
    "name": "Load Middleware",
    "start": 1561425483299,
    "end": 1561425483466,
    "duration": 167,
    "pid": 6448,
    "index": 58
  },
  {
    "name": "Load \"middlewares\" to Application",
    "start": 1561425483299,
    "end": 1561425483446,
    "duration": 147,
    "pid": 6448,
    "index": 59
  },
  {
    "name": "Load Controller",
    "start": 1561425483466,
    "end": 1561425483510,
    "duration": 44,
    "pid": 6448,
    "index": 60
  },
  {
    "name": "Load \"controller\" to Application",
    "start": 1561425483466,
    "end": 1561425483510,
    "duration": 44,
    "pid": 6448,
    "index": 61
  },
  {
    "name": "Load Router",
    "start": 1561425483510,
    "end": 1561425483517,
    "duration": 7,
    "pid": 6448,
    "index": 62
  },
  {
    "name": "Require(45) app/router.js",
    "start": 1561425483511,
    "end": 1561425483511,
    "duration": 0,
    "pid": 6448,
    "index": 63
  },
  {
    "name": "Before Start in node_modules/egg-core/lib/egg.js:303:10",
    "start": 1561425483513,
    "end": 1561425483578,
    "duration": 65,
    "pid": 6448,
    "index": 64
  }
]