[
  {
    "name": "Application Start",
    "start": 1565170181528,
    "end": 1565170183493,
    "duration": 1965,
    "pid": 12384,
    "index": 0
  },
  {
    "name": "Load Plugin",
    "start": 1565170181544,
    "end": 1565170181639,
    "duration": 95,
    "pid": 12384,
    "index": 1
  },
  {
    "name": "Load Config",
    "start": 1565170181639,
    "end": 1565170181703,
    "duration": 64,
    "pid": 12384,
    "index": 2
  },
  {
    "name": "Require(0) config/config.default.js",
    "start": 1565170181641,
    "end": 1565170181642,
    "duration": 1,
    "pid": 12384,
    "index": 3
  },
  {
    "name": "Require(1) node_modules/egg-session/config/config.default.js",
    "start": 1565170181647,
    "end": 1565170181647,
    "duration": 0,
    "pid": 12384,
    "index": 4
  },
  {
    "name": "Require(2) node_modules/egg-security/config/config.default.js",
    "start": 1565170181649,
    "end": 1565170181650,
    "duration": 1,
    "pid": 12384,
    "index": 5
  },
  {
    "name": "Require(3) node_modules/egg-jsonp/config/config.default.js",
    "start": 1565170181653,
    "end": 1565170181653,
    "duration": 0,
    "pid": 12384,
    "index": 6
  },
  {
    "name": "Require(4) node_modules/egg-onerror/config/config.default.js",
    "start": 1565170181655,
    "end": 1565170181656,
    "duration": 1,
    "pid": 12384,
    "index": 7
  },
  {
    "name": "Require(5) node_modules/egg-i18n/config/config.default.js",
    "start": 1565170181658,
    "end": 1565170181658,
    "duration": 0,
    "pid": 12384,
    "index": 8
  },
  {
    "name": "Require(6) node_modules/egg-watcher/config/config.default.js",
    "start": 1565170181660,
    "end": 1565170181661,
    "duration": 1,
    "pid": 12384,
    "index": 9
  },
  {
    "name": "Require(7) node_modules/egg-schedule/config/config.default.js",
    "start": 1565170181663,
    "end": 1565170181663,
    "duration": 0,
    "pid": 12384,
    "index": 10
  },
  {
    "name": "Require(8) node_modules/egg-multipart/config/config.default.js",
    "start": 1565170181665,
    "end": 1565170181666,
    "duration": 1,
    "pid": 12384,
    "index": 11
  },
  {
    "name": "Require(9) node_modules/egg-logrotator/config/config.default.js",
    "start": 1565170181668,
    "end": 1565170181669,
    "duration": 1,
    "pid": 12384,
    "index": 12
  },
  {
    "name": "Require(10) node_modules/egg-static/config/config.default.js",
    "start": 1565170181671,
    "end": 1565170181671,
    "duration": 0,
    "pid": 12384,
    "index": 13
  },
  {
    "name": "Require(11) node_modules/egg-view/config/config.default.js",
    "start": 1565170181673,
    "end": 1565170181674,
    "duration": 1,
    "pid": 12384,
    "index": 14
  },
  {
    "name": "Require(12) node_modules/egg-cors/config/config.default.js",
    "start": 1565170181677,
    "end": 1565170181678,
    "duration": 1,
    "pid": 12384,
    "index": 15
  },
  {
    "name": "Require(13) node_modules/egg-mysql/config/config.default.js",
    "start": 1565170181680,
    "end": 1565170181680,
    "duration": 0,
    "pid": 12384,
    "index": 16
  },
  {
    "name": "Require(14) node_modules/egg/config/config.default.js",
    "start": 1565170181682,
    "end": 1565170181683,
    "duration": 1,
    "pid": 12384,
    "index": 17
  },
  {
    "name": "Require(15) config/config.default.js",
    "start": 1565170181685,
    "end": 1565170181685,
    "duration": 0,
    "pid": 12384,
    "index": 18
  },
  {
    "name": "Require(16) node_modules/egg-static/config/config.prod.js",
    "start": 1565170181696,
    "end": 1565170181697,
    "duration": 1,
    "pid": 12384,
    "index": 19
  },
  {
    "name": "Load extend/application.js",
    "start": 1565170181705,
    "end": 1565170181777,
    "duration": 72,
    "pid": 12384,
    "index": 20
  },
  {
    "name": "Require(17) node_modules/egg-session/app/extend/application.js",
    "start": 1565170181707,
    "end": 1565170181708,
    "duration": 1,
    "pid": 12384,
    "index": 21
  },
  {
    "name": "Require(18) node_modules/egg-security/app/extend/application.js",
    "start": 1565170181710,
    "end": 1565170181713,
    "duration": 3,
    "pid": 12384,
    "index": 22
  },
  {
    "name": "Require(19) node_modules/egg-jsonp/app/extend/application.js",
    "start": 1565170181715,
    "end": 1565170181722,
    "duration": 7,
    "pid": 12384,
    "index": 23
  },
  {
    "name": "Require(20) node_modules/egg-logrotator/app/extend/application.js",
    "start": 1565170181727,
    "end": 1565170181753,
    "duration": 26,
    "pid": 12384,
    "index": 24
  },
  {
    "name": "Require(21) node_modules/egg-view/app/extend/application.js",
    "start": 1565170181755,
    "end": 1565170181760,
    "duration": 5,
    "pid": 12384,
    "index": 25
  },
  {
    "name": "Load extend/request.js",
    "start": 1565170181777,
    "end": 1565170181810,
    "duration": 33,
    "pid": 12384,
    "index": 26
  },
  {
    "name": "Require(22) node_modules/egg/app/extend/request.js",
    "start": 1565170181791,
    "end": 1565170181796,
    "duration": 5,
    "pid": 12384,
    "index": 27
  },
  {
    "name": "Load extend/response.js",
    "start": 1565170181810,
    "end": 1565170181850,
    "duration": 40,
    "pid": 12384,
    "index": 28
  },
  {
    "name": "Require(23) node_modules/egg/app/extend/response.js",
    "start": 1565170181825,
    "end": 1565170181834,
    "duration": 9,
    "pid": 12384,
    "index": 29
  },
  {
    "name": "Load extend/context.js",
    "start": 1565170181850,
    "end": 1565170182075,
    "duration": 225,
    "pid": 12384,
    "index": 30
  },
  {
    "name": "Require(24) node_modules/egg-security/app/extend/context.js",
    "start": 1565170181853,
    "end": 1565170181917,
    "duration": 64,
    "pid": 12384,
    "index": 31
  },
  {
    "name": "Require(25) node_modules/egg-jsonp/app/extend/context.js",
    "start": 1565170181918,
    "end": 1565170181923,
    "duration": 5,
    "pid": 12384,
    "index": 32
  },
  {
    "name": "Require(26) node_modules/egg-i18n/app/extend/context.js",
    "start": 1565170181926,
    "end": 1565170181927,
    "duration": 1,
    "pid": 12384,
    "index": 33
  },
  {
    "name": "Require(27) node_modules/egg-multipart/app/extend/context.js",
    "start": 1565170181930,
    "end": 1565170182038,
    "duration": 108,
    "pid": 12384,
    "index": 34
  },
  {
    "name": "Require(28) node_modules/egg-view/app/extend/context.js",
    "start": 1565170182041,
    "end": 1565170182044,
    "duration": 3,
    "pid": 12384,
    "index": 35
  },
  {
    "name": "Require(29) node_modules/egg-validate/app/extend/context.js",
    "start": 1565170182046,
    "end": 1565170182047,
    "duration": 1,
    "pid": 12384,
    "index": 36
  },
  {
    "name": "Require(30) node_modules/egg/app/extend/context.js",
    "start": 1565170182049,
    "end": 1565170182061,
    "duration": 12,
    "pid": 12384,
    "index": 37
  },
  {
    "name": "Load extend/helper.js",
    "start": 1565170182075,
    "end": 1565170182163,
    "duration": 88,
    "pid": 12384,
    "index": 38
  },
  {
    "name": "Require(31) node_modules/egg-security/app/extend/helper.js",
    "start": 1565170182077,
    "end": 1565170182136,
    "duration": 59,
    "pid": 12384,
    "index": 39
  },
  {
    "name": "Require(32) node_modules/egg/app/extend/helper.js",
    "start": 1565170182147,
    "end": 1565170182148,
    "duration": 1,
    "pid": 12384,
    "index": 40
  },
  {
    "name": "Load app.js",
    "start": 1565170182164,
    "end": 1565170182357,
    "duration": 193,
    "pid": 12384,
    "index": 41
  },
  {
    "name": "Require(33) node_modules/egg-session/app.js",
    "start": 1565170182165,
    "end": 1565170182165,
    "duration": 0,
    "pid": 12384,
    "index": 42
  },
  {
    "name": "Require(34) node_modules/egg-security/app.js",
    "start": 1565170182167,
    "end": 1565170182175,
    "duration": 8,
    "pid": 12384,
    "index": 43
  },
  {
    "name": "Require(35) node_modules/egg-onerror/app.js",
    "start": 1565170182178,
    "end": 1565170182215,
    "duration": 37,
    "pid": 12384,
    "index": 44
  },
  {
    "name": "Require(36) node_modules/egg-i18n/app.js",
    "start": 1565170182217,
    "end": 1565170182257,
    "duration": 40,
    "pid": 12384,
    "index": 45
  },
  {
    "name": "Require(37) node_modules/egg-watcher/app.js",
    "start": 1565170182258,
    "end": 1565170182272,
    "duration": 14,
    "pid": 12384,
    "index": 46
  },
  {
    "name": "Require(38) node_modules/egg-schedule/app.js",
    "start": 1565170182273,
    "end": 1565170182280,
    "duration": 7,
    "pid": 12384,
    "index": 47
  },
  {
    "name": "Require(39) node_modules/egg-multipart/app.js",
    "start": 1565170182281,
    "end": 1565170182292,
    "duration": 11,
    "pid": 12384,
    "index": 48
  },
  {
    "name": "Require(40) node_modules/egg-logrotator/app.js",
    "start": 1565170182293,
    "end": 1565170182294,
    "duration": 1,
    "pid": 12384,
    "index": 49
  },
  {
    "name": "Require(41) node_modules/egg-static/app.js",
    "start": 1565170182295,
    "end": 1565170182296,
    "duration": 1,
    "pid": 12384,
    "index": 50
  },
  {
    "name": "Require(42) node_modules/egg-validate/app.js",
    "start": 1565170182298,
    "end": 1565170182304,
    "duration": 6,
    "pid": 12384,
    "index": 51
  },
  {
    "name": "Require(43) node_modules/egg-cors/app.js",
    "start": 1565170182305,
    "end": 1565170182306,
    "duration": 1,
    "pid": 12384,
    "index": 52
  },
  {
    "name": "Require(44) node_modules/egg-mysql/app.js",
    "start": 1565170182307,
    "end": 1565170182352,
    "duration": 45,
    "pid": 12384,
    "index": 53
  },
  {
    "name": "Before Start in node_modules/egg-watcher/lib/init.js:15:14",
    "start": 1565170182394,
    "end": 1565170183484,
    "duration": 1090,
    "pid": 12384,
    "index": 54
  },
  {
    "name": "Before Start in node_modules/egg-mysql/lib/mysql.js:20:7",
    "start": 1565170182723,
    "end": 1565170183490,
    "duration": 767,
    "pid": 12384,
    "index": 55
  },
  {
    "name": "Load Service",
    "start": 1565170182724,
    "end": 1565170182792,
    "duration": 68,
    "pid": 12384,
    "index": 56
  },
  {
    "name": "Load \"service\" to Context",
    "start": 1565170182724,
    "end": 1565170182792,
    "duration": 68,
    "pid": 12384,
    "index": 57
  },
  {
    "name": "Load Middleware",
    "start": 1565170182792,
    "end": 1565170183327,
    "duration": 535,
    "pid": 12384,
    "index": 58
  },
  {
    "name": "Load \"middlewares\" to Application",
    "start": 1565170182793,
    "end": 1565170183286,
    "duration": 493,
    "pid": 12384,
    "index": 59
  },
  {
    "name": "Load Controller",
    "start": 1565170183327,
    "end": 1565170183385,
    "duration": 58,
    "pid": 12384,
    "index": 60
  },
  {
    "name": "Load \"controller\" to Application",
    "start": 1565170183327,
    "end": 1565170183385,
    "duration": 58,
    "pid": 12384,
    "index": 61
  },
  {
    "name": "Load Router",
    "start": 1565170183386,
    "end": 1565170183394,
    "duration": 8,
    "pid": 12384,
    "index": 62
  },
  {
    "name": "Require(45) app/router.js",
    "start": 1565170183387,
    "end": 1565170183388,
    "duration": 1,
    "pid": 12384,
    "index": 63
  },
  {
    "name": "Before Start in node_modules/egg-core/lib/egg.js:303:10",
    "start": 1565170183389,
    "end": 1565170183442,
    "duration": 53,
    "pid": 12384,
    "index": 64
  }
]