[
  {
    "name": "Application Start",
    "start": 1565156599069,
    "end": 1565156600970,
    "duration": 1901,
    "pid": 22076,
    "index": 0
  },
  {
    "name": "Load Plugin",
    "start": 1565156599086,
    "end": 1565156599171,
    "duration": 85,
    "pid": 22076,
    "index": 1
  },
  {
    "name": "Load Config",
    "start": 1565156599172,
    "end": 1565156599233,
    "duration": 61,
    "pid": 22076,
    "index": 2
  },
  {
    "name": "Require(0) config/config.default.js",
    "start": 1565156599174,
    "end": 1565156599174,
    "duration": 0,
    "pid": 22076,
    "index": 3
  },
  {
    "name": "Require(1) node_modules/egg-session/config/config.default.js",
    "start": 1565156599179,
    "end": 1565156599179,
    "duration": 0,
    "pid": 22076,
    "index": 4
  },
  {
    "name": "Require(2) node_modules/egg-security/config/config.default.js",
    "start": 1565156599181,
    "end": 1565156599182,
    "duration": 1,
    "pid": 22076,
    "index": 5
  },
  {
    "name": "Require(3) node_modules/egg-jsonp/config/config.default.js",
    "start": 1565156599185,
    "end": 1565156599185,
    "duration": 0,
    "pid": 22076,
    "index": 6
  },
  {
    "name": "Require(4) node_modules/egg-onerror/config/config.default.js",
    "start": 1565156599187,
    "end": 1565156599188,
    "duration": 1,
    "pid": 22076,
    "index": 7
  },
  {
    "name": "Require(5) node_modules/egg-i18n/config/config.default.js",
    "start": 1565156599190,
    "end": 1565156599191,
    "duration": 1,
    "pid": 22076,
    "index": 8
  },
  {
    "name": "Require(6) node_modules/egg-watcher/config/config.default.js",
    "start": 1565156599193,
    "end": 1565156599193,
    "duration": 0,
    "pid": 22076,
    "index": 9
  },
  {
    "name": "Require(7) node_modules/egg-schedule/config/config.default.js",
    "start": 1565156599195,
    "end": 1565156599196,
    "duration": 1,
    "pid": 22076,
    "index": 10
  },
  {
    "name": "Require(8) node_modules/egg-multipart/config/config.default.js",
    "start": 1565156599198,
    "end": 1565156599198,
    "duration": 0,
    "pid": 22076,
    "index": 11
  },
  {
    "name": "Require(9) node_modules/egg-logrotator/config/config.default.js",
    "start": 1565156599201,
    "end": 1565156599201,
    "duration": 0,
    "pid": 22076,
    "index": 12
  },
  {
    "name": "Require(10) node_modules/egg-static/config/config.default.js",
    "start": 1565156599203,
    "end": 1565156599204,
    "duration": 1,
    "pid": 22076,
    "index": 13
  },
  {
    "name": "Require(11) node_modules/egg-view/config/config.default.js",
    "start": 1565156599206,
    "end": 1565156599206,
    "duration": 0,
    "pid": 22076,
    "index": 14
  },
  {
    "name": "Require(12) node_modules/egg-cors/config/config.default.js",
    "start": 1565156599209,
    "end": 1565156599210,
    "duration": 1,
    "pid": 22076,
    "index": 15
  },
  {
    "name": "Require(13) node_modules/egg-mysql/config/config.default.js",
    "start": 1565156599212,
    "end": 1565156599212,
    "duration": 0,
    "pid": 22076,
    "index": 16
  },
  {
    "name": "Require(14) node_modules/egg/config/config.default.js",
    "start": 1565156599213,
    "end": 1565156599214,
    "duration": 1,
    "pid": 22076,
    "index": 17
  },
  {
    "name": "Require(15) config/config.default.js",
    "start": 1565156599217,
    "end": 1565156599217,
    "duration": 0,
    "pid": 22076,
    "index": 18
  },
  {
    "name": "Require(16) node_modules/egg-static/config/config.prod.js",
    "start": 1565156599227,
    "end": 1565156599228,
    "duration": 1,
    "pid": 22076,
    "index": 19
  },
  {
    "name": "Load extend/application.js",
    "start": 1565156599235,
    "end": 1565156599304,
    "duration": 69,
    "pid": 22076,
    "index": 20
  },
  {
    "name": "Require(17) node_modules/egg-session/app/extend/application.js",
    "start": 1565156599237,
    "end": 1565156599238,
    "duration": 1,
    "pid": 22076,
    "index": 21
  },
  {
    "name": "Require(18) node_modules/egg-security/app/extend/application.js",
    "start": 1565156599240,
    "end": 1565156599243,
    "duration": 3,
    "pid": 22076,
    "index": 22
  },
  {
    "name": "Require(19) node_modules/egg-jsonp/app/extend/application.js",
    "start": 1565156599245,
    "end": 1565156599250,
    "duration": 5,
    "pid": 22076,
    "index": 23
  },
  {
    "name": "Require(20) node_modules/egg-logrotator/app/extend/application.js",
    "start": 1565156599256,
    "end": 1565156599280,
    "duration": 24,
    "pid": 22076,
    "index": 24
  },
  {
    "name": "Require(21) node_modules/egg-view/app/extend/application.js",
    "start": 1565156599282,
    "end": 1565156599286,
    "duration": 4,
    "pid": 22076,
    "index": 25
  },
  {
    "name": "Load extend/request.js",
    "start": 1565156599304,
    "end": 1565156599337,
    "duration": 33,
    "pid": 22076,
    "index": 26
  },
  {
    "name": "Require(22) node_modules/egg/app/extend/request.js",
    "start": 1565156599317,
    "end": 1565156599322,
    "duration": 5,
    "pid": 22076,
    "index": 27
  },
  {
    "name": "Load extend/response.js",
    "start": 1565156599337,
    "end": 1565156599373,
    "duration": 36,
    "pid": 22076,
    "index": 28
  },
  {
    "name": "Require(23) node_modules/egg/app/extend/response.js",
    "start": 1565156599353,
    "end": 1565156599360,
    "duration": 7,
    "pid": 22076,
    "index": 29
  },
  {
    "name": "Load extend/context.js",
    "start": 1565156599373,
    "end": 1565156599581,
    "duration": 208,
    "pid": 22076,
    "index": 30
  },
  {
    "name": "Require(24) node_modules/egg-security/app/extend/context.js",
    "start": 1565156599376,
    "end": 1565156599431,
    "duration": 55,
    "pid": 22076,
    "index": 31
  },
  {
    "name": "Require(25) node_modules/egg-jsonp/app/extend/context.js",
    "start": 1565156599432,
    "end": 1565156599437,
    "duration": 5,
    "pid": 22076,
    "index": 32
  },
  {
    "name": "Require(26) node_modules/egg-i18n/app/extend/context.js",
    "start": 1565156599439,
    "end": 1565156599440,
    "duration": 1,
    "pid": 22076,
    "index": 33
  },
  {
    "name": "Require(27) node_modules/egg-multipart/app/extend/context.js",
    "start": 1565156599443,
    "end": 1565156599547,
    "duration": 104,
    "pid": 22076,
    "index": 34
  },
  {
    "name": "Require(28) node_modules/egg-view/app/extend/context.js",
    "start": 1565156599550,
    "end": 1565156599553,
    "duration": 3,
    "pid": 22076,
    "index": 35
  },
  {
    "name": "Require(29) node_modules/egg-validate/app/extend/context.js",
    "start": 1565156599554,
    "end": 1565156599555,
    "duration": 1,
    "pid": 22076,
    "index": 36
  },
  {
    "name": "Require(30) node_modules/egg/app/extend/context.js",
    "start": 1565156599558,
    "end": 1565156599567,
    "duration": 9,
    "pid": 22076,
    "index": 37
  },
  {
    "name": "Load extend/helper.js",
    "start": 1565156599581,
    "end": 1565156599661,
    "duration": 80,
    "pid": 22076,
    "index": 38
  },
  {
    "name": "Require(31) node_modules/egg-security/app/extend/helper.js",
    "start": 1565156599583,
    "end": 1565156599636,
    "duration": 53,
    "pid": 22076,
    "index": 39
  },
  {
    "name": "Require(32) node_modules/egg/app/extend/helper.js",
    "start": 1565156599646,
    "end": 1565156599647,
    "duration": 1,
    "pid": 22076,
    "index": 40
  },
  {
    "name": "Load app.js",
    "start": 1565156599661,
    "end": 1565156599852,
    "duration": 191,
    "pid": 22076,
    "index": 41
  },
  {
    "name": "Require(33) node_modules/egg-session/app.js",
    "start": 1565156599662,
    "end": 1565156599663,
    "duration": 1,
    "pid": 22076,
    "index": 42
  },
  {
    "name": "Require(34) node_modules/egg-security/app.js",
    "start": 1565156599664,
    "end": 1565156599671,
    "duration": 7,
    "pid": 22076,
    "index": 43
  },
  {
    "name": "Require(35) node_modules/egg-onerror/app.js",
    "start": 1565156599674,
    "end": 1565156599710,
    "duration": 36,
    "pid": 22076,
    "index": 44
  },
  {
    "name": "Require(36) node_modules/egg-i18n/app.js",
    "start": 1565156599711,
    "end": 1565156599748,
    "duration": 37,
    "pid": 22076,
    "index": 45
  },
  {
    "name": "Require(37) node_modules/egg-watcher/app.js",
    "start": 1565156599749,
    "end": 1565156599764,
    "duration": 15,
    "pid": 22076,
    "index": 46
  },
  {
    "name": "Require(38) node_modules/egg-schedule/app.js",
    "start": 1565156599765,
    "end": 1565156599772,
    "duration": 7,
    "pid": 22076,
    "index": 47
  },
  {
    "name": "Require(39) node_modules/egg-multipart/app.js",
    "start": 1565156599773,
    "end": 1565156599785,
    "duration": 12,
    "pid": 22076,
    "index": 48
  },
  {
    "name": "Require(40) node_modules/egg-logrotator/app.js",
    "start": 1565156599787,
    "end": 1565156599789,
    "duration": 2,
    "pid": 22076,
    "index": 49
  },
  {
    "name": "Require(41) node_modules/egg-static/app.js",
    "start": 1565156599790,
    "end": 1565156599791,
    "duration": 1,
    "pid": 22076,
    "index": 50
  },
  {
    "name": "Require(42) node_modules/egg-validate/app.js",
    "start": 1565156599794,
    "end": 1565156599800,
    "duration": 6,
    "pid": 22076,
    "index": 51
  },
  {
    "name": "Require(43) node_modules/egg-cors/app.js",
    "start": 1565156599801,
    "end": 1565156599802,
    "duration": 1,
    "pid": 22076,
    "index": 52
  },
  {
    "name": "Require(44) node_modules/egg-mysql/app.js",
    "start": 1565156599803,
    "end": 1565156599847,
    "duration": 44,
    "pid": 22076,
    "index": 53
  },
  {
    "name": "Before Start in node_modules/egg-watcher/lib/init.js:15:14",
    "start": 1565156599886,
    "end": 1565156600947,
    "duration": 1061,
    "pid": 22076,
    "index": 54
  },
  {
    "name": "Before Start in node_modules/egg-mysql/lib/mysql.js:20:7",
    "start": 1565156600185,
    "end": 1565156600969,
    "duration": 784,
    "pid": 22076,
    "index": 55
  },
  {
    "name": "Load Service",
    "start": 1565156600186,
    "end": 1565156600247,
    "duration": 61,
    "pid": 22076,
    "index": 56
  },
  {
    "name": "Load \"service\" to Context",
    "start": 1565156600186,
    "end": 1565156600247,
    "duration": 61,
    "pid": 22076,
    "index": 57
  },
  {
    "name": "Load Middleware",
    "start": 1565156600247,
    "end": 1565156600825,
    "duration": 578,
    "pid": 22076,
    "index": 58
  },
  {
    "name": "Load \"middlewares\" to Application",
    "start": 1565156600247,
    "end": 1565156600784,
    "duration": 537,
    "pid": 22076,
    "index": 59
  },
  {
    "name": "Load Controller",
    "start": 1565156600825,
    "end": 1565156600892,
    "duration": 67,
    "pid": 22076,
    "index": 60
  },
  {
    "name": "Load \"controller\" to Application",
    "start": 1565156600825,
    "end": 1565156600891,
    "duration": 66,
    "pid": 22076,
    "index": 61
  },
  {
    "name": "Load Router",
    "start": 1565156600892,
    "end": 1565156600900,
    "duration": 8,
    "pid": 22076,
    "index": 62
  },
  {
    "name": "Require(45) app/router.js",
    "start": 1565156600893,
    "end": 1565156600894,
    "duration": 1,
    "pid": 22076,
    "index": 63
  },
  {
    "name": "Before Start in node_modules/egg-core/lib/egg.js:303:10",
    "start": 1565156600895,
    "end": 1565156600925,
    "duration": 30,
    "pid": 22076,
    "index": 64
  }
]