[
  {
    "name": "Application Start",
    "start": 1565061137910,
    "end": 1565061139901,
    "duration": 1991,
    "pid": 15512,
    "index": 0
  },
  {
    "name": "Load Plugin",
    "start": 1565061137925,
    "end": 1565061138015,
    "duration": 90,
    "pid": 15512,
    "index": 1
  },
  {
    "name": "Load Config",
    "start": 1565061138016,
    "end": 1565061138091,
    "duration": 75,
    "pid": 15512,
    "index": 2
  },
  {
    "name": "Require(0) config/config.default.js",
    "start": 1565061138018,
    "end": 1565061138018,
    "duration": 0,
    "pid": 15512,
    "index": 3
  },
  {
    "name": "Require(1) node_modules/egg-session/config/config.default.js",
    "start": 1565061138023,
    "end": 1565061138024,
    "duration": 1,
    "pid": 15512,
    "index": 4
  },
  {
    "name": "Require(2) node_modules/egg-security/config/config.default.js",
    "start": 1565061138026,
    "end": 1565061138026,
    "duration": 0,
    "pid": 15512,
    "index": 5
  },
  {
    "name": "Require(3) node_modules/egg-jsonp/config/config.default.js",
    "start": 1565061138029,
    "end": 1565061138030,
    "duration": 1,
    "pid": 15512,
    "index": 6
  },
  {
    "name": "Require(4) node_modules/egg-onerror/config/config.default.js",
    "start": 1565061138032,
    "end": 1565061138032,
    "duration": 0,
    "pid": 15512,
    "index": 7
  },
  {
    "name": "Require(5) node_modules/egg-i18n/config/config.default.js",
    "start": 1565061138034,
    "end": 1565061138035,
    "duration": 1,
    "pid": 15512,
    "index": 8
  },
  {
    "name": "Require(6) node_modules/egg-watcher/config/config.default.js",
    "start": 1565061138037,
    "end": 1565061138037,
    "duration": 0,
    "pid": 15512,
    "index": 9
  },
  {
    "name": "Require(7) node_modules/egg-schedule/config/config.default.js",
    "start": 1565061138039,
    "end": 1565061138040,
    "duration": 1,
    "pid": 15512,
    "index": 10
  },
  {
    "name": "Require(8) node_modules/egg-multipart/config/config.default.js",
    "start": 1565061138042,
    "end": 1565061138043,
    "duration": 1,
    "pid": 15512,
    "index": 11
  },
  {
    "name": "Require(9) node_modules/egg-logrotator/config/config.default.js",
    "start": 1565061138045,
    "end": 1565061138046,
    "duration": 1,
    "pid": 15512,
    "index": 12
  },
  {
    "name": "Require(10) node_modules/egg-static/config/config.default.js",
    "start": 1565061138048,
    "end": 1565061138049,
    "duration": 1,
    "pid": 15512,
    "index": 13
  },
  {
    "name": "Require(11) node_modules/egg-view/config/config.default.js",
    "start": 1565061138051,
    "end": 1565061138052,
    "duration": 1,
    "pid": 15512,
    "index": 14
  },
  {
    "name": "Require(12) node_modules/egg-cors/config/config.default.js",
    "start": 1565061138056,
    "end": 1565061138057,
    "duration": 1,
    "pid": 15512,
    "index": 15
  },
  {
    "name": "Require(13) node_modules/egg-mysql/config/config.default.js",
    "start": 1565061138059,
    "end": 1565061138060,
    "duration": 1,
    "pid": 15512,
    "index": 16
  },
  {
    "name": "Require(14) node_modules/egg/config/config.default.js",
    "start": 1565061138064,
    "end": 1565061138066,
    "duration": 2,
    "pid": 15512,
    "index": 17
  },
  {
    "name": "Require(15) config/config.default.js",
    "start": 1565061138070,
    "end": 1565061138071,
    "duration": 1,
    "pid": 15512,
    "index": 18
  },
  {
    "name": "Require(16) node_modules/egg-static/config/config.prod.js",
    "start": 1565061138084,
    "end": 1565061138085,
    "duration": 1,
    "pid": 15512,
    "index": 19
  },
  {
    "name": "Load extend/application.js",
    "start": 1565061138093,
    "end": 1565061138177,
    "duration": 84,
    "pid": 15512,
    "index": 20
  },
  {
    "name": "Require(17) node_modules/egg-session/app/extend/application.js",
    "start": 1565061138095,
    "end": 1565061138097,
    "duration": 2,
    "pid": 15512,
    "index": 21
  },
  {
    "name": "Require(18) node_modules/egg-security/app/extend/application.js",
    "start": 1565061138100,
    "end": 1565061138105,
    "duration": 5,
    "pid": 15512,
    "index": 22
  },
  {
    "name": "Require(19) node_modules/egg-jsonp/app/extend/application.js",
    "start": 1565061138107,
    "end": 1565061138119,
    "duration": 12,
    "pid": 15512,
    "index": 23
  },
  {
    "name": "Require(20) node_modules/egg-logrotator/app/extend/application.js",
    "start": 1565061138126,
    "end": 1565061138152,
    "duration": 26,
    "pid": 15512,
    "index": 24
  },
  {
    "name": "Require(21) node_modules/egg-view/app/extend/application.js",
    "start": 1565061138155,
    "end": 1565061138159,
    "duration": 4,
    "pid": 15512,
    "index": 25
  },
  {
    "name": "Load extend/request.js",
    "start": 1565061138177,
    "end": 1565061138210,
    "duration": 33,
    "pid": 15512,
    "index": 26
  },
  {
    "name": "Require(22) node_modules/egg/app/extend/request.js",
    "start": 1565061138191,
    "end": 1565061138196,
    "duration": 5,
    "pid": 15512,
    "index": 27
  },
  {
    "name": "Load extend/response.js",
    "start": 1565061138210,
    "end": 1565061138245,
    "duration": 35,
    "pid": 15512,
    "index": 28
  },
  {
    "name": "Require(23) node_modules/egg/app/extend/response.js",
    "start": 1565061138223,
    "end": 1565061138230,
    "duration": 7,
    "pid": 15512,
    "index": 29
  },
  {
    "name": "Load extend/context.js",
    "start": 1565061138245,
    "end": 1565061138470,
    "duration": 225,
    "pid": 15512,
    "index": 30
  },
  {
    "name": "Require(24) node_modules/egg-security/app/extend/context.js",
    "start": 1565061138247,
    "end": 1565061138311,
    "duration": 64,
    "pid": 15512,
    "index": 31
  },
  {
    "name": "Require(25) node_modules/egg-jsonp/app/extend/context.js",
    "start": 1565061138312,
    "end": 1565061138318,
    "duration": 6,
    "pid": 15512,
    "index": 32
  },
  {
    "name": "Require(26) node_modules/egg-i18n/app/extend/context.js",
    "start": 1565061138320,
    "end": 1565061138321,
    "duration": 1,
    "pid": 15512,
    "index": 33
  },
  {
    "name": "Require(27) node_modules/egg-multipart/app/extend/context.js",
    "start": 1565061138324,
    "end": 1565061138435,
    "duration": 111,
    "pid": 15512,
    "index": 34
  },
  {
    "name": "Require(28) node_modules/egg-view/app/extend/context.js",
    "start": 1565061138438,
    "end": 1565061138441,
    "duration": 3,
    "pid": 15512,
    "index": 35
  },
  {
    "name": "Require(29) node_modules/egg-validate/app/extend/context.js",
    "start": 1565061138443,
    "end": 1565061138444,
    "duration": 1,
    "pid": 15512,
    "index": 36
  },
  {
    "name": "Require(30) node_modules/egg/app/extend/context.js",
    "start": 1565061138447,
    "end": 1565061138457,
    "duration": 10,
    "pid": 15512,
    "index": 37
  },
  {
    "name": "Load extend/helper.js",
    "start": 1565061138470,
    "end": 1565061138558,
    "duration": 88,
    "pid": 15512,
    "index": 38
  },
  {
    "name": "Require(31) node_modules/egg-security/app/extend/helper.js",
    "start": 1565061138473,
    "end": 1565061138527,
    "duration": 54,
    "pid": 15512,
    "index": 39
  },
  {
    "name": "Require(32) node_modules/egg/app/extend/helper.js",
    "start": 1565061138542,
    "end": 1565061138543,
    "duration": 1,
    "pid": 15512,
    "index": 40
  },
  {
    "name": "Load app.js",
    "start": 1565061138559,
    "end": 1565061138760,
    "duration": 201,
    "pid": 15512,
    "index": 41
  },
  {
    "name": "Require(33) node_modules/egg-session/app.js",
    "start": 1565061138560,
    "end": 1565061138561,
    "duration": 1,
    "pid": 15512,
    "index": 42
  },
  {
    "name": "Require(34) node_modules/egg-security/app.js",
    "start": 1565061138562,
    "end": 1565061138570,
    "duration": 8,
    "pid": 15512,
    "index": 43
  },
  {
    "name": "Require(35) node_modules/egg-onerror/app.js",
    "start": 1565061138573,
    "end": 1565061138614,
    "duration": 41,
    "pid": 15512,
    "index": 44
  },
  {
    "name": "Require(36) node_modules/egg-i18n/app.js",
    "start": 1565061138616,
    "end": 1565061138653,
    "duration": 37,
    "pid": 15512,
    "index": 45
  },
  {
    "name": "Require(37) node_modules/egg-watcher/app.js",
    "start": 1565061138654,
    "end": 1565061138672,
    "duration": 18,
    "pid": 15512,
    "index": 46
  },
  {
    "name": "Require(38) node_modules/egg-schedule/app.js",
    "start": 1565061138673,
    "end": 1565061138679,
    "duration": 6,
    "pid": 15512,
    "index": 47
  },
  {
    "name": "Require(39) node_modules/egg-multipart/app.js",
    "start": 1565061138680,
    "end": 1565061138692,
    "duration": 12,
    "pid": 15512,
    "index": 48
  },
  {
    "name": "Require(40) node_modules/egg-logrotator/app.js",
    "start": 1565061138694,
    "end": 1565061138695,
    "duration": 1,
    "pid": 15512,
    "index": 49
  },
  {
    "name": "Require(41) node_modules/egg-static/app.js",
    "start": 1565061138696,
    "end": 1565061138697,
    "duration": 1,
    "pid": 15512,
    "index": 50
  },
  {
    "name": "Require(42) node_modules/egg-validate/app.js",
    "start": 1565061138701,
    "end": 1565061138706,
    "duration": 5,
    "pid": 15512,
    "index": 51
  },
  {
    "name": "Require(43) node_modules/egg-cors/app.js",
    "start": 1565061138708,
    "end": 1565061138708,
    "duration": 0,
    "pid": 15512,
    "index": 52
  },
  {
    "name": "Require(44) node_modules/egg-mysql/app.js",
    "start": 1565061138709,
    "end": 1565061138756,
    "duration": 47,
    "pid": 15512,
    "index": 53
  },
  {
    "name": "Before Start in node_modules/egg-watcher/lib/init.js:15:14",
    "start": 1565061138796,
    "end": 1565061139898,
    "duration": 1102,
    "pid": 15512,
    "index": 54
  },
  {
    "name": "Before Start in node_modules/egg-mysql/lib/mysql.js:20:7",
    "start": 1565061139112,
    "end": 1565061139892,
    "duration": 780,
    "pid": 15512,
    "index": 55
  },
  {
    "name": "Load Service",
    "start": 1565061139112,
    "end": 1565061139172,
    "duration": 60,
    "pid": 15512,
    "index": 56
  },
  {
    "name": "Load \"service\" to Context",
    "start": 1565061139112,
    "end": 1565061139172,
    "duration": 60,
    "pid": 15512,
    "index": 57
  },
  {
    "name": "Load Middleware",
    "start": 1565061139173,
    "end": 1565061139705,
    "duration": 532,
    "pid": 15512,
    "index": 58
  },
  {
    "name": "Load \"middlewares\" to Application",
    "start": 1565061139173,
    "end": 1565061139669,
    "duration": 496,
    "pid": 15512,
    "index": 59
  },
  {
    "name": "Load Controller",
    "start": 1565061139706,
    "end": 1565061139788,
    "duration": 82,
    "pid": 15512,
    "index": 60
  },
  {
    "name": "Load \"controller\" to Application",
    "start": 1565061139706,
    "end": 1565061139788,
    "duration": 82,
    "pid": 15512,
    "index": 61
  },
  {
    "name": "Load Router",
    "start": 1565061139788,
    "end": 1565061139796,
    "duration": 8,
    "pid": 15512,
    "index": 62
  },
  {
    "name": "Require(45) app/router.js",
    "start": 1565061139789,
    "end": 1565061139790,
    "duration": 1,
    "pid": 15512,
    "index": 63
  },
  {
    "name": "Before Start in node_modules/egg-core/lib/egg.js:303:10",
    "start": 1565061139791,
    "end": 1565061139821,
    "duration": 30,
    "pid": 15512,
    "index": 64
  }
]