[
  {
    "name": "Application Start",
    "start": 1565169133374,
    "end": 1565169135710,
    "duration": 2336,
    "pid": 12948,
    "index": 0
  },
  {
    "name": "Load Plugin",
    "start": 1565169133389,
    "end": 1565169133488,
    "duration": 99,
    "pid": 12948,
    "index": 1
  },
  {
    "name": "Load Config",
    "start": 1565169133489,
    "end": 1565169133565,
    "duration": 76,
    "pid": 12948,
    "index": 2
  },
  {
    "name": "Require(0) config/config.default.js",
    "start": 1565169133491,
    "end": 1565169133491,
    "duration": 0,
    "pid": 12948,
    "index": 3
  },
  {
    "name": "Require(1) node_modules/egg-session/config/config.default.js",
    "start": 1565169133497,
    "end": 1565169133497,
    "duration": 0,
    "pid": 12948,
    "index": 4
  },
  {
    "name": "Require(2) node_modules/egg-security/config/config.default.js",
    "start": 1565169133499,
    "end": 1565169133500,
    "duration": 1,
    "pid": 12948,
    "index": 5
  },
  {
    "name": "Require(3) node_modules/egg-jsonp/config/config.default.js",
    "start": 1565169133503,
    "end": 1565169133504,
    "duration": 1,
    "pid": 12948,
    "index": 6
  },
  {
    "name": "Require(4) node_modules/egg-onerror/config/config.default.js",
    "start": 1565169133507,
    "end": 1565169133507,
    "duration": 0,
    "pid": 12948,
    "index": 7
  },
  {
    "name": "Require(5) node_modules/egg-i18n/config/config.default.js",
    "start": 1565169133510,
    "end": 1565169133510,
    "duration": 0,
    "pid": 12948,
    "index": 8
  },
  {
    "name": "Require(6) node_modules/egg-watcher/config/config.default.js",
    "start": 1565169133513,
    "end": 1565169133514,
    "duration": 1,
    "pid": 12948,
    "index": 9
  },
  {
    "name": "Require(7) node_modules/egg-schedule/config/config.default.js",
    "start": 1565169133515,
    "end": 1565169133516,
    "duration": 1,
    "pid": 12948,
    "index": 10
  },
  {
    "name": "Require(8) node_modules/egg-multipart/config/config.default.js",
    "start": 1565169133518,
    "end": 1565169133519,
    "duration": 1,
    "pid": 12948,
    "index": 11
  },
  {
    "name": "Require(9) node_modules/egg-logrotator/config/config.default.js",
    "start": 1565169133521,
    "end": 1565169133522,
    "duration": 1,
    "pid": 12948,
    "index": 12
  },
  {
    "name": "Require(10) node_modules/egg-static/config/config.default.js",
    "start": 1565169133525,
    "end": 1565169133527,
    "duration": 2,
    "pid": 12948,
    "index": 13
  },
  {
    "name": "Require(11) node_modules/egg-view/config/config.default.js",
    "start": 1565169133529,
    "end": 1565169133530,
    "duration": 1,
    "pid": 12948,
    "index": 14
  },
  {
    "name": "Require(12) node_modules/egg-cors/config/config.default.js",
    "start": 1565169133533,
    "end": 1565169133534,
    "duration": 1,
    "pid": 12948,
    "index": 15
  },
  {
    "name": "Require(13) node_modules/egg-mysql/config/config.default.js",
    "start": 1565169133536,
    "end": 1565169133537,
    "duration": 1,
    "pid": 12948,
    "index": 16
  },
  {
    "name": "Require(14) node_modules/egg/config/config.default.js",
    "start": 1565169133538,
    "end": 1565169133539,
    "duration": 1,
    "pid": 12948,
    "index": 17
  },
  {
    "name": "Require(15) config/config.default.js",
    "start": 1565169133542,
    "end": 1565169133542,
    "duration": 0,
    "pid": 12948,
    "index": 18
  },
  {
    "name": "Require(16) node_modules/egg-static/config/config.prod.js",
    "start": 1565169133554,
    "end": 1565169133555,
    "duration": 1,
    "pid": 12948,
    "index": 19
  },
  {
    "name": "Load extend/application.js",
    "start": 1565169133568,
    "end": 1565169133641,
    "duration": 73,
    "pid": 12948,
    "index": 20
  },
  {
    "name": "Require(17) node_modules/egg-session/app/extend/application.js",
    "start": 1565169133570,
    "end": 1565169133571,
    "duration": 1,
    "pid": 12948,
    "index": 21
  },
  {
    "name": "Require(18) node_modules/egg-security/app/extend/application.js",
    "start": 1565169133572,
    "end": 1565169133576,
    "duration": 4,
    "pid": 12948,
    "index": 22
  },
  {
    "name": "Require(19) node_modules/egg-jsonp/app/extend/application.js",
    "start": 1565169133578,
    "end": 1565169133584,
    "duration": 6,
    "pid": 12948,
    "index": 23
  },
  {
    "name": "Require(20) node_modules/egg-logrotator/app/extend/application.js",
    "start": 1565169133591,
    "end": 1565169133617,
    "duration": 26,
    "pid": 12948,
    "index": 24
  },
  {
    "name": "Require(21) node_modules/egg-view/app/extend/application.js",
    "start": 1565169133619,
    "end": 1565169133624,
    "duration": 5,
    "pid": 12948,
    "index": 25
  },
  {
    "name": "Load extend/request.js",
    "start": 1565169133641,
    "end": 1565169133674,
    "duration": 33,
    "pid": 12948,
    "index": 26
  },
  {
    "name": "Require(22) node_modules/egg/app/extend/request.js",
    "start": 1565169133656,
    "end": 1565169133661,
    "duration": 5,
    "pid": 12948,
    "index": 27
  },
  {
    "name": "Load extend/response.js",
    "start": 1565169133674,
    "end": 1565169133710,
    "duration": 36,
    "pid": 12948,
    "index": 28
  },
  {
    "name": "Require(23) node_modules/egg/app/extend/response.js",
    "start": 1565169133689,
    "end": 1565169133696,
    "duration": 7,
    "pid": 12948,
    "index": 29
  },
  {
    "name": "Load extend/context.js",
    "start": 1565169133710,
    "end": 1565169133968,
    "duration": 258,
    "pid": 12948,
    "index": 30
  },
  {
    "name": "Require(24) node_modules/egg-security/app/extend/context.js",
    "start": 1565169133713,
    "end": 1565169133775,
    "duration": 62,
    "pid": 12948,
    "index": 31
  },
  {
    "name": "Require(25) node_modules/egg-jsonp/app/extend/context.js",
    "start": 1565169133777,
    "end": 1565169133782,
    "duration": 5,
    "pid": 12948,
    "index": 32
  },
  {
    "name": "Require(26) node_modules/egg-i18n/app/extend/context.js",
    "start": 1565169133785,
    "end": 1565169133785,
    "duration": 0,
    "pid": 12948,
    "index": 33
  },
  {
    "name": "Require(27) node_modules/egg-multipart/app/extend/context.js",
    "start": 1565169133789,
    "end": 1565169133925,
    "duration": 136,
    "pid": 12948,
    "index": 34
  },
  {
    "name": "Require(28) node_modules/egg-view/app/extend/context.js",
    "start": 1565169133928,
    "end": 1565169133931,
    "duration": 3,
    "pid": 12948,
    "index": 35
  },
  {
    "name": "Require(29) node_modules/egg-validate/app/extend/context.js",
    "start": 1565169133933,
    "end": 1565169133935,
    "duration": 2,
    "pid": 12948,
    "index": 36
  },
  {
    "name": "Require(30) node_modules/egg/app/extend/context.js",
    "start": 1565169133937,
    "end": 1565169133950,
    "duration": 13,
    "pid": 12948,
    "index": 37
  },
  {
    "name": "Load extend/helper.js",
    "start": 1565169133968,
    "end": 1565169134098,
    "duration": 130,
    "pid": 12948,
    "index": 38
  },
  {
    "name": "Require(31) node_modules/egg-security/app/extend/helper.js",
    "start": 1565169133971,
    "end": 1565169134056,
    "duration": 85,
    "pid": 12948,
    "index": 39
  },
  {
    "name": "Require(32) node_modules/egg/app/extend/helper.js",
    "start": 1565169134081,
    "end": 1565169134082,
    "duration": 1,
    "pid": 12948,
    "index": 40
  },
  {
    "name": "Load app.js",
    "start": 1565169134099,
    "end": 1565169134334,
    "duration": 235,
    "pid": 12948,
    "index": 41
  },
  {
    "name": "Require(33) node_modules/egg-session/app.js",
    "start": 1565169134100,
    "end": 1565169134101,
    "duration": 1,
    "pid": 12948,
    "index": 42
  },
  {
    "name": "Require(34) node_modules/egg-security/app.js",
    "start": 1565169134102,
    "end": 1565169134122,
    "duration": 20,
    "pid": 12948,
    "index": 43
  },
  {
    "name": "Require(35) node_modules/egg-onerror/app.js",
    "start": 1565169134132,
    "end": 1565169134179,
    "duration": 47,
    "pid": 12948,
    "index": 44
  },
  {
    "name": "Require(36) node_modules/egg-i18n/app.js",
    "start": 1565169134181,
    "end": 1565169134224,
    "duration": 43,
    "pid": 12948,
    "index": 45
  },
  {
    "name": "Require(37) node_modules/egg-watcher/app.js",
    "start": 1565169134225,
    "end": 1565169134240,
    "duration": 15,
    "pid": 12948,
    "index": 46
  },
  {
    "name": "Require(38) node_modules/egg-schedule/app.js",
    "start": 1565169134241,
    "end": 1565169134247,
    "duration": 6,
    "pid": 12948,
    "index": 47
  },
  {
    "name": "Require(39) node_modules/egg-multipart/app.js",
    "start": 1565169134248,
    "end": 1565169134258,
    "duration": 10,
    "pid": 12948,
    "index": 48
  },
  {
    "name": "Require(40) node_modules/egg-logrotator/app.js",
    "start": 1565169134259,
    "end": 1565169134260,
    "duration": 1,
    "pid": 12948,
    "index": 49
  },
  {
    "name": "Require(41) node_modules/egg-static/app.js",
    "start": 1565169134261,
    "end": 1565169134262,
    "duration": 1,
    "pid": 12948,
    "index": 50
  },
  {
    "name": "Require(42) node_modules/egg-validate/app.js",
    "start": 1565169134265,
    "end": 1565169134272,
    "duration": 7,
    "pid": 12948,
    "index": 51
  },
  {
    "name": "Require(43) node_modules/egg-cors/app.js",
    "start": 1565169134273,
    "end": 1565169134274,
    "duration": 1,
    "pid": 12948,
    "index": 52
  },
  {
    "name": "Require(44) node_modules/egg-mysql/app.js",
    "start": 1565169134275,
    "end": 1565169134330,
    "duration": 55,
    "pid": 12948,
    "index": 53
  },
  {
    "name": "Before Start in node_modules/egg-watcher/lib/init.js:15:14",
    "start": 1565169134391,
    "end": 1565169135704,
    "duration": 1313,
    "pid": 12948,
    "index": 54
  },
  {
    "name": "Before Start in node_modules/egg-mysql/lib/mysql.js:20:7",
    "start": 1565169134811,
    "end": 1565169135708,
    "duration": 897,
    "pid": 12948,
    "index": 55
  },
  {
    "name": "Load Service",
    "start": 1565169134812,
    "end": 1565169134895,
    "duration": 83,
    "pid": 12948,
    "index": 56
  },
  {
    "name": "Load \"service\" to Context",
    "start": 1565169134812,
    "end": 1565169134895,
    "duration": 83,
    "pid": 12948,
    "index": 57
  },
  {
    "name": "Load Middleware",
    "start": 1565169134895,
    "end": 1565169135558,
    "duration": 663,
    "pid": 12948,
    "index": 58
  },
  {
    "name": "Load \"middlewares\" to Application",
    "start": 1565169134895,
    "end": 1565169135518,
    "duration": 623,
    "pid": 12948,
    "index": 59
  },
  {
    "name": "Load Controller",
    "start": 1565169135558,
    "end": 1565169135623,
    "duration": 65,
    "pid": 12948,
    "index": 60
  },
  {
    "name": "Load \"controller\" to Application",
    "start": 1565169135559,
    "end": 1565169135623,
    "duration": 64,
    "pid": 12948,
    "index": 61
  },
  {
    "name": "Load Router",
    "start": 1565169135624,
    "end": 1565169135642,
    "duration": 18,
    "pid": 12948,
    "index": 62
  },
  {
    "name": "Require(45) app/router.js",
    "start": 1565169135625,
    "end": 1565169135633,
    "duration": 8,
    "pid": 12948,
    "index": 63
  },
  {
    "name": "Before Start in node_modules/egg-core/lib/egg.js:303:10",
    "start": 1565169135634,
    "end": 1565169135671,
    "duration": 37,
    "pid": 12948,
    "index": 64
  }
]