[
  {
    "name": "Application Start",
    "start": 1565169289767,
    "end": 1565169291755,
    "duration": 1988,
    "pid": 13304,
    "index": 0
  },
  {
    "name": "Load Plugin",
    "start": 1565169289784,
    "end": 1565169289888,
    "duration": 104,
    "pid": 13304,
    "index": 1
  },
  {
    "name": "Load Config",
    "start": 1565169289888,
    "end": 1565169289953,
    "duration": 65,
    "pid": 13304,
    "index": 2
  },
  {
    "name": "Require(0) config/config.default.js",
    "start": 1565169289890,
    "end": 1565169289891,
    "duration": 1,
    "pid": 13304,
    "index": 3
  },
  {
    "name": "Require(1) node_modules/egg-session/config/config.default.js",
    "start": 1565169289895,
    "end": 1565169289896,
    "duration": 1,
    "pid": 13304,
    "index": 4
  },
  {
    "name": "Require(2) node_modules/egg-security/config/config.default.js",
    "start": 1565169289898,
    "end": 1565169289898,
    "duration": 0,
    "pid": 13304,
    "index": 5
  },
  {
    "name": "Require(3) node_modules/egg-jsonp/config/config.default.js",
    "start": 1565169289902,
    "end": 1565169289902,
    "duration": 0,
    "pid": 13304,
    "index": 6
  },
  {
    "name": "Require(4) node_modules/egg-onerror/config/config.default.js",
    "start": 1565169289904,
    "end": 1565169289905,
    "duration": 1,
    "pid": 13304,
    "index": 7
  },
  {
    "name": "Require(5) node_modules/egg-i18n/config/config.default.js",
    "start": 1565169289907,
    "end": 1565169289908,
    "duration": 1,
    "pid": 13304,
    "index": 8
  },
  {
    "name": "Require(6) node_modules/egg-watcher/config/config.default.js",
    "start": 1565169289910,
    "end": 1565169289910,
    "duration": 0,
    "pid": 13304,
    "index": 9
  },
  {
    "name": "Require(7) node_modules/egg-schedule/config/config.default.js",
    "start": 1565169289912,
    "end": 1565169289913,
    "duration": 1,
    "pid": 13304,
    "index": 10
  },
  {
    "name": "Require(8) node_modules/egg-multipart/config/config.default.js",
    "start": 1565169289915,
    "end": 1565169289916,
    "duration": 1,
    "pid": 13304,
    "index": 11
  },
  {
    "name": "Require(9) node_modules/egg-logrotator/config/config.default.js",
    "start": 1565169289918,
    "end": 1565169289919,
    "duration": 1,
    "pid": 13304,
    "index": 12
  },
  {
    "name": "Require(10) node_modules/egg-static/config/config.default.js",
    "start": 1565169289921,
    "end": 1565169289922,
    "duration": 1,
    "pid": 13304,
    "index": 13
  },
  {
    "name": "Require(11) node_modules/egg-view/config/config.default.js",
    "start": 1565169289923,
    "end": 1565169289924,
    "duration": 1,
    "pid": 13304,
    "index": 14
  },
  {
    "name": "Require(12) node_modules/egg-cors/config/config.default.js",
    "start": 1565169289928,
    "end": 1565169289929,
    "duration": 1,
    "pid": 13304,
    "index": 15
  },
  {
    "name": "Require(13) node_modules/egg-mysql/config/config.default.js",
    "start": 1565169289930,
    "end": 1565169289931,
    "duration": 1,
    "pid": 13304,
    "index": 16
  },
  {
    "name": "Require(14) node_modules/egg/config/config.default.js",
    "start": 1565169289933,
    "end": 1565169289934,
    "duration": 1,
    "pid": 13304,
    "index": 17
  },
  {
    "name": "Require(15) config/config.default.js",
    "start": 1565169289936,
    "end": 1565169289936,
    "duration": 0,
    "pid": 13304,
    "index": 18
  },
  {
    "name": "Require(16) node_modules/egg-static/config/config.prod.js",
    "start": 1565169289947,
    "end": 1565169289947,
    "duration": 0,
    "pid": 13304,
    "index": 19
  },
  {
    "name": "Load extend/application.js",
    "start": 1565169289955,
    "end": 1565169290026,
    "duration": 71,
    "pid": 13304,
    "index": 20
  },
  {
    "name": "Require(17) node_modules/egg-session/app/extend/application.js",
    "start": 1565169289957,
    "end": 1565169289958,
    "duration": 1,
    "pid": 13304,
    "index": 21
  },
  {
    "name": "Require(18) node_modules/egg-security/app/extend/application.js",
    "start": 1565169289960,
    "end": 1565169289963,
    "duration": 3,
    "pid": 13304,
    "index": 22
  },
  {
    "name": "Require(19) node_modules/egg-jsonp/app/extend/application.js",
    "start": 1565169289965,
    "end": 1565169289971,
    "duration": 6,
    "pid": 13304,
    "index": 23
  },
  {
    "name": "Require(20) node_modules/egg-logrotator/app/extend/application.js",
    "start": 1565169289977,
    "end": 1565169290002,
    "duration": 25,
    "pid": 13304,
    "index": 24
  },
  {
    "name": "Require(21) node_modules/egg-view/app/extend/application.js",
    "start": 1565169290004,
    "end": 1565169290009,
    "duration": 5,
    "pid": 13304,
    "index": 25
  },
  {
    "name": "Load extend/request.js",
    "start": 1565169290026,
    "end": 1565169290062,
    "duration": 36,
    "pid": 13304,
    "index": 26
  },
  {
    "name": "Require(22) node_modules/egg/app/extend/request.js",
    "start": 1565169290039,
    "end": 1565169290044,
    "duration": 5,
    "pid": 13304,
    "index": 27
  },
  {
    "name": "Load extend/response.js",
    "start": 1565169290062,
    "end": 1565169290105,
    "duration": 43,
    "pid": 13304,
    "index": 28
  },
  {
    "name": "Require(23) node_modules/egg/app/extend/response.js",
    "start": 1565169290079,
    "end": 1565169290090,
    "duration": 11,
    "pid": 13304,
    "index": 29
  },
  {
    "name": "Load extend/context.js",
    "start": 1565169290105,
    "end": 1565169290358,
    "duration": 253,
    "pid": 13304,
    "index": 30
  },
  {
    "name": "Require(24) node_modules/egg-security/app/extend/context.js",
    "start": 1565169290108,
    "end": 1565169290179,
    "duration": 71,
    "pid": 13304,
    "index": 31
  },
  {
    "name": "Require(25) node_modules/egg-jsonp/app/extend/context.js",
    "start": 1565169290181,
    "end": 1565169290186,
    "duration": 5,
    "pid": 13304,
    "index": 32
  },
  {
    "name": "Require(26) node_modules/egg-i18n/app/extend/context.js",
    "start": 1565169290189,
    "end": 1565169290190,
    "duration": 1,
    "pid": 13304,
    "index": 33
  },
  {
    "name": "Require(27) node_modules/egg-multipart/app/extend/context.js",
    "start": 1565169290193,
    "end": 1565169290310,
    "duration": 117,
    "pid": 13304,
    "index": 34
  },
  {
    "name": "Require(28) node_modules/egg-view/app/extend/context.js",
    "start": 1565169290312,
    "end": 1565169290316,
    "duration": 4,
    "pid": 13304,
    "index": 35
  },
  {
    "name": "Require(29) node_modules/egg-validate/app/extend/context.js",
    "start": 1565169290319,
    "end": 1565169290320,
    "duration": 1,
    "pid": 13304,
    "index": 36
  },
  {
    "name": "Require(30) node_modules/egg/app/extend/context.js",
    "start": 1565169290323,
    "end": 1565169290337,
    "duration": 14,
    "pid": 13304,
    "index": 37
  },
  {
    "name": "Load extend/helper.js",
    "start": 1565169290358,
    "end": 1565169290452,
    "duration": 94,
    "pid": 13304,
    "index": 38
  },
  {
    "name": "Require(31) node_modules/egg-security/app/extend/helper.js",
    "start": 1565169290360,
    "end": 1565169290424,
    "duration": 64,
    "pid": 13304,
    "index": 39
  },
  {
    "name": "Require(32) node_modules/egg/app/extend/helper.js",
    "start": 1565169290434,
    "end": 1565169290436,
    "duration": 2,
    "pid": 13304,
    "index": 40
  },
  {
    "name": "Load app.js",
    "start": 1565169290452,
    "end": 1565169290647,
    "duration": 195,
    "pid": 13304,
    "index": 41
  },
  {
    "name": "Require(33) node_modules/egg-session/app.js",
    "start": 1565169290453,
    "end": 1565169290454,
    "duration": 1,
    "pid": 13304,
    "index": 42
  },
  {
    "name": "Require(34) node_modules/egg-security/app.js",
    "start": 1565169290455,
    "end": 1565169290463,
    "duration": 8,
    "pid": 13304,
    "index": 43
  },
  {
    "name": "Require(35) node_modules/egg-onerror/app.js",
    "start": 1565169290466,
    "end": 1565169290501,
    "duration": 35,
    "pid": 13304,
    "index": 44
  },
  {
    "name": "Require(36) node_modules/egg-i18n/app.js",
    "start": 1565169290502,
    "end": 1565169290538,
    "duration": 36,
    "pid": 13304,
    "index": 45
  },
  {
    "name": "Require(37) node_modules/egg-watcher/app.js",
    "start": 1565169290539,
    "end": 1565169290552,
    "duration": 13,
    "pid": 13304,
    "index": 46
  },
  {
    "name": "Require(38) node_modules/egg-schedule/app.js",
    "start": 1565169290553,
    "end": 1565169290559,
    "duration": 6,
    "pid": 13304,
    "index": 47
  },
  {
    "name": "Require(39) node_modules/egg-multipart/app.js",
    "start": 1565169290560,
    "end": 1565169290570,
    "duration": 10,
    "pid": 13304,
    "index": 48
  },
  {
    "name": "Require(40) node_modules/egg-logrotator/app.js",
    "start": 1565169290571,
    "end": 1565169290572,
    "duration": 1,
    "pid": 13304,
    "index": 49
  },
  {
    "name": "Require(41) node_modules/egg-static/app.js",
    "start": 1565169290574,
    "end": 1565169290575,
    "duration": 1,
    "pid": 13304,
    "index": 50
  },
  {
    "name": "Require(42) node_modules/egg-validate/app.js",
    "start": 1565169290578,
    "end": 1565169290583,
    "duration": 5,
    "pid": 13304,
    "index": 51
  },
  {
    "name": "Require(43) node_modules/egg-cors/app.js",
    "start": 1565169290584,
    "end": 1565169290585,
    "duration": 1,
    "pid": 13304,
    "index": 52
  },
  {
    "name": "Require(44) node_modules/egg-mysql/app.js",
    "start": 1565169290586,
    "end": 1565169290643,
    "duration": 57,
    "pid": 13304,
    "index": 53
  },
  {
    "name": "Before Start in node_modules/egg-watcher/lib/init.js:15:14",
    "start": 1565169290691,
    "end": 1565169291747,
    "duration": 1056,
    "pid": 13304,
    "index": 54
  },
  {
    "name": "Before Start in node_modules/egg-mysql/lib/mysql.js:20:7",
    "start": 1565169291015,
    "end": 1565169291751,
    "duration": 736,
    "pid": 13304,
    "index": 55
  },
  {
    "name": "Load Service",
    "start": 1565169291015,
    "end": 1565169291085,
    "duration": 70,
    "pid": 13304,
    "index": 56
  },
  {
    "name": "Load \"service\" to Context",
    "start": 1565169291015,
    "end": 1565169291085,
    "duration": 70,
    "pid": 13304,
    "index": 57
  },
  {
    "name": "Load Middleware",
    "start": 1565169291085,
    "end": 1565169291615,
    "duration": 530,
    "pid": 13304,
    "index": 58
  },
  {
    "name": "Load \"middlewares\" to Application",
    "start": 1565169291085,
    "end": 1565169291573,
    "duration": 488,
    "pid": 13304,
    "index": 59
  },
  {
    "name": "Load Controller",
    "start": 1565169291615,
    "end": 1565169291684,
    "duration": 69,
    "pid": 13304,
    "index": 60
  },
  {
    "name": "Load \"controller\" to Application",
    "start": 1565169291615,
    "end": 1565169291684,
    "duration": 69,
    "pid": 13304,
    "index": 61
  },
  {
    "name": "Load Router",
    "start": 1565169291684,
    "end": 1565169291692,
    "duration": 8,
    "pid": 13304,
    "index": 62
  },
  {
    "name": "Require(45) app/router.js",
    "start": 1565169291685,
    "end": 1565169291687,
    "duration": 2,
    "pid": 13304,
    "index": 63
  },
  {
    "name": "Before Start in node_modules/egg-core/lib/egg.js:303:10",
    "start": 1565169291688,
    "end": 1565169291715,
    "duration": 27,
    "pid": 13304,
    "index": 64
  }
]