[
  {
    "name": "Application Start",
    "start": 1561426277936,
    "end": 1561426278847,
    "duration": 911,
    "pid": 9504,
    "index": 0
  },
  {
    "name": "Load Plugin",
    "start": 1561426277943,
    "end": 1561426277974,
    "duration": 31,
    "pid": 9504,
    "index": 1
  },
  {
    "name": "Load Config",
    "start": 1561426277974,
    "end": 1561426278000,
    "duration": 26,
    "pid": 9504,
    "index": 2
  },
  {
    "name": "Require(0) config/config.default.js",
    "start": 1561426277976,
    "end": 1561426277976,
    "duration": 0,
    "pid": 9504,
    "index": 3
  },
  {
    "name": "Require(1) node_modules/egg-session/config/config.default.js",
    "start": 1561426277979,
    "end": 1561426277979,
    "duration": 0,
    "pid": 9504,
    "index": 4
  },
  {
    "name": "Require(2) node_modules/egg-security/config/config.default.js",
    "start": 1561426277980,
    "end": 1561426277980,
    "duration": 0,
    "pid": 9504,
    "index": 5
  },
  {
    "name": "Require(3) node_modules/egg-jsonp/config/config.default.js",
    "start": 1561426277981,
    "end": 1561426277982,
    "duration": 1,
    "pid": 9504,
    "index": 6
  },
  {
    "name": "Require(4) node_modules/egg-onerror/config/config.default.js",
    "start": 1561426277983,
    "end": 1561426277983,
    "duration": 0,
    "pid": 9504,
    "index": 7
  },
  {
    "name": "Require(5) node_modules/egg-i18n/config/config.default.js",
    "start": 1561426277984,
    "end": 1561426277984,
    "duration": 0,
    "pid": 9504,
    "index": 8
  },
  {
    "name": "Require(6) node_modules/egg-watcher/config/config.default.js",
    "start": 1561426277985,
    "end": 1561426277985,
    "duration": 0,
    "pid": 9504,
    "index": 9
  },
  {
    "name": "Require(7) node_modules/egg-schedule/config/config.default.js",
    "start": 1561426277986,
    "end": 1561426277986,
    "duration": 0,
    "pid": 9504,
    "index": 10
  },
  {
    "name": "Require(8) node_modules/egg-multipart/config/config.default.js",
    "start": 1561426277987,
    "end": 1561426277988,
    "duration": 1,
    "pid": 9504,
    "index": 11
  },
  {
    "name": "Require(9) node_modules/egg-logrotator/config/config.default.js",
    "start": 1561426277989,
    "end": 1561426277989,
    "duration": 0,
    "pid": 9504,
    "index": 12
  },
  {
    "name": "Require(10) node_modules/egg-static/config/config.default.js",
    "start": 1561426277990,
    "end": 1561426277990,
    "duration": 0,
    "pid": 9504,
    "index": 13
  },
  {
    "name": "Require(11) node_modules/egg-view/config/config.default.js",
    "start": 1561426277991,
    "end": 1561426277992,
    "duration": 1,
    "pid": 9504,
    "index": 14
  },
  {
    "name": "Require(12) node_modules/egg-cors/config/config.default.js",
    "start": 1561426277993,
    "end": 1561426277993,
    "duration": 0,
    "pid": 9504,
    "index": 15
  },
  {
    "name": "Require(13) node_modules/egg-mysql/config/config.default.js",
    "start": 1561426277994,
    "end": 1561426277994,
    "duration": 0,
    "pid": 9504,
    "index": 16
  },
  {
    "name": "Require(14) node_modules/egg/config/config.default.js",
    "start": 1561426277995,
    "end": 1561426277995,
    "duration": 0,
    "pid": 9504,
    "index": 17
  },
  {
    "name": "Require(15) config/config.default.js",
    "start": 1561426278000,
    "end": 1561426278000,
    "duration": 0,
    "pid": 9504,
    "index": 18
  },
  {
    "name": "Require(16) node_modules/egg-static/config/config.prod.js",
    "start": 1561426278000,
    "end": 1561426278000,
    "duration": 0,
    "pid": 9504,
    "index": 19
  },
  {
    "name": "Load extend/application.js",
    "start": 1561426278000,
    "end": 1561426278022,
    "duration": 22,
    "pid": 9504,
    "index": 20
  },
  {
    "name": "Require(17) node_modules/egg-session/app/extend/application.js",
    "start": 1561426278000,
    "end": 1561426278000,
    "duration": 0,
    "pid": 9504,
    "index": 21
  },
  {
    "name": "Require(18) node_modules/egg-security/app/extend/application.js",
    "start": 1561426278000,
    "end": 1561426278010,
    "duration": 10,
    "pid": 9504,
    "index": 22
  },
  {
    "name": "Require(19) node_modules/egg-jsonp/app/extend/application.js",
    "start": 1561426278010,
    "end": 1561426278010,
    "duration": 0,
    "pid": 9504,
    "index": 23
  },
  {
    "name": "Require(20) node_modules/egg-logrotator/app/extend/application.js",
    "start": 1561426278010,
    "end": 1561426278010,
    "duration": 0,
    "pid": 9504,
    "index": 24
  },
  {
    "name": "Require(21) node_modules/egg-view/app/extend/application.js",
    "start": 1561426278010,
    "end": 1561426278010,
    "duration": 0,
    "pid": 9504,
    "index": 25
  },
  {
    "name": "Load extend/request.js",
    "start": 1561426278022,
    "end": 1561426278033,
    "duration": 11,
    "pid": 9504,
    "index": 26
  },
  {
    "name": "Require(22) node_modules/egg/app/extend/request.js",
    "start": 1561426278022,
    "end": 1561426278022,
    "duration": 0,
    "pid": 9504,
    "index": 27
  },
  {
    "name": "Load extend/response.js",
    "start": 1561426278033,
    "end": 1561426278034,
    "duration": 1,
    "pid": 9504,
    "index": 28
  },
  {
    "name": "Require(23) node_modules/egg/app/extend/response.js",
    "start": 1561426278034,
    "end": 1561426278034,
    "duration": 0,
    "pid": 9504,
    "index": 29
  },
  {
    "name": "Load extend/context.js",
    "start": 1561426278034,
    "end": 1561426278146,
    "duration": 112,
    "pid": 9504,
    "index": 30
  },
  {
    "name": "Require(24) node_modules/egg-security/app/extend/context.js",
    "start": 1561426278034,
    "end": 1561426278056,
    "duration": 22,
    "pid": 9504,
    "index": 31
  },
  {
    "name": "Require(25) node_modules/egg-jsonp/app/extend/context.js",
    "start": 1561426278056,
    "end": 1561426278056,
    "duration": 0,
    "pid": 9504,
    "index": 32
  },
  {
    "name": "Require(26) node_modules/egg-i18n/app/extend/context.js",
    "start": 1561426278056,
    "end": 1561426278056,
    "duration": 0,
    "pid": 9504,
    "index": 33
  },
  {
    "name": "Require(27) node_modules/egg-multipart/app/extend/context.js",
    "start": 1561426278056,
    "end": 1561426278136,
    "duration": 80,
    "pid": 9504,
    "index": 34
  },
  {
    "name": "Require(28) node_modules/egg-view/app/extend/context.js",
    "start": 1561426278136,
    "end": 1561426278136,
    "duration": 0,
    "pid": 9504,
    "index": 35
  },
  {
    "name": "Require(29) node_modules/egg-validate/app/extend/context.js",
    "start": 1561426278136,
    "end": 1561426278136,
    "duration": 0,
    "pid": 9504,
    "index": 36
  },
  {
    "name": "Require(30) node_modules/egg/app/extend/context.js",
    "start": 1561426278136,
    "end": 1561426278136,
    "duration": 0,
    "pid": 9504,
    "index": 37
  },
  {
    "name": "Load extend/helper.js",
    "start": 1561426278146,
    "end": 1561426278177,
    "duration": 31,
    "pid": 9504,
    "index": 38
  },
  {
    "name": "Require(31) node_modules/egg-security/app/extend/helper.js",
    "start": 1561426278146,
    "end": 1561426278167,
    "duration": 21,
    "pid": 9504,
    "index": 39
  },
  {
    "name": "Require(32) node_modules/egg/app/extend/helper.js",
    "start": 1561426278167,
    "end": 1561426278167,
    "duration": 0,
    "pid": 9504,
    "index": 40
  },
  {
    "name": "Load app.js",
    "start": 1561426278177,
    "end": 1561426278389,
    "duration": 212,
    "pid": 9504,
    "index": 41
  },
  {
    "name": "Require(33) node_modules/egg-session/app.js",
    "start": 1561426278177,
    "end": 1561426278177,
    "duration": 0,
    "pid": 9504,
    "index": 42
  },
  {
    "name": "Require(34) node_modules/egg-security/app.js",
    "start": 1561426278177,
    "end": 1561426278177,
    "duration": 0,
    "pid": 9504,
    "index": 43
  },
  {
    "name": "Require(35) node_modules/egg-onerror/app.js",
    "start": 1561426278177,
    "end": 1561426278197,
    "duration": 20,
    "pid": 9504,
    "index": 44
  },
  {
    "name": "Require(36) node_modules/egg-i18n/app.js",
    "start": 1561426278217,
    "end": 1561426278249,
    "duration": 32,
    "pid": 9504,
    "index": 45
  },
  {
    "name": "Require(37) node_modules/egg-watcher/app.js",
    "start": 1561426278249,
    "end": 1561426278259,
    "duration": 10,
    "pid": 9504,
    "index": 46
  },
  {
    "name": "Require(38) node_modules/egg-schedule/app.js",
    "start": 1561426278259,
    "end": 1561426278259,
    "duration": 0,
    "pid": 9504,
    "index": 47
  },
  {
    "name": "Require(39) node_modules/egg-multipart/app.js",
    "start": 1561426278259,
    "end": 1561426278259,
    "duration": 0,
    "pid": 9504,
    "index": 48
  },
  {
    "name": "Require(40) node_modules/egg-logrotator/app.js",
    "start": 1561426278259,
    "end": 1561426278259,
    "duration": 0,
    "pid": 9504,
    "index": 49
  },
  {
    "name": "Require(41) node_modules/egg-static/app.js",
    "start": 1561426278259,
    "end": 1561426278259,
    "duration": 0,
    "pid": 9504,
    "index": 50
  },
  {
    "name": "Require(42) node_modules/egg-validate/app.js",
    "start": 1561426278259,
    "end": 1561426278269,
    "duration": 10,
    "pid": 9504,
    "index": 51
  },
  {
    "name": "Require(43) node_modules/egg-cors/app.js",
    "start": 1561426278269,
    "end": 1561426278269,
    "duration": 0,
    "pid": 9504,
    "index": 52
  },
  {
    "name": "Require(44) node_modules/egg-mysql/app.js",
    "start": 1561426278269,
    "end": 1561426278389,
    "duration": 120,
    "pid": 9504,
    "index": 53
  },
  {
    "name": "Before Start in node_modules/egg-watcher/lib/init.js:15:14",
    "start": 1561426278408,
    "end": 1561426278845,
    "duration": 437,
    "pid": 9504,
    "index": 54
  },
  {
    "name": "Before Start in node_modules/egg-mysql/lib/mysql.js:20:7",
    "start": 1561426278641,
    "end": 1561426278847,
    "duration": 206,
    "pid": 9504,
    "index": 55
  },
  {
    "name": "Load Service",
    "start": 1561426278642,
    "end": 1561426278664,
    "duration": 22,
    "pid": 9504,
    "index": 56
  },
  {
    "name": "Load \"service\" to Context",
    "start": 1561426278642,
    "end": 1561426278664,
    "duration": 22,
    "pid": 9504,
    "index": 57
  },
  {
    "name": "Load Middleware",
    "start": 1561426278664,
    "end": 1561426278775,
    "duration": 111,
    "pid": 9504,
    "index": 58
  },
  {
    "name": "Load \"middlewares\" to Application",
    "start": 1561426278664,
    "end": 1561426278765,
    "duration": 101,
    "pid": 9504,
    "index": 59
  },
  {
    "name": "Load Controller",
    "start": 1561426278775,
    "end": 1561426278789,
    "duration": 14,
    "pid": 9504,
    "index": 60
  },
  {
    "name": "Load \"controller\" to Application",
    "start": 1561426278775,
    "end": 1561426278789,
    "duration": 14,
    "pid": 9504,
    "index": 61
  },
  {
    "name": "Load Router",
    "start": 1561426278789,
    "end": 1561426278792,
    "duration": 3,
    "pid": 9504,
    "index": 62
  },
  {
    "name": "Require(45) app/router.js",
    "start": 1561426278789,
    "end": 1561426278789,
    "duration": 0,
    "pid": 9504,
    "index": 63
  },
  {
    "name": "Before Start in node_modules/egg-core/lib/egg.js:303:10",
    "start": 1561426278790,
    "end": 1561426278809,
    "duration": 19,
    "pid": 9504,
    "index": 64
  }
]