[
  {
    "name": "Application Start",
    "start": 1565170182285,
    "end": 1565170184102,
    "duration": 1817,
    "pid": 13004,
    "index": 0
  },
  {
    "name": "Load Plugin",
    "start": 1565170182300,
    "end": 1565170182387,
    "duration": 87,
    "pid": 13004,
    "index": 1
  },
  {
    "name": "Load Config",
    "start": 1565170182387,
    "end": 1565170182448,
    "duration": 61,
    "pid": 13004,
    "index": 2
  },
  {
    "name": "Require(0) config/config.default.js",
    "start": 1565170182389,
    "end": 1565170182389,
    "duration": 0,
    "pid": 13004,
    "index": 3
  },
  {
    "name": "Require(1) node_modules/egg-session/config/config.default.js",
    "start": 1565170182393,
    "end": 1565170182394,
    "duration": 1,
    "pid": 13004,
    "index": 4
  },
  {
    "name": "Require(2) node_modules/egg-security/config/config.default.js",
    "start": 1565170182396,
    "end": 1565170182396,
    "duration": 0,
    "pid": 13004,
    "index": 5
  },
  {
    "name": "Require(3) node_modules/egg-jsonp/config/config.default.js",
    "start": 1565170182399,
    "end": 1565170182399,
    "duration": 0,
    "pid": 13004,
    "index": 6
  },
  {
    "name": "Require(4) node_modules/egg-onerror/config/config.default.js",
    "start": 1565170182401,
    "end": 1565170182402,
    "duration": 1,
    "pid": 13004,
    "index": 7
  },
  {
    "name": "Require(5) node_modules/egg-i18n/config/config.default.js",
    "start": 1565170182403,
    "end": 1565170182404,
    "duration": 1,
    "pid": 13004,
    "index": 8
  },
  {
    "name": "Require(6) node_modules/egg-watcher/config/config.default.js",
    "start": 1565170182406,
    "end": 1565170182406,
    "duration": 0,
    "pid": 13004,
    "index": 9
  },
  {
    "name": "Require(7) node_modules/egg-schedule/config/config.default.js",
    "start": 1565170182409,
    "end": 1565170182409,
    "duration": 0,
    "pid": 13004,
    "index": 10
  },
  {
    "name": "Require(8) node_modules/egg-multipart/config/config.default.js",
    "start": 1565170182411,
    "end": 1565170182412,
    "duration": 1,
    "pid": 13004,
    "index": 11
  },
  {
    "name": "Require(9) node_modules/egg-logrotator/config/config.default.js",
    "start": 1565170182414,
    "end": 1565170182414,
    "duration": 0,
    "pid": 13004,
    "index": 12
  },
  {
    "name": "Require(10) node_modules/egg-static/config/config.default.js",
    "start": 1565170182416,
    "end": 1565170182417,
    "duration": 1,
    "pid": 13004,
    "index": 13
  },
  {
    "name": "Require(11) node_modules/egg-view/config/config.default.js",
    "start": 1565170182419,
    "end": 1565170182420,
    "duration": 1,
    "pid": 13004,
    "index": 14
  },
  {
    "name": "Require(12) node_modules/egg-cors/config/config.default.js",
    "start": 1565170182423,
    "end": 1565170182423,
    "duration": 0,
    "pid": 13004,
    "index": 15
  },
  {
    "name": "Require(13) node_modules/egg-mysql/config/config.default.js",
    "start": 1565170182426,
    "end": 1565170182426,
    "duration": 0,
    "pid": 13004,
    "index": 16
  },
  {
    "name": "Require(14) node_modules/egg/config/config.default.js",
    "start": 1565170182428,
    "end": 1565170182429,
    "duration": 1,
    "pid": 13004,
    "index": 17
  },
  {
    "name": "Require(15) config/config.default.js",
    "start": 1565170182431,
    "end": 1565170182431,
    "duration": 0,
    "pid": 13004,
    "index": 18
  },
  {
    "name": "Require(16) node_modules/egg-static/config/config.prod.js",
    "start": 1565170182441,
    "end": 1565170182442,
    "duration": 1,
    "pid": 13004,
    "index": 19
  },
  {
    "name": "Load extend/application.js",
    "start": 1565170182451,
    "end": 1565170182522,
    "duration": 71,
    "pid": 13004,
    "index": 20
  },
  {
    "name": "Require(17) node_modules/egg-session/app/extend/application.js",
    "start": 1565170182453,
    "end": 1565170182454,
    "duration": 1,
    "pid": 13004,
    "index": 21
  },
  {
    "name": "Require(18) node_modules/egg-security/app/extend/application.js",
    "start": 1565170182455,
    "end": 1565170182459,
    "duration": 4,
    "pid": 13004,
    "index": 22
  },
  {
    "name": "Require(19) node_modules/egg-jsonp/app/extend/application.js",
    "start": 1565170182460,
    "end": 1565170182466,
    "duration": 6,
    "pid": 13004,
    "index": 23
  },
  {
    "name": "Require(20) node_modules/egg-logrotator/app/extend/application.js",
    "start": 1565170182472,
    "end": 1565170182497,
    "duration": 25,
    "pid": 13004,
    "index": 24
  },
  {
    "name": "Require(21) node_modules/egg-view/app/extend/application.js",
    "start": 1565170182499,
    "end": 1565170182503,
    "duration": 4,
    "pid": 13004,
    "index": 25
  },
  {
    "name": "Load extend/request.js",
    "start": 1565170182522,
    "end": 1565170182560,
    "duration": 38,
    "pid": 13004,
    "index": 26
  },
  {
    "name": "Require(22) node_modules/egg/app/extend/request.js",
    "start": 1565170182537,
    "end": 1565170182543,
    "duration": 6,
    "pid": 13004,
    "index": 27
  },
  {
    "name": "Load extend/response.js",
    "start": 1565170182561,
    "end": 1565170182603,
    "duration": 42,
    "pid": 13004,
    "index": 28
  },
  {
    "name": "Require(23) node_modules/egg/app/extend/response.js",
    "start": 1565170182574,
    "end": 1565170182583,
    "duration": 9,
    "pid": 13004,
    "index": 29
  },
  {
    "name": "Load extend/context.js",
    "start": 1565170182603,
    "end": 1565170182844,
    "duration": 241,
    "pid": 13004,
    "index": 30
  },
  {
    "name": "Require(24) node_modules/egg-security/app/extend/context.js",
    "start": 1565170182607,
    "end": 1565170182674,
    "duration": 67,
    "pid": 13004,
    "index": 31
  },
  {
    "name": "Require(25) node_modules/egg-jsonp/app/extend/context.js",
    "start": 1565170182675,
    "end": 1565170182680,
    "duration": 5,
    "pid": 13004,
    "index": 32
  },
  {
    "name": "Require(26) node_modules/egg-i18n/app/extend/context.js",
    "start": 1565170182682,
    "end": 1565170182683,
    "duration": 1,
    "pid": 13004,
    "index": 33
  },
  {
    "name": "Require(27) node_modules/egg-multipart/app/extend/context.js",
    "start": 1565170182686,
    "end": 1565170182802,
    "duration": 116,
    "pid": 13004,
    "index": 34
  },
  {
    "name": "Require(28) node_modules/egg-view/app/extend/context.js",
    "start": 1565170182805,
    "end": 1565170182808,
    "duration": 3,
    "pid": 13004,
    "index": 35
  },
  {
    "name": "Require(29) node_modules/egg-validate/app/extend/context.js",
    "start": 1565170182813,
    "end": 1565170182814,
    "duration": 1,
    "pid": 13004,
    "index": 36
  },
  {
    "name": "Require(30) node_modules/egg/app/extend/context.js",
    "start": 1565170182816,
    "end": 1565170182827,
    "duration": 11,
    "pid": 13004,
    "index": 37
  },
  {
    "name": "Load extend/helper.js",
    "start": 1565170182844,
    "end": 1565170182929,
    "duration": 85,
    "pid": 13004,
    "index": 38
  },
  {
    "name": "Require(31) node_modules/egg-security/app/extend/helper.js",
    "start": 1565170182846,
    "end": 1565170182903,
    "duration": 57,
    "pid": 13004,
    "index": 39
  },
  {
    "name": "Require(32) node_modules/egg/app/extend/helper.js",
    "start": 1565170182914,
    "end": 1565170182915,
    "duration": 1,
    "pid": 13004,
    "index": 40
  },
  {
    "name": "Load app.js",
    "start": 1565170182929,
    "end": 1565170183152,
    "duration": 223,
    "pid": 13004,
    "index": 41
  },
  {
    "name": "Require(33) node_modules/egg-session/app.js",
    "start": 1565170182930,
    "end": 1565170182931,
    "duration": 1,
    "pid": 13004,
    "index": 42
  },
  {
    "name": "Require(34) node_modules/egg-security/app.js",
    "start": 1565170182932,
    "end": 1565170182942,
    "duration": 10,
    "pid": 13004,
    "index": 43
  },
  {
    "name": "Require(35) node_modules/egg-onerror/app.js",
    "start": 1565170182944,
    "end": 1565170182987,
    "duration": 43,
    "pid": 13004,
    "index": 44
  },
  {
    "name": "Require(36) node_modules/egg-i18n/app.js",
    "start": 1565170182989,
    "end": 1565170183042,
    "duration": 53,
    "pid": 13004,
    "index": 45
  },
  {
    "name": "Require(37) node_modules/egg-watcher/app.js",
    "start": 1565170183043,
    "end": 1565170183057,
    "duration": 14,
    "pid": 13004,
    "index": 46
  },
  {
    "name": "Require(38) node_modules/egg-schedule/app.js",
    "start": 1565170183058,
    "end": 1565170183064,
    "duration": 6,
    "pid": 13004,
    "index": 47
  },
  {
    "name": "Require(39) node_modules/egg-multipart/app.js",
    "start": 1565170183065,
    "end": 1565170183076,
    "duration": 11,
    "pid": 13004,
    "index": 48
  },
  {
    "name": "Require(40) node_modules/egg-logrotator/app.js",
    "start": 1565170183077,
    "end": 1565170183078,
    "duration": 1,
    "pid": 13004,
    "index": 49
  },
  {
    "name": "Require(41) node_modules/egg-static/app.js",
    "start": 1565170183079,
    "end": 1565170183080,
    "duration": 1,
    "pid": 13004,
    "index": 50
  },
  {
    "name": "Require(42) node_modules/egg-validate/app.js",
    "start": 1565170183084,
    "end": 1565170183090,
    "duration": 6,
    "pid": 13004,
    "index": 51
  },
  {
    "name": "Require(43) node_modules/egg-cors/app.js",
    "start": 1565170183092,
    "end": 1565170183092,
    "duration": 0,
    "pid": 13004,
    "index": 52
  },
  {
    "name": "Require(44) node_modules/egg-mysql/app.js",
    "start": 1565170183094,
    "end": 1565170183147,
    "duration": 53,
    "pid": 13004,
    "index": 53
  },
  {
    "name": "Before Start in node_modules/egg-watcher/lib/init.js:15:14",
    "start": 1565170183191,
    "end": 1565170184096,
    "duration": 905,
    "pid": 13004,
    "index": 54
  },
  {
    "name": "Before Start in node_modules/egg-mysql/lib/mysql.js:20:7",
    "start": 1565170183558,
    "end": 1565170184099,
    "duration": 541,
    "pid": 13004,
    "index": 55
  },
  {
    "name": "Load Service",
    "start": 1565170183559,
    "end": 1565170183619,
    "duration": 60,
    "pid": 13004,
    "index": 56
  },
  {
    "name": "Load \"service\" to Context",
    "start": 1565170183559,
    "end": 1565170183619,
    "duration": 60,
    "pid": 13004,
    "index": 57
  },
  {
    "name": "Load Middleware",
    "start": 1565170183620,
    "end": 1565170183994,
    "duration": 374,
    "pid": 13004,
    "index": 58
  },
  {
    "name": "Load \"middlewares\" to Application",
    "start": 1565170183620,
    "end": 1565170183964,
    "duration": 344,
    "pid": 13004,
    "index": 59
  },
  {
    "name": "Load Controller",
    "start": 1565170183994,
    "end": 1565170184043,
    "duration": 49,
    "pid": 13004,
    "index": 60
  },
  {
    "name": "Load \"controller\" to Application",
    "start": 1565170183994,
    "end": 1565170184043,
    "duration": 49,
    "pid": 13004,
    "index": 61
  },
  {
    "name": "Load Router",
    "start": 1565170184043,
    "end": 1565170184055,
    "duration": 12,
    "pid": 13004,
    "index": 62
  },
  {
    "name": "Require(45) app/router.js",
    "start": 1565170184044,
    "end": 1565170184045,
    "duration": 1,
    "pid": 13004,
    "index": 63
  },
  {
    "name": "Before Start in node_modules/egg-core/lib/egg.js:303:10",
    "start": 1565170184046,
    "end": 1565170184075,
    "duration": 29,
    "pid": 13004,
    "index": 64
  }
]