[
  {
    "name": "Application Start",
    "start": 1565153262934,
    "end": 1565153264994,
    "duration": 2060,
    "pid": 10212,
    "index": 0
  },
  {
    "name": "Load Plugin",
    "start": 1565153262952,
    "end": 1565153263054,
    "duration": 102,
    "pid": 10212,
    "index": 1
  },
  {
    "name": "Load Config",
    "start": 1565153263055,
    "end": 1565153263122,
    "duration": 67,
    "pid": 10212,
    "index": 2
  },
  {
    "name": "Require(0) config/config.default.js",
    "start": 1565153263057,
    "end": 1565153263057,
    "duration": 0,
    "pid": 10212,
    "index": 3
  },
  {
    "name": "Require(1) node_modules/egg-session/config/config.default.js",
    "start": 1565153263062,
    "end": 1565153263063,
    "duration": 1,
    "pid": 10212,
    "index": 4
  },
  {
    "name": "Require(2) node_modules/egg-security/config/config.default.js",
    "start": 1565153263065,
    "end": 1565153263065,
    "duration": 0,
    "pid": 10212,
    "index": 5
  },
  {
    "name": "Require(3) node_modules/egg-jsonp/config/config.default.js",
    "start": 1565153263068,
    "end": 1565153263069,
    "duration": 1,
    "pid": 10212,
    "index": 6
  },
  {
    "name": "Require(4) node_modules/egg-onerror/config/config.default.js",
    "start": 1565153263071,
    "end": 1565153263071,
    "duration": 0,
    "pid": 10212,
    "index": 7
  },
  {
    "name": "Require(5) node_modules/egg-i18n/config/config.default.js",
    "start": 1565153263074,
    "end": 1565153263074,
    "duration": 0,
    "pid": 10212,
    "index": 8
  },
  {
    "name": "Require(6) node_modules/egg-watcher/config/config.default.js",
    "start": 1565153263077,
    "end": 1565153263077,
    "duration": 0,
    "pid": 10212,
    "index": 9
  },
  {
    "name": "Require(7) node_modules/egg-schedule/config/config.default.js",
    "start": 1565153263079,
    "end": 1565153263080,
    "duration": 1,
    "pid": 10212,
    "index": 10
  },
  {
    "name": "Require(8) node_modules/egg-multipart/config/config.default.js",
    "start": 1565153263081,
    "end": 1565153263082,
    "duration": 1,
    "pid": 10212,
    "index": 11
  },
  {
    "name": "Require(9) node_modules/egg-logrotator/config/config.default.js",
    "start": 1565153263084,
    "end": 1565153263085,
    "duration": 1,
    "pid": 10212,
    "index": 12
  },
  {
    "name": "Require(10) node_modules/egg-static/config/config.default.js",
    "start": 1565153263087,
    "end": 1565153263087,
    "duration": 0,
    "pid": 10212,
    "index": 13
  },
  {
    "name": "Require(11) node_modules/egg-view/config/config.default.js",
    "start": 1565153263089,
    "end": 1565153263090,
    "duration": 1,
    "pid": 10212,
    "index": 14
  },
  {
    "name": "Require(12) node_modules/egg-cors/config/config.default.js",
    "start": 1565153263093,
    "end": 1565153263093,
    "duration": 0,
    "pid": 10212,
    "index": 15
  },
  {
    "name": "Require(13) node_modules/egg-mysql/config/config.default.js",
    "start": 1565153263095,
    "end": 1565153263095,
    "duration": 0,
    "pid": 10212,
    "index": 16
  },
  {
    "name": "Require(14) node_modules/egg/config/config.default.js",
    "start": 1565153263097,
    "end": 1565153263098,
    "duration": 1,
    "pid": 10212,
    "index": 17
  },
  {
    "name": "Require(15) config/config.default.js",
    "start": 1565153263100,
    "end": 1565153263100,
    "duration": 0,
    "pid": 10212,
    "index": 18
  },
  {
    "name": "Require(16) node_modules/egg-static/config/config.prod.js",
    "start": 1565153263111,
    "end": 1565153263111,
    "duration": 0,
    "pid": 10212,
    "index": 19
  },
  {
    "name": "Load extend/application.js",
    "start": 1565153263125,
    "end": 1565153263199,
    "duration": 74,
    "pid": 10212,
    "index": 20
  },
  {
    "name": "Require(17) node_modules/egg-session/app/extend/application.js",
    "start": 1565153263127,
    "end": 1565153263128,
    "duration": 1,
    "pid": 10212,
    "index": 21
  },
  {
    "name": "Require(18) node_modules/egg-security/app/extend/application.js",
    "start": 1565153263129,
    "end": 1565153263132,
    "duration": 3,
    "pid": 10212,
    "index": 22
  },
  {
    "name": "Require(19) node_modules/egg-jsonp/app/extend/application.js",
    "start": 1565153263134,
    "end": 1565153263140,
    "duration": 6,
    "pid": 10212,
    "index": 23
  },
  {
    "name": "Require(20) node_modules/egg-logrotator/app/extend/application.js",
    "start": 1565153263145,
    "end": 1565153263169,
    "duration": 24,
    "pid": 10212,
    "index": 24
  },
  {
    "name": "Require(21) node_modules/egg-view/app/extend/application.js",
    "start": 1565153263171,
    "end": 1565153263176,
    "duration": 5,
    "pid": 10212,
    "index": 25
  },
  {
    "name": "Load extend/request.js",
    "start": 1565153263199,
    "end": 1565153263237,
    "duration": 38,
    "pid": 10212,
    "index": 26
  },
  {
    "name": "Require(22) node_modules/egg/app/extend/request.js",
    "start": 1565153263217,
    "end": 1565153263224,
    "duration": 7,
    "pid": 10212,
    "index": 27
  },
  {
    "name": "Load extend/response.js",
    "start": 1565153263237,
    "end": 1565153263286,
    "duration": 49,
    "pid": 10212,
    "index": 28
  },
  {
    "name": "Require(23) node_modules/egg/app/extend/response.js",
    "start": 1565153263249,
    "end": 1565153263256,
    "duration": 7,
    "pid": 10212,
    "index": 29
  },
  {
    "name": "Load extend/context.js",
    "start": 1565153263286,
    "end": 1565153263646,
    "duration": 360,
    "pid": 10212,
    "index": 30
  },
  {
    "name": "Require(24) node_modules/egg-security/app/extend/context.js",
    "start": 1565153263288,
    "end": 1565153263350,
    "duration": 62,
    "pid": 10212,
    "index": 31
  },
  {
    "name": "Require(25) node_modules/egg-jsonp/app/extend/context.js",
    "start": 1565153263351,
    "end": 1565153263358,
    "duration": 7,
    "pid": 10212,
    "index": 32
  },
  {
    "name": "Require(26) node_modules/egg-i18n/app/extend/context.js",
    "start": 1565153263360,
    "end": 1565153263361,
    "duration": 1,
    "pid": 10212,
    "index": 33
  },
  {
    "name": "Require(27) node_modules/egg-multipart/app/extend/context.js",
    "start": 1565153263364,
    "end": 1565153263598,
    "duration": 234,
    "pid": 10212,
    "index": 34
  },
  {
    "name": "Require(28) node_modules/egg-view/app/extend/context.js",
    "start": 1565153263601,
    "end": 1565153263604,
    "duration": 3,
    "pid": 10212,
    "index": 35
  },
  {
    "name": "Require(29) node_modules/egg-validate/app/extend/context.js",
    "start": 1565153263605,
    "end": 1565153263606,
    "duration": 1,
    "pid": 10212,
    "index": 36
  },
  {
    "name": "Require(30) node_modules/egg/app/extend/context.js",
    "start": 1565153263615,
    "end": 1565153263627,
    "duration": 12,
    "pid": 10212,
    "index": 37
  },
  {
    "name": "Load extend/helper.js",
    "start": 1565153263647,
    "end": 1565153263744,
    "duration": 97,
    "pid": 10212,
    "index": 38
  },
  {
    "name": "Require(31) node_modules/egg-security/app/extend/helper.js",
    "start": 1565153263649,
    "end": 1565153263709,
    "duration": 60,
    "pid": 10212,
    "index": 39
  },
  {
    "name": "Require(32) node_modules/egg/app/extend/helper.js",
    "start": 1565153263720,
    "end": 1565153263721,
    "duration": 1,
    "pid": 10212,
    "index": 40
  },
  {
    "name": "Load app.js",
    "start": 1565153263744,
    "end": 1565153263987,
    "duration": 243,
    "pid": 10212,
    "index": 41
  },
  {
    "name": "Require(33) node_modules/egg-session/app.js",
    "start": 1565153263745,
    "end": 1565153263746,
    "duration": 1,
    "pid": 10212,
    "index": 42
  },
  {
    "name": "Require(34) node_modules/egg-security/app.js",
    "start": 1565153263747,
    "end": 1565153263755,
    "duration": 8,
    "pid": 10212,
    "index": 43
  },
  {
    "name": "Require(35) node_modules/egg-onerror/app.js",
    "start": 1565153263758,
    "end": 1565153263796,
    "duration": 38,
    "pid": 10212,
    "index": 44
  },
  {
    "name": "Require(36) node_modules/egg-i18n/app.js",
    "start": 1565153263797,
    "end": 1565153263837,
    "duration": 40,
    "pid": 10212,
    "index": 45
  },
  {
    "name": "Require(37) node_modules/egg-watcher/app.js",
    "start": 1565153263839,
    "end": 1565153263859,
    "duration": 20,
    "pid": 10212,
    "index": 46
  },
  {
    "name": "Require(38) node_modules/egg-schedule/app.js",
    "start": 1565153263860,
    "end": 1565153263867,
    "duration": 7,
    "pid": 10212,
    "index": 47
  },
  {
    "name": "Require(39) node_modules/egg-multipart/app.js",
    "start": 1565153263869,
    "end": 1565153263879,
    "duration": 10,
    "pid": 10212,
    "index": 48
  },
  {
    "name": "Require(40) node_modules/egg-logrotator/app.js",
    "start": 1565153263881,
    "end": 1565153263881,
    "duration": 0,
    "pid": 10212,
    "index": 49
  },
  {
    "name": "Require(41) node_modules/egg-static/app.js",
    "start": 1565153263883,
    "end": 1565153263883,
    "duration": 0,
    "pid": 10212,
    "index": 50
  },
  {
    "name": "Require(42) node_modules/egg-validate/app.js",
    "start": 1565153263886,
    "end": 1565153263892,
    "duration": 6,
    "pid": 10212,
    "index": 51
  },
  {
    "name": "Require(43) node_modules/egg-cors/app.js",
    "start": 1565153263898,
    "end": 1565153263901,
    "duration": 3,
    "pid": 10212,
    "index": 52
  },
  {
    "name": "Require(44) node_modules/egg-mysql/app.js",
    "start": 1565153263902,
    "end": 1565153263983,
    "duration": 81,
    "pid": 10212,
    "index": 53
  },
  {
    "name": "Before Start in node_modules/egg-watcher/lib/init.js:15:14",
    "start": 1565153264038,
    "end": 1565153264989,
    "duration": 951,
    "pid": 10212,
    "index": 54
  },
  {
    "name": "Before Start in node_modules/egg-mysql/lib/mysql.js:20:7",
    "start": 1565153264400,
    "end": 1565153264991,
    "duration": 591,
    "pid": 10212,
    "index": 55
  },
  {
    "name": "Load Service",
    "start": 1565153264401,
    "end": 1565153264453,
    "duration": 52,
    "pid": 10212,
    "index": 56
  },
  {
    "name": "Load \"service\" to Context",
    "start": 1565153264401,
    "end": 1565153264453,
    "duration": 52,
    "pid": 10212,
    "index": 57
  },
  {
    "name": "Load Middleware",
    "start": 1565153264453,
    "end": 1565153264868,
    "duration": 415,
    "pid": 10212,
    "index": 58
  },
  {
    "name": "Load \"middlewares\" to Application",
    "start": 1565153264454,
    "end": 1565153264839,
    "duration": 385,
    "pid": 10212,
    "index": 59
  },
  {
    "name": "Load Controller",
    "start": 1565153264868,
    "end": 1565153264919,
    "duration": 51,
    "pid": 10212,
    "index": 60
  },
  {
    "name": "Load \"controller\" to Application",
    "start": 1565153264868,
    "end": 1565153264919,
    "duration": 51,
    "pid": 10212,
    "index": 61
  },
  {
    "name": "Load Router",
    "start": 1565153264919,
    "end": 1565153264924,
    "duration": 5,
    "pid": 10212,
    "index": 62
  },
  {
    "name": "Require(45) app/router.js",
    "start": 1565153264920,
    "end": 1565153264921,
    "duration": 1,
    "pid": 10212,
    "index": 63
  },
  {
    "name": "Before Start in node_modules/egg-core/lib/egg.js:303:10",
    "start": 1565153264922,
    "end": 1565153264956,
    "duration": 34,
    "pid": 10212,
    "index": 64
  }
]