[
  {
    "name": "Application Start",
    "start": 1565002789388,
    "end": 1565002791344,
    "duration": 1956,
    "pid": 5448,
    "index": 0
  },
  {
    "name": "Load Plugin",
    "start": 1565002789404,
    "end": 1565002789499,
    "duration": 95,
    "pid": 5448,
    "index": 1
  },
  {
    "name": "Load Config",
    "start": 1565002789499,
    "end": 1565002789569,
    "duration": 70,
    "pid": 5448,
    "index": 2
  },
  {
    "name": "Require(0) config/config.default.js",
    "start": 1565002789501,
    "end": 1565002789502,
    "duration": 1,
    "pid": 5448,
    "index": 3
  },
  {
    "name": "Require(1) node_modules/egg-session/config/config.default.js",
    "start": 1565002789507,
    "end": 1565002789507,
    "duration": 0,
    "pid": 5448,
    "index": 4
  },
  {
    "name": "Require(2) node_modules/egg-security/config/config.default.js",
    "start": 1565002789509,
    "end": 1565002789510,
    "duration": 1,
    "pid": 5448,
    "index": 5
  },
  {
    "name": "Require(3) node_modules/egg-jsonp/config/config.default.js",
    "start": 1565002789513,
    "end": 1565002789513,
    "duration": 0,
    "pid": 5448,
    "index": 6
  },
  {
    "name": "Require(4) node_modules/egg-onerror/config/config.default.js",
    "start": 1565002789515,
    "end": 1565002789516,
    "duration": 1,
    "pid": 5448,
    "index": 7
  },
  {
    "name": "Require(5) node_modules/egg-i18n/config/config.default.js",
    "start": 1565002789519,
    "end": 1565002789521,
    "duration": 2,
    "pid": 5448,
    "index": 8
  },
  {
    "name": "Require(6) node_modules/egg-watcher/config/config.default.js",
    "start": 1565002789524,
    "end": 1565002789524,
    "duration": 0,
    "pid": 5448,
    "index": 9
  },
  {
    "name": "Require(7) node_modules/egg-schedule/config/config.default.js",
    "start": 1565002789526,
    "end": 1565002789527,
    "duration": 1,
    "pid": 5448,
    "index": 10
  },
  {
    "name": "Require(8) node_modules/egg-multipart/config/config.default.js",
    "start": 1565002789529,
    "end": 1565002789530,
    "duration": 1,
    "pid": 5448,
    "index": 11
  },
  {
    "name": "Require(9) node_modules/egg-logrotator/config/config.default.js",
    "start": 1565002789532,
    "end": 1565002789532,
    "duration": 0,
    "pid": 5448,
    "index": 12
  },
  {
    "name": "Require(10) node_modules/egg-static/config/config.default.js",
    "start": 1565002789535,
    "end": 1565002789535,
    "duration": 0,
    "pid": 5448,
    "index": 13
  },
  {
    "name": "Require(11) node_modules/egg-view/config/config.default.js",
    "start": 1565002789537,
    "end": 1565002789538,
    "duration": 1,
    "pid": 5448,
    "index": 14
  },
  {
    "name": "Require(12) node_modules/egg-cors/config/config.default.js",
    "start": 1565002789541,
    "end": 1565002789541,
    "duration": 0,
    "pid": 5448,
    "index": 15
  },
  {
    "name": "Require(13) node_modules/egg-mysql/config/config.default.js",
    "start": 1565002789543,
    "end": 1565002789544,
    "duration": 1,
    "pid": 5448,
    "index": 16
  },
  {
    "name": "Require(14) node_modules/egg/config/config.default.js",
    "start": 1565002789545,
    "end": 1565002789546,
    "duration": 1,
    "pid": 5448,
    "index": 17
  },
  {
    "name": "Require(15) config/config.default.js",
    "start": 1565002789549,
    "end": 1565002789549,
    "duration": 0,
    "pid": 5448,
    "index": 18
  },
  {
    "name": "Require(16) node_modules/egg-static/config/config.prod.js",
    "start": 1565002789562,
    "end": 1565002789562,
    "duration": 0,
    "pid": 5448,
    "index": 19
  },
  {
    "name": "Load extend/application.js",
    "start": 1565002789572,
    "end": 1565002789639,
    "duration": 67,
    "pid": 5448,
    "index": 20
  },
  {
    "name": "Require(17) node_modules/egg-session/app/extend/application.js",
    "start": 1565002789574,
    "end": 1565002789575,
    "duration": 1,
    "pid": 5448,
    "index": 21
  },
  {
    "name": "Require(18) node_modules/egg-security/app/extend/application.js",
    "start": 1565002789576,
    "end": 1565002789580,
    "duration": 4,
    "pid": 5448,
    "index": 22
  },
  {
    "name": "Require(19) node_modules/egg-jsonp/app/extend/application.js",
    "start": 1565002789581,
    "end": 1565002789587,
    "duration": 6,
    "pid": 5448,
    "index": 23
  },
  {
    "name": "Require(20) node_modules/egg-logrotator/app/extend/application.js",
    "start": 1565002789593,
    "end": 1565002789616,
    "duration": 23,
    "pid": 5448,
    "index": 24
  },
  {
    "name": "Require(21) node_modules/egg-view/app/extend/application.js",
    "start": 1565002789618,
    "end": 1565002789623,
    "duration": 5,
    "pid": 5448,
    "index": 25
  },
  {
    "name": "Load extend/request.js",
    "start": 1565002789639,
    "end": 1565002789672,
    "duration": 33,
    "pid": 5448,
    "index": 26
  },
  {
    "name": "Require(22) node_modules/egg/app/extend/request.js",
    "start": 1565002789653,
    "end": 1565002789658,
    "duration": 5,
    "pid": 5448,
    "index": 27
  },
  {
    "name": "Load extend/response.js",
    "start": 1565002789672,
    "end": 1565002789709,
    "duration": 37,
    "pid": 5448,
    "index": 28
  },
  {
    "name": "Require(23) node_modules/egg/app/extend/response.js",
    "start": 1565002789687,
    "end": 1565002789695,
    "duration": 8,
    "pid": 5448,
    "index": 29
  },
  {
    "name": "Load extend/context.js",
    "start": 1565002789709,
    "end": 1565002789931,
    "duration": 222,
    "pid": 5448,
    "index": 30
  },
  {
    "name": "Require(24) node_modules/egg-security/app/extend/context.js",
    "start": 1565002789711,
    "end": 1565002789771,
    "duration": 60,
    "pid": 5448,
    "index": 31
  },
  {
    "name": "Require(25) node_modules/egg-jsonp/app/extend/context.js",
    "start": 1565002789773,
    "end": 1565002789781,
    "duration": 8,
    "pid": 5448,
    "index": 32
  },
  {
    "name": "Require(26) node_modules/egg-i18n/app/extend/context.js",
    "start": 1565002789784,
    "end": 1565002789785,
    "duration": 1,
    "pid": 5448,
    "index": 33
  },
  {
    "name": "Require(27) node_modules/egg-multipart/app/extend/context.js",
    "start": 1565002789788,
    "end": 1565002789896,
    "duration": 108,
    "pid": 5448,
    "index": 34
  },
  {
    "name": "Require(28) node_modules/egg-view/app/extend/context.js",
    "start": 1565002789899,
    "end": 1565002789902,
    "duration": 3,
    "pid": 5448,
    "index": 35
  },
  {
    "name": "Require(29) node_modules/egg-validate/app/extend/context.js",
    "start": 1565002789904,
    "end": 1565002789905,
    "duration": 1,
    "pid": 5448,
    "index": 36
  },
  {
    "name": "Require(30) node_modules/egg/app/extend/context.js",
    "start": 1565002789907,
    "end": 1565002789916,
    "duration": 9,
    "pid": 5448,
    "index": 37
  },
  {
    "name": "Load extend/helper.js",
    "start": 1565002789931,
    "end": 1565002790013,
    "duration": 82,
    "pid": 5448,
    "index": 38
  },
  {
    "name": "Require(31) node_modules/egg-security/app/extend/helper.js",
    "start": 1565002789933,
    "end": 1565002789987,
    "duration": 54,
    "pid": 5448,
    "index": 39
  },
  {
    "name": "Require(32) node_modules/egg/app/extend/helper.js",
    "start": 1565002789999,
    "end": 1565002790000,
    "duration": 1,
    "pid": 5448,
    "index": 40
  },
  {
    "name": "Load app.js",
    "start": 1565002790013,
    "end": 1565002790227,
    "duration": 214,
    "pid": 5448,
    "index": 41
  },
  {
    "name": "Require(33) node_modules/egg-session/app.js",
    "start": 1565002790014,
    "end": 1565002790015,
    "duration": 1,
    "pid": 5448,
    "index": 42
  },
  {
    "name": "Require(34) node_modules/egg-security/app.js",
    "start": 1565002790016,
    "end": 1565002790024,
    "duration": 8,
    "pid": 5448,
    "index": 43
  },
  {
    "name": "Require(35) node_modules/egg-onerror/app.js",
    "start": 1565002790027,
    "end": 1565002790063,
    "duration": 36,
    "pid": 5448,
    "index": 44
  },
  {
    "name": "Require(36) node_modules/egg-i18n/app.js",
    "start": 1565002790064,
    "end": 1565002790110,
    "duration": 46,
    "pid": 5448,
    "index": 45
  },
  {
    "name": "Require(37) node_modules/egg-watcher/app.js",
    "start": 1565002790111,
    "end": 1565002790127,
    "duration": 16,
    "pid": 5448,
    "index": 46
  },
  {
    "name": "Require(38) node_modules/egg-schedule/app.js",
    "start": 1565002790129,
    "end": 1565002790137,
    "duration": 8,
    "pid": 5448,
    "index": 47
  },
  {
    "name": "Require(39) node_modules/egg-multipart/app.js",
    "start": 1565002790138,
    "end": 1565002790154,
    "duration": 16,
    "pid": 5448,
    "index": 48
  },
  {
    "name": "Require(40) node_modules/egg-logrotator/app.js",
    "start": 1565002790156,
    "end": 1565002790156,
    "duration": 0,
    "pid": 5448,
    "index": 49
  },
  {
    "name": "Require(41) node_modules/egg-static/app.js",
    "start": 1565002790158,
    "end": 1565002790159,
    "duration": 1,
    "pid": 5448,
    "index": 50
  },
  {
    "name": "Require(42) node_modules/egg-validate/app.js",
    "start": 1565002790162,
    "end": 1565002790168,
    "duration": 6,
    "pid": 5448,
    "index": 51
  },
  {
    "name": "Require(43) node_modules/egg-cors/app.js",
    "start": 1565002790170,
    "end": 1565002790171,
    "duration": 1,
    "pid": 5448,
    "index": 52
  },
  {
    "name": "Require(44) node_modules/egg-mysql/app.js",
    "start": 1565002790172,
    "end": 1565002790223,
    "duration": 51,
    "pid": 5448,
    "index": 53
  },
  {
    "name": "Before Start in node_modules/egg-watcher/lib/init.js:15:14",
    "start": 1565002790270,
    "end": 1565002791337,
    "duration": 1067,
    "pid": 5448,
    "index": 54
  },
  {
    "name": "Before Start in node_modules/egg-mysql/lib/mysql.js:20:7",
    "start": 1565002790701,
    "end": 1565002791342,
    "duration": 641,
    "pid": 5448,
    "index": 55
  },
  {
    "name": "Load Service",
    "start": 1565002790702,
    "end": 1565002790775,
    "duration": 73,
    "pid": 5448,
    "index": 56
  },
  {
    "name": "Load \"service\" to Context",
    "start": 1565002790702,
    "end": 1565002790775,
    "duration": 73,
    "pid": 5448,
    "index": 57
  },
  {
    "name": "Load Middleware",
    "start": 1565002790775,
    "end": 1565002791209,
    "duration": 434,
    "pid": 5448,
    "index": 58
  },
  {
    "name": "Load \"middlewares\" to Application",
    "start": 1565002790775,
    "end": 1565002791176,
    "duration": 401,
    "pid": 5448,
    "index": 59
  },
  {
    "name": "Load Controller",
    "start": 1565002791209,
    "end": 1565002791277,
    "duration": 68,
    "pid": 5448,
    "index": 60
  },
  {
    "name": "Load \"controller\" to Application",
    "start": 1565002791209,
    "end": 1565002791276,
    "duration": 67,
    "pid": 5448,
    "index": 61
  },
  {
    "name": "Load Router",
    "start": 1565002791277,
    "end": 1565002791287,
    "duration": 10,
    "pid": 5448,
    "index": 62
  },
  {
    "name": "Require(45) app/router.js",
    "start": 1565002791278,
    "end": 1565002791279,
    "duration": 1,
    "pid": 5448,
    "index": 63
  },
  {
    "name": "Before Start in node_modules/egg-core/lib/egg.js:303:10",
    "start": 1565002791280,
    "end": 1565002791308,
    "duration": 28,
    "pid": 5448,
    "index": 64
  }
]