[
  {
    "name": "Application Start",
    "start": 1565141993539,
    "end": 1565141995482,
    "duration": 1943,
    "pid": 732,
    "index": 0
  },
  {
    "name": "Load Plugin",
    "start": 1565141993554,
    "end": 1565141993643,
    "duration": 89,
    "pid": 732,
    "index": 1
  },
  {
    "name": "Load Config",
    "start": 1565141993643,
    "end": 1565141993703,
    "duration": 60,
    "pid": 732,
    "index": 2
  },
  {
    "name": "Require(0) config/config.default.js",
    "start": 1565141993645,
    "end": 1565141993646,
    "duration": 1,
    "pid": 732,
    "index": 3
  },
  {
    "name": "Require(1) node_modules/egg-session/config/config.default.js",
    "start": 1565141993650,
    "end": 1565141993651,
    "duration": 1,
    "pid": 732,
    "index": 4
  },
  {
    "name": "Require(2) node_modules/egg-security/config/config.default.js",
    "start": 1565141993653,
    "end": 1565141993653,
    "duration": 0,
    "pid": 732,
    "index": 5
  },
  {
    "name": "Require(3) node_modules/egg-jsonp/config/config.default.js",
    "start": 1565141993656,
    "end": 1565141993657,
    "duration": 1,
    "pid": 732,
    "index": 6
  },
  {
    "name": "Require(4) node_modules/egg-onerror/config/config.default.js",
    "start": 1565141993658,
    "end": 1565141993659,
    "duration": 1,
    "pid": 732,
    "index": 7
  },
  {
    "name": "Require(5) node_modules/egg-i18n/config/config.default.js",
    "start": 1565141993661,
    "end": 1565141993662,
    "duration": 1,
    "pid": 732,
    "index": 8
  },
  {
    "name": "Require(6) node_modules/egg-watcher/config/config.default.js",
    "start": 1565141993663,
    "end": 1565141993664,
    "duration": 1,
    "pid": 732,
    "index": 9
  },
  {
    "name": "Require(7) node_modules/egg-schedule/config/config.default.js",
    "start": 1565141993666,
    "end": 1565141993666,
    "duration": 0,
    "pid": 732,
    "index": 10
  },
  {
    "name": "Require(8) node_modules/egg-multipart/config/config.default.js",
    "start": 1565141993668,
    "end": 1565141993669,
    "duration": 1,
    "pid": 732,
    "index": 11
  },
  {
    "name": "Require(9) node_modules/egg-logrotator/config/config.default.js",
    "start": 1565141993671,
    "end": 1565141993672,
    "duration": 1,
    "pid": 732,
    "index": 12
  },
  {
    "name": "Require(10) node_modules/egg-static/config/config.default.js",
    "start": 1565141993674,
    "end": 1565141993674,
    "duration": 0,
    "pid": 732,
    "index": 13
  },
  {
    "name": "Require(11) node_modules/egg-view/config/config.default.js",
    "start": 1565141993676,
    "end": 1565141993677,
    "duration": 1,
    "pid": 732,
    "index": 14
  },
  {
    "name": "Require(12) node_modules/egg-cors/config/config.default.js",
    "start": 1565141993679,
    "end": 1565141993680,
    "duration": 1,
    "pid": 732,
    "index": 15
  },
  {
    "name": "Require(13) node_modules/egg-mysql/config/config.default.js",
    "start": 1565141993682,
    "end": 1565141993682,
    "duration": 0,
    "pid": 732,
    "index": 16
  },
  {
    "name": "Require(14) node_modules/egg/config/config.default.js",
    "start": 1565141993684,
    "end": 1565141993685,
    "duration": 1,
    "pid": 732,
    "index": 17
  },
  {
    "name": "Require(15) config/config.default.js",
    "start": 1565141993687,
    "end": 1565141993687,
    "duration": 0,
    "pid": 732,
    "index": 18
  },
  {
    "name": "Require(16) node_modules/egg-static/config/config.prod.js",
    "start": 1565141993697,
    "end": 1565141993698,
    "duration": 1,
    "pid": 732,
    "index": 19
  },
  {
    "name": "Load extend/application.js",
    "start": 1565141993706,
    "end": 1565141993776,
    "duration": 70,
    "pid": 732,
    "index": 20
  },
  {
    "name": "Require(17) node_modules/egg-session/app/extend/application.js",
    "start": 1565141993708,
    "end": 1565141993709,
    "duration": 1,
    "pid": 732,
    "index": 21
  },
  {
    "name": "Require(18) node_modules/egg-security/app/extend/application.js",
    "start": 1565141993711,
    "end": 1565141993714,
    "duration": 3,
    "pid": 732,
    "index": 22
  },
  {
    "name": "Require(19) node_modules/egg-jsonp/app/extend/application.js",
    "start": 1565141993716,
    "end": 1565141993721,
    "duration": 5,
    "pid": 732,
    "index": 23
  },
  {
    "name": "Require(20) node_modules/egg-logrotator/app/extend/application.js",
    "start": 1565141993727,
    "end": 1565141993751,
    "duration": 24,
    "pid": 732,
    "index": 24
  },
  {
    "name": "Require(21) node_modules/egg-view/app/extend/application.js",
    "start": 1565141993754,
    "end": 1565141993758,
    "duration": 4,
    "pid": 732,
    "index": 25
  },
  {
    "name": "Load extend/request.js",
    "start": 1565141993776,
    "end": 1565141993812,
    "duration": 36,
    "pid": 732,
    "index": 26
  },
  {
    "name": "Require(22) node_modules/egg/app/extend/request.js",
    "start": 1565141993790,
    "end": 1565141993797,
    "duration": 7,
    "pid": 732,
    "index": 27
  },
  {
    "name": "Load extend/response.js",
    "start": 1565141993812,
    "end": 1565141993869,
    "duration": 57,
    "pid": 732,
    "index": 28
  },
  {
    "name": "Require(23) node_modules/egg/app/extend/response.js",
    "start": 1565141993837,
    "end": 1565141993850,
    "duration": 13,
    "pid": 732,
    "index": 29
  },
  {
    "name": "Load extend/context.js",
    "start": 1565141993869,
    "end": 1565141994099,
    "duration": 230,
    "pid": 732,
    "index": 30
  },
  {
    "name": "Require(24) node_modules/egg-security/app/extend/context.js",
    "start": 1565141993872,
    "end": 1565141993946,
    "duration": 74,
    "pid": 732,
    "index": 31
  },
  {
    "name": "Require(25) node_modules/egg-jsonp/app/extend/context.js",
    "start": 1565141993947,
    "end": 1565141993952,
    "duration": 5,
    "pid": 732,
    "index": 32
  },
  {
    "name": "Require(26) node_modules/egg-i18n/app/extend/context.js",
    "start": 1565141993955,
    "end": 1565141993955,
    "duration": 0,
    "pid": 732,
    "index": 33
  },
  {
    "name": "Require(27) node_modules/egg-multipart/app/extend/context.js",
    "start": 1565141993959,
    "end": 1565141994065,
    "duration": 106,
    "pid": 732,
    "index": 34
  },
  {
    "name": "Require(28) node_modules/egg-view/app/extend/context.js",
    "start": 1565141994068,
    "end": 1565141994071,
    "duration": 3,
    "pid": 732,
    "index": 35
  },
  {
    "name": "Require(29) node_modules/egg-validate/app/extend/context.js",
    "start": 1565141994072,
    "end": 1565141994073,
    "duration": 1,
    "pid": 732,
    "index": 36
  },
  {
    "name": "Require(30) node_modules/egg/app/extend/context.js",
    "start": 1565141994076,
    "end": 1565141994085,
    "duration": 9,
    "pid": 732,
    "index": 37
  },
  {
    "name": "Load extend/helper.js",
    "start": 1565141994099,
    "end": 1565141994184,
    "duration": 85,
    "pid": 732,
    "index": 38
  },
  {
    "name": "Require(31) node_modules/egg-security/app/extend/helper.js",
    "start": 1565141994101,
    "end": 1565141994158,
    "duration": 57,
    "pid": 732,
    "index": 39
  },
  {
    "name": "Require(32) node_modules/egg/app/extend/helper.js",
    "start": 1565141994169,
    "end": 1565141994170,
    "duration": 1,
    "pid": 732,
    "index": 40
  },
  {
    "name": "Load app.js",
    "start": 1565141994185,
    "end": 1565141994406,
    "duration": 221,
    "pid": 732,
    "index": 41
  },
  {
    "name": "Require(33) node_modules/egg-session/app.js",
    "start": 1565141994186,
    "end": 1565141994186,
    "duration": 0,
    "pid": 732,
    "index": 42
  },
  {
    "name": "Require(34) node_modules/egg-security/app.js",
    "start": 1565141994188,
    "end": 1565141994195,
    "duration": 7,
    "pid": 732,
    "index": 43
  },
  {
    "name": "Require(35) node_modules/egg-onerror/app.js",
    "start": 1565141994198,
    "end": 1565141994232,
    "duration": 34,
    "pid": 732,
    "index": 44
  },
  {
    "name": "Require(36) node_modules/egg-i18n/app.js",
    "start": 1565141994233,
    "end": 1565141994270,
    "duration": 37,
    "pid": 732,
    "index": 45
  },
  {
    "name": "Require(37) node_modules/egg-watcher/app.js",
    "start": 1565141994271,
    "end": 1565141994284,
    "duration": 13,
    "pid": 732,
    "index": 46
  },
  {
    "name": "Require(38) node_modules/egg-schedule/app.js",
    "start": 1565141994285,
    "end": 1565141994290,
    "duration": 5,
    "pid": 732,
    "index": 47
  },
  {
    "name": "Require(39) node_modules/egg-multipart/app.js",
    "start": 1565141994292,
    "end": 1565141994302,
    "duration": 10,
    "pid": 732,
    "index": 48
  },
  {
    "name": "Require(40) node_modules/egg-logrotator/app.js",
    "start": 1565141994303,
    "end": 1565141994306,
    "duration": 3,
    "pid": 732,
    "index": 49
  },
  {
    "name": "Require(41) node_modules/egg-static/app.js",
    "start": 1565141994307,
    "end": 1565141994308,
    "duration": 1,
    "pid": 732,
    "index": 50
  },
  {
    "name": "Require(42) node_modules/egg-validate/app.js",
    "start": 1565141994311,
    "end": 1565141994316,
    "duration": 5,
    "pid": 732,
    "index": 51
  },
  {
    "name": "Require(43) node_modules/egg-cors/app.js",
    "start": 1565141994317,
    "end": 1565141994318,
    "duration": 1,
    "pid": 732,
    "index": 52
  },
  {
    "name": "Require(44) node_modules/egg-mysql/app.js",
    "start": 1565141994320,
    "end": 1565141994402,
    "duration": 82,
    "pid": 732,
    "index": 53
  },
  {
    "name": "Before Start in node_modules/egg-watcher/lib/init.js:15:14",
    "start": 1565141994457,
    "end": 1565141995477,
    "duration": 1020,
    "pid": 732,
    "index": 54
  },
  {
    "name": "Before Start in node_modules/egg-mysql/lib/mysql.js:20:7",
    "start": 1565141994771,
    "end": 1565141995461,
    "duration": 690,
    "pid": 732,
    "index": 55
  },
  {
    "name": "Load Service",
    "start": 1565141994772,
    "end": 1565141994833,
    "duration": 61,
    "pid": 732,
    "index": 56
  },
  {
    "name": "Load \"service\" to Context",
    "start": 1565141994772,
    "end": 1565141994833,
    "duration": 61,
    "pid": 732,
    "index": 57
  },
  {
    "name": "Load Middleware",
    "start": 1565141994834,
    "end": 1565141995328,
    "duration": 494,
    "pid": 732,
    "index": 58
  },
  {
    "name": "Load \"middlewares\" to Application",
    "start": 1565141994834,
    "end": 1565141995293,
    "duration": 459,
    "pid": 732,
    "index": 59
  },
  {
    "name": "Load Controller",
    "start": 1565141995328,
    "end": 1565141995385,
    "duration": 57,
    "pid": 732,
    "index": 60
  },
  {
    "name": "Load \"controller\" to Application",
    "start": 1565141995328,
    "end": 1565141995385,
    "duration": 57,
    "pid": 732,
    "index": 61
  },
  {
    "name": "Load Router",
    "start": 1565141995385,
    "end": 1565141995393,
    "duration": 8,
    "pid": 732,
    "index": 62
  },
  {
    "name": "Require(45) app/router.js",
    "start": 1565141995386,
    "end": 1565141995388,
    "duration": 2,
    "pid": 732,
    "index": 63
  },
  {
    "name": "Before Start in node_modules/egg-core/lib/egg.js:303:10",
    "start": 1565141995389,
    "end": 1565141995416,
    "duration": 27,
    "pid": 732,
    "index": 64
  }
]