[
  {
    "name": "Application Start",
    "start": 1565170182193,
    "end": 1565170184083,
    "duration": 1890,
    "pid": 19500,
    "index": 0
  },
  {
    "name": "Load Plugin",
    "start": 1565170182209,
    "end": 1565170182299,
    "duration": 90,
    "pid": 19500,
    "index": 1
  },
  {
    "name": "Load Config",
    "start": 1565170182300,
    "end": 1565170182366,
    "duration": 66,
    "pid": 19500,
    "index": 2
  },
  {
    "name": "Require(0) config/config.default.js",
    "start": 1565170182302,
    "end": 1565170182302,
    "duration": 0,
    "pid": 19500,
    "index": 3
  },
  {
    "name": "Require(1) node_modules/egg-session/config/config.default.js",
    "start": 1565170182307,
    "end": 1565170182307,
    "duration": 0,
    "pid": 19500,
    "index": 4
  },
  {
    "name": "Require(2) node_modules/egg-security/config/config.default.js",
    "start": 1565170182310,
    "end": 1565170182310,
    "duration": 0,
    "pid": 19500,
    "index": 5
  },
  {
    "name": "Require(3) node_modules/egg-jsonp/config/config.default.js",
    "start": 1565170182315,
    "end": 1565170182316,
    "duration": 1,
    "pid": 19500,
    "index": 6
  },
  {
    "name": "Require(4) node_modules/egg-onerror/config/config.default.js",
    "start": 1565170182320,
    "end": 1565170182320,
    "duration": 0,
    "pid": 19500,
    "index": 7
  },
  {
    "name": "Require(5) node_modules/egg-i18n/config/config.default.js",
    "start": 1565170182322,
    "end": 1565170182323,
    "duration": 1,
    "pid": 19500,
    "index": 8
  },
  {
    "name": "Require(6) node_modules/egg-watcher/config/config.default.js",
    "start": 1565170182325,
    "end": 1565170182326,
    "duration": 1,
    "pid": 19500,
    "index": 9
  },
  {
    "name": "Require(7) node_modules/egg-schedule/config/config.default.js",
    "start": 1565170182328,
    "end": 1565170182329,
    "duration": 1,
    "pid": 19500,
    "index": 10
  },
  {
    "name": "Require(8) node_modules/egg-multipart/config/config.default.js",
    "start": 1565170182330,
    "end": 1565170182331,
    "duration": 1,
    "pid": 19500,
    "index": 11
  },
  {
    "name": "Require(9) node_modules/egg-logrotator/config/config.default.js",
    "start": 1565170182333,
    "end": 1565170182334,
    "duration": 1,
    "pid": 19500,
    "index": 12
  },
  {
    "name": "Require(10) node_modules/egg-static/config/config.default.js",
    "start": 1565170182336,
    "end": 1565170182336,
    "duration": 0,
    "pid": 19500,
    "index": 13
  },
  {
    "name": "Require(11) node_modules/egg-view/config/config.default.js",
    "start": 1565170182338,
    "end": 1565170182339,
    "duration": 1,
    "pid": 19500,
    "index": 14
  },
  {
    "name": "Require(12) node_modules/egg-cors/config/config.default.js",
    "start": 1565170182342,
    "end": 1565170182342,
    "duration": 0,
    "pid": 19500,
    "index": 15
  },
  {
    "name": "Require(13) node_modules/egg-mysql/config/config.default.js",
    "start": 1565170182344,
    "end": 1565170182345,
    "duration": 1,
    "pid": 19500,
    "index": 16
  },
  {
    "name": "Require(14) node_modules/egg/config/config.default.js",
    "start": 1565170182346,
    "end": 1565170182347,
    "duration": 1,
    "pid": 19500,
    "index": 17
  },
  {
    "name": "Require(15) config/config.default.js",
    "start": 1565170182349,
    "end": 1565170182349,
    "duration": 0,
    "pid": 19500,
    "index": 18
  },
  {
    "name": "Require(16) node_modules/egg-static/config/config.prod.js",
    "start": 1565170182360,
    "end": 1565170182361,
    "duration": 1,
    "pid": 19500,
    "index": 19
  },
  {
    "name": "Load extend/application.js",
    "start": 1565170182369,
    "end": 1565170182440,
    "duration": 71,
    "pid": 19500,
    "index": 20
  },
  {
    "name": "Require(17) node_modules/egg-session/app/extend/application.js",
    "start": 1565170182371,
    "end": 1565170182372,
    "duration": 1,
    "pid": 19500,
    "index": 21
  },
  {
    "name": "Require(18) node_modules/egg-security/app/extend/application.js",
    "start": 1565170182374,
    "end": 1565170182377,
    "duration": 3,
    "pid": 19500,
    "index": 22
  },
  {
    "name": "Require(19) node_modules/egg-jsonp/app/extend/application.js",
    "start": 1565170182379,
    "end": 1565170182385,
    "duration": 6,
    "pid": 19500,
    "index": 23
  },
  {
    "name": "Require(20) node_modules/egg-logrotator/app/extend/application.js",
    "start": 1565170182391,
    "end": 1565170182415,
    "duration": 24,
    "pid": 19500,
    "index": 24
  },
  {
    "name": "Require(21) node_modules/egg-view/app/extend/application.js",
    "start": 1565170182417,
    "end": 1565170182422,
    "duration": 5,
    "pid": 19500,
    "index": 25
  },
  {
    "name": "Load extend/request.js",
    "start": 1565170182440,
    "end": 1565170182472,
    "duration": 32,
    "pid": 19500,
    "index": 26
  },
  {
    "name": "Require(22) node_modules/egg/app/extend/request.js",
    "start": 1565170182453,
    "end": 1565170182458,
    "duration": 5,
    "pid": 19500,
    "index": 27
  },
  {
    "name": "Load extend/response.js",
    "start": 1565170182472,
    "end": 1565170182505,
    "duration": 33,
    "pid": 19500,
    "index": 28
  },
  {
    "name": "Require(23) node_modules/egg/app/extend/response.js",
    "start": 1565170182485,
    "end": 1565170182492,
    "duration": 7,
    "pid": 19500,
    "index": 29
  },
  {
    "name": "Load extend/context.js",
    "start": 1565170182505,
    "end": 1565170182738,
    "duration": 233,
    "pid": 19500,
    "index": 30
  },
  {
    "name": "Require(24) node_modules/egg-security/app/extend/context.js",
    "start": 1565170182507,
    "end": 1565170182568,
    "duration": 61,
    "pid": 19500,
    "index": 31
  },
  {
    "name": "Require(25) node_modules/egg-jsonp/app/extend/context.js",
    "start": 1565170182569,
    "end": 1565170182577,
    "duration": 8,
    "pid": 19500,
    "index": 32
  },
  {
    "name": "Require(26) node_modules/egg-i18n/app/extend/context.js",
    "start": 1565170182584,
    "end": 1565170182585,
    "duration": 1,
    "pid": 19500,
    "index": 33
  },
  {
    "name": "Require(27) node_modules/egg-multipart/app/extend/context.js",
    "start": 1565170182591,
    "end": 1565170182703,
    "duration": 112,
    "pid": 19500,
    "index": 34
  },
  {
    "name": "Require(28) node_modules/egg-view/app/extend/context.js",
    "start": 1565170182706,
    "end": 1565170182709,
    "duration": 3,
    "pid": 19500,
    "index": 35
  },
  {
    "name": "Require(29) node_modules/egg-validate/app/extend/context.js",
    "start": 1565170182710,
    "end": 1565170182712,
    "duration": 2,
    "pid": 19500,
    "index": 36
  },
  {
    "name": "Require(30) node_modules/egg/app/extend/context.js",
    "start": 1565170182715,
    "end": 1565170182725,
    "duration": 10,
    "pid": 19500,
    "index": 37
  },
  {
    "name": "Load extend/helper.js",
    "start": 1565170182738,
    "end": 1565170182831,
    "duration": 93,
    "pid": 19500,
    "index": 38
  },
  {
    "name": "Require(31) node_modules/egg-security/app/extend/helper.js",
    "start": 1565170182740,
    "end": 1565170182804,
    "duration": 64,
    "pid": 19500,
    "index": 39
  },
  {
    "name": "Require(32) node_modules/egg/app/extend/helper.js",
    "start": 1565170182815,
    "end": 1565170182816,
    "duration": 1,
    "pid": 19500,
    "index": 40
  },
  {
    "name": "Load app.js",
    "start": 1565170182831,
    "end": 1565170183040,
    "duration": 209,
    "pid": 19500,
    "index": 41
  },
  {
    "name": "Require(33) node_modules/egg-session/app.js",
    "start": 1565170182832,
    "end": 1565170182833,
    "duration": 1,
    "pid": 19500,
    "index": 42
  },
  {
    "name": "Require(34) node_modules/egg-security/app.js",
    "start": 1565170182835,
    "end": 1565170182843,
    "duration": 8,
    "pid": 19500,
    "index": 43
  },
  {
    "name": "Require(35) node_modules/egg-onerror/app.js",
    "start": 1565170182846,
    "end": 1565170182883,
    "duration": 37,
    "pid": 19500,
    "index": 44
  },
  {
    "name": "Require(36) node_modules/egg-i18n/app.js",
    "start": 1565170182885,
    "end": 1565170182926,
    "duration": 41,
    "pid": 19500,
    "index": 45
  },
  {
    "name": "Require(37) node_modules/egg-watcher/app.js",
    "start": 1565170182927,
    "end": 1565170182944,
    "duration": 17,
    "pid": 19500,
    "index": 46
  },
  {
    "name": "Require(38) node_modules/egg-schedule/app.js",
    "start": 1565170182945,
    "end": 1565170182954,
    "duration": 9,
    "pid": 19500,
    "index": 47
  },
  {
    "name": "Require(39) node_modules/egg-multipart/app.js",
    "start": 1565170182956,
    "end": 1565170182967,
    "duration": 11,
    "pid": 19500,
    "index": 48
  },
  {
    "name": "Require(40) node_modules/egg-logrotator/app.js",
    "start": 1565170182968,
    "end": 1565170182969,
    "duration": 1,
    "pid": 19500,
    "index": 49
  },
  {
    "name": "Require(41) node_modules/egg-static/app.js",
    "start": 1565170182970,
    "end": 1565170182971,
    "duration": 1,
    "pid": 19500,
    "index": 50
  },
  {
    "name": "Require(42) node_modules/egg-validate/app.js",
    "start": 1565170182974,
    "end": 1565170182980,
    "duration": 6,
    "pid": 19500,
    "index": 51
  },
  {
    "name": "Require(43) node_modules/egg-cors/app.js",
    "start": 1565170182982,
    "end": 1565170182983,
    "duration": 1,
    "pid": 19500,
    "index": 52
  },
  {
    "name": "Require(44) node_modules/egg-mysql/app.js",
    "start": 1565170182984,
    "end": 1565170183035,
    "duration": 51,
    "pid": 19500,
    "index": 53
  },
  {
    "name": "Before Start in node_modules/egg-watcher/lib/init.js:15:14",
    "start": 1565170183097,
    "end": 1565170184072,
    "duration": 975,
    "pid": 19500,
    "index": 54
  },
  {
    "name": "Before Start in node_modules/egg-mysql/lib/mysql.js:20:7",
    "start": 1565170183524,
    "end": 1565170184076,
    "duration": 552,
    "pid": 19500,
    "index": 55
  },
  {
    "name": "Load Service",
    "start": 1565170183525,
    "end": 1565170183588,
    "duration": 63,
    "pid": 19500,
    "index": 56
  },
  {
    "name": "Load \"service\" to Context",
    "start": 1565170183525,
    "end": 1565170183588,
    "duration": 63,
    "pid": 19500,
    "index": 57
  },
  {
    "name": "Load Middleware",
    "start": 1565170183588,
    "end": 1565170183971,
    "duration": 383,
    "pid": 19500,
    "index": 58
  },
  {
    "name": "Load \"middlewares\" to Application",
    "start": 1565170183588,
    "end": 1565170183943,
    "duration": 355,
    "pid": 19500,
    "index": 59
  },
  {
    "name": "Load Controller",
    "start": 1565170183972,
    "end": 1565170184020,
    "duration": 48,
    "pid": 19500,
    "index": 60
  },
  {
    "name": "Load \"controller\" to Application",
    "start": 1565170183972,
    "end": 1565170184020,
    "duration": 48,
    "pid": 19500,
    "index": 61
  },
  {
    "name": "Load Router",
    "start": 1565170184020,
    "end": 1565170184027,
    "duration": 7,
    "pid": 19500,
    "index": 62
  },
  {
    "name": "Require(45) app/router.js",
    "start": 1565170184021,
    "end": 1565170184022,
    "duration": 1,
    "pid": 19500,
    "index": 63
  },
  {
    "name": "Before Start in node_modules/egg-core/lib/egg.js:303:10",
    "start": 1565170184023,
    "end": 1565170184046,
    "duration": 23,
    "pid": 19500,
    "index": 64
  }
]