[
  {
    "name": "Application Start",
    "start": 1565002789369,
    "end": 1565002791348,
    "duration": 1979,
    "pid": 2260,
    "index": 0
  },
  {
    "name": "Load Plugin",
    "start": 1565002789384,
    "end": 1565002789483,
    "duration": 99,
    "pid": 2260,
    "index": 1
  },
  {
    "name": "Load Config",
    "start": 1565002789483,
    "end": 1565002789551,
    "duration": 68,
    "pid": 2260,
    "index": 2
  },
  {
    "name": "Require(0) config/config.default.js",
    "start": 1565002789485,
    "end": 1565002789486,
    "duration": 1,
    "pid": 2260,
    "index": 3
  },
  {
    "name": "Require(1) node_modules/egg-session/config/config.default.js",
    "start": 1565002789491,
    "end": 1565002789492,
    "duration": 1,
    "pid": 2260,
    "index": 4
  },
  {
    "name": "Require(2) node_modules/egg-security/config/config.default.js",
    "start": 1565002789493,
    "end": 1565002789494,
    "duration": 1,
    "pid": 2260,
    "index": 5
  },
  {
    "name": "Require(3) node_modules/egg-jsonp/config/config.default.js",
    "start": 1565002789497,
    "end": 1565002789498,
    "duration": 1,
    "pid": 2260,
    "index": 6
  },
  {
    "name": "Require(4) node_modules/egg-onerror/config/config.default.js",
    "start": 1565002789500,
    "end": 1565002789500,
    "duration": 0,
    "pid": 2260,
    "index": 7
  },
  {
    "name": "Require(5) node_modules/egg-i18n/config/config.default.js",
    "start": 1565002789502,
    "end": 1565002789503,
    "duration": 1,
    "pid": 2260,
    "index": 8
  },
  {
    "name": "Require(6) node_modules/egg-watcher/config/config.default.js",
    "start": 1565002789505,
    "end": 1565002789505,
    "duration": 0,
    "pid": 2260,
    "index": 9
  },
  {
    "name": "Require(7) node_modules/egg-schedule/config/config.default.js",
    "start": 1565002789507,
    "end": 1565002789508,
    "duration": 1,
    "pid": 2260,
    "index": 10
  },
  {
    "name": "Require(8) node_modules/egg-multipart/config/config.default.js",
    "start": 1565002789511,
    "end": 1565002789512,
    "duration": 1,
    "pid": 2260,
    "index": 11
  },
  {
    "name": "Require(9) node_modules/egg-logrotator/config/config.default.js",
    "start": 1565002789517,
    "end": 1565002789518,
    "duration": 1,
    "pid": 2260,
    "index": 12
  },
  {
    "name": "Require(10) node_modules/egg-static/config/config.default.js",
    "start": 1565002789519,
    "end": 1565002789520,
    "duration": 1,
    "pid": 2260,
    "index": 13
  },
  {
    "name": "Require(11) node_modules/egg-view/config/config.default.js",
    "start": 1565002789522,
    "end": 1565002789523,
    "duration": 1,
    "pid": 2260,
    "index": 14
  },
  {
    "name": "Require(12) node_modules/egg-cors/config/config.default.js",
    "start": 1565002789526,
    "end": 1565002789526,
    "duration": 0,
    "pid": 2260,
    "index": 15
  },
  {
    "name": "Require(13) node_modules/egg-mysql/config/config.default.js",
    "start": 1565002789528,
    "end": 1565002789529,
    "duration": 1,
    "pid": 2260,
    "index": 16
  },
  {
    "name": "Require(14) node_modules/egg/config/config.default.js",
    "start": 1565002789531,
    "end": 1565002789532,
    "duration": 1,
    "pid": 2260,
    "index": 17
  },
  {
    "name": "Require(15) config/config.default.js",
    "start": 1565002789534,
    "end": 1565002789534,
    "duration": 0,
    "pid": 2260,
    "index": 18
  },
  {
    "name": "Require(16) node_modules/egg-static/config/config.prod.js",
    "start": 1565002789544,
    "end": 1565002789545,
    "duration": 1,
    "pid": 2260,
    "index": 19
  },
  {
    "name": "Load extend/application.js",
    "start": 1565002789553,
    "end": 1565002789624,
    "duration": 71,
    "pid": 2260,
    "index": 20
  },
  {
    "name": "Require(17) node_modules/egg-session/app/extend/application.js",
    "start": 1565002789555,
    "end": 1565002789556,
    "duration": 1,
    "pid": 2260,
    "index": 21
  },
  {
    "name": "Require(18) node_modules/egg-security/app/extend/application.js",
    "start": 1565002789558,
    "end": 1565002789561,
    "duration": 3,
    "pid": 2260,
    "index": 22
  },
  {
    "name": "Require(19) node_modules/egg-jsonp/app/extend/application.js",
    "start": 1565002789563,
    "end": 1565002789569,
    "duration": 6,
    "pid": 2260,
    "index": 23
  },
  {
    "name": "Require(20) node_modules/egg-logrotator/app/extend/application.js",
    "start": 1565002789577,
    "end": 1565002789601,
    "duration": 24,
    "pid": 2260,
    "index": 24
  },
  {
    "name": "Require(21) node_modules/egg-view/app/extend/application.js",
    "start": 1565002789603,
    "end": 1565002789608,
    "duration": 5,
    "pid": 2260,
    "index": 25
  },
  {
    "name": "Load extend/request.js",
    "start": 1565002789624,
    "end": 1565002789656,
    "duration": 32,
    "pid": 2260,
    "index": 26
  },
  {
    "name": "Require(22) node_modules/egg/app/extend/request.js",
    "start": 1565002789637,
    "end": 1565002789642,
    "duration": 5,
    "pid": 2260,
    "index": 27
  },
  {
    "name": "Load extend/response.js",
    "start": 1565002789656,
    "end": 1565002789691,
    "duration": 35,
    "pid": 2260,
    "index": 28
  },
  {
    "name": "Require(23) node_modules/egg/app/extend/response.js",
    "start": 1565002789670,
    "end": 1565002789677,
    "duration": 7,
    "pid": 2260,
    "index": 29
  },
  {
    "name": "Load extend/context.js",
    "start": 1565002789691,
    "end": 1565002789915,
    "duration": 224,
    "pid": 2260,
    "index": 30
  },
  {
    "name": "Require(24) node_modules/egg-security/app/extend/context.js",
    "start": 1565002789693,
    "end": 1565002789754,
    "duration": 61,
    "pid": 2260,
    "index": 31
  },
  {
    "name": "Require(25) node_modules/egg-jsonp/app/extend/context.js",
    "start": 1565002789755,
    "end": 1565002789761,
    "duration": 6,
    "pid": 2260,
    "index": 32
  },
  {
    "name": "Require(26) node_modules/egg-i18n/app/extend/context.js",
    "start": 1565002789763,
    "end": 1565002789764,
    "duration": 1,
    "pid": 2260,
    "index": 33
  },
  {
    "name": "Require(27) node_modules/egg-multipart/app/extend/context.js",
    "start": 1565002789768,
    "end": 1565002789879,
    "duration": 111,
    "pid": 2260,
    "index": 34
  },
  {
    "name": "Require(28) node_modules/egg-view/app/extend/context.js",
    "start": 1565002789882,
    "end": 1565002789885,
    "duration": 3,
    "pid": 2260,
    "index": 35
  },
  {
    "name": "Require(29) node_modules/egg-validate/app/extend/context.js",
    "start": 1565002789889,
    "end": 1565002789890,
    "duration": 1,
    "pid": 2260,
    "index": 36
  },
  {
    "name": "Require(30) node_modules/egg/app/extend/context.js",
    "start": 1565002789892,
    "end": 1565002789902,
    "duration": 10,
    "pid": 2260,
    "index": 37
  },
  {
    "name": "Load extend/helper.js",
    "start": 1565002789915,
    "end": 1565002790003,
    "duration": 88,
    "pid": 2260,
    "index": 38
  },
  {
    "name": "Require(31) node_modules/egg-security/app/extend/helper.js",
    "start": 1565002789917,
    "end": 1565002789977,
    "duration": 60,
    "pid": 2260,
    "index": 39
  },
  {
    "name": "Require(32) node_modules/egg/app/extend/helper.js",
    "start": 1565002789988,
    "end": 1565002789990,
    "duration": 2,
    "pid": 2260,
    "index": 40
  },
  {
    "name": "Load app.js",
    "start": 1565002790003,
    "end": 1565002790213,
    "duration": 210,
    "pid": 2260,
    "index": 41
  },
  {
    "name": "Require(33) node_modules/egg-session/app.js",
    "start": 1565002790005,
    "end": 1565002790006,
    "duration": 1,
    "pid": 2260,
    "index": 42
  },
  {
    "name": "Require(34) node_modules/egg-security/app.js",
    "start": 1565002790007,
    "end": 1565002790014,
    "duration": 7,
    "pid": 2260,
    "index": 43
  },
  {
    "name": "Require(35) node_modules/egg-onerror/app.js",
    "start": 1565002790017,
    "end": 1565002790052,
    "duration": 35,
    "pid": 2260,
    "index": 44
  },
  {
    "name": "Require(36) node_modules/egg-i18n/app.js",
    "start": 1565002790054,
    "end": 1565002790098,
    "duration": 44,
    "pid": 2260,
    "index": 45
  },
  {
    "name": "Require(37) node_modules/egg-watcher/app.js",
    "start": 1565002790101,
    "end": 1565002790117,
    "duration": 16,
    "pid": 2260,
    "index": 46
  },
  {
    "name": "Require(38) node_modules/egg-schedule/app.js",
    "start": 1565002790118,
    "end": 1565002790124,
    "duration": 6,
    "pid": 2260,
    "index": 47
  },
  {
    "name": "Require(39) node_modules/egg-multipart/app.js",
    "start": 1565002790125,
    "end": 1565002790139,
    "duration": 14,
    "pid": 2260,
    "index": 48
  },
  {
    "name": "Require(40) node_modules/egg-logrotator/app.js",
    "start": 1565002790140,
    "end": 1565002790141,
    "duration": 1,
    "pid": 2260,
    "index": 49
  },
  {
    "name": "Require(41) node_modules/egg-static/app.js",
    "start": 1565002790142,
    "end": 1565002790143,
    "duration": 1,
    "pid": 2260,
    "index": 50
  },
  {
    "name": "Require(42) node_modules/egg-validate/app.js",
    "start": 1565002790147,
    "end": 1565002790152,
    "duration": 5,
    "pid": 2260,
    "index": 51
  },
  {
    "name": "Require(43) node_modules/egg-cors/app.js",
    "start": 1565002790154,
    "end": 1565002790155,
    "duration": 1,
    "pid": 2260,
    "index": 52
  },
  {
    "name": "Require(44) node_modules/egg-mysql/app.js",
    "start": 1565002790156,
    "end": 1565002790208,
    "duration": 52,
    "pid": 2260,
    "index": 53
  },
  {
    "name": "Before Start in node_modules/egg-watcher/lib/init.js:15:14",
    "start": 1565002790250,
    "end": 1565002791339,
    "duration": 1089,
    "pid": 2260,
    "index": 54
  },
  {
    "name": "Before Start in node_modules/egg-mysql/lib/mysql.js:20:7",
    "start": 1565002790646,
    "end": 1565002791344,
    "duration": 698,
    "pid": 2260,
    "index": 55
  },
  {
    "name": "Load Service",
    "start": 1565002790647,
    "end": 1565002790766,
    "duration": 119,
    "pid": 2260,
    "index": 56
  },
  {
    "name": "Load \"service\" to Context",
    "start": 1565002790647,
    "end": 1565002790766,
    "duration": 119,
    "pid": 2260,
    "index": 57
  },
  {
    "name": "Load Middleware",
    "start": 1565002790766,
    "end": 1565002791191,
    "duration": 425,
    "pid": 2260,
    "index": 58
  },
  {
    "name": "Load \"middlewares\" to Application",
    "start": 1565002790767,
    "end": 1565002791157,
    "duration": 390,
    "pid": 2260,
    "index": 59
  },
  {
    "name": "Load Controller",
    "start": 1565002791191,
    "end": 1565002791257,
    "duration": 66,
    "pid": 2260,
    "index": 60
  },
  {
    "name": "Load \"controller\" to Application",
    "start": 1565002791191,
    "end": 1565002791257,
    "duration": 66,
    "pid": 2260,
    "index": 61
  },
  {
    "name": "Load Router",
    "start": 1565002791257,
    "end": 1565002791265,
    "duration": 8,
    "pid": 2260,
    "index": 62
  },
  {
    "name": "Require(45) app/router.js",
    "start": 1565002791258,
    "end": 1565002791259,
    "duration": 1,
    "pid": 2260,
    "index": 63
  },
  {
    "name": "Before Start in node_modules/egg-core/lib/egg.js:303:10",
    "start": 1565002791260,
    "end": 1565002791297,
    "duration": 37,
    "pid": 2260,
    "index": 64
  }
]