[
  {
    "name": "Application Start",
    "start": 1565153262601,
    "end": 1565153265212,
    "duration": 2611,
    "pid": 18800,
    "index": 0
  },
  {
    "name": "Load Plugin",
    "start": 1565153262618,
    "end": 1565153262707,
    "duration": 89,
    "pid": 18800,
    "index": 1
  },
  {
    "name": "Load Config",
    "start": 1565153262707,
    "end": 1565153262769,
    "duration": 62,
    "pid": 18800,
    "index": 2
  },
  {
    "name": "Require(0) config/config.default.js",
    "start": 1565153262709,
    "end": 1565153262710,
    "duration": 1,
    "pid": 18800,
    "index": 3
  },
  {
    "name": "Require(1) node_modules/egg-session/config/config.default.js",
    "start": 1565153262714,
    "end": 1565153262715,
    "duration": 1,
    "pid": 18800,
    "index": 4
  },
  {
    "name": "Require(2) node_modules/egg-security/config/config.default.js",
    "start": 1565153262717,
    "end": 1565153262717,
    "duration": 0,
    "pid": 18800,
    "index": 5
  },
  {
    "name": "Require(3) node_modules/egg-jsonp/config/config.default.js",
    "start": 1565153262720,
    "end": 1565153262721,
    "duration": 1,
    "pid": 18800,
    "index": 6
  },
  {
    "name": "Require(4) node_modules/egg-onerror/config/config.default.js",
    "start": 1565153262722,
    "end": 1565153262723,
    "duration": 1,
    "pid": 18800,
    "index": 7
  },
  {
    "name": "Require(5) node_modules/egg-i18n/config/config.default.js",
    "start": 1565153262725,
    "end": 1565153262725,
    "duration": 0,
    "pid": 18800,
    "index": 8
  },
  {
    "name": "Require(6) node_modules/egg-watcher/config/config.default.js",
    "start": 1565153262727,
    "end": 1565153262727,
    "duration": 0,
    "pid": 18800,
    "index": 9
  },
  {
    "name": "Require(7) node_modules/egg-schedule/config/config.default.js",
    "start": 1565153262729,
    "end": 1565153262730,
    "duration": 1,
    "pid": 18800,
    "index": 10
  },
  {
    "name": "Require(8) node_modules/egg-multipart/config/config.default.js",
    "start": 1565153262732,
    "end": 1565153262732,
    "duration": 0,
    "pid": 18800,
    "index": 11
  },
  {
    "name": "Require(9) node_modules/egg-logrotator/config/config.default.js",
    "start": 1565153262735,
    "end": 1565153262735,
    "duration": 0,
    "pid": 18800,
    "index": 12
  },
  {
    "name": "Require(10) node_modules/egg-static/config/config.default.js",
    "start": 1565153262737,
    "end": 1565153262738,
    "duration": 1,
    "pid": 18800,
    "index": 13
  },
  {
    "name": "Require(11) node_modules/egg-view/config/config.default.js",
    "start": 1565153262739,
    "end": 1565153262740,
    "duration": 1,
    "pid": 18800,
    "index": 14
  },
  {
    "name": "Require(12) node_modules/egg-cors/config/config.default.js",
    "start": 1565153262743,
    "end": 1565153262743,
    "duration": 0,
    "pid": 18800,
    "index": 15
  },
  {
    "name": "Require(13) node_modules/egg-mysql/config/config.default.js",
    "start": 1565153262745,
    "end": 1565153262746,
    "duration": 1,
    "pid": 18800,
    "index": 16
  },
  {
    "name": "Require(14) node_modules/egg/config/config.default.js",
    "start": 1565153262747,
    "end": 1565153262748,
    "duration": 1,
    "pid": 18800,
    "index": 17
  },
  {
    "name": "Require(15) config/config.default.js",
    "start": 1565153262750,
    "end": 1565153262750,
    "duration": 0,
    "pid": 18800,
    "index": 18
  },
  {
    "name": "Require(16) node_modules/egg-static/config/config.prod.js",
    "start": 1565153262762,
    "end": 1565153262762,
    "duration": 0,
    "pid": 18800,
    "index": 19
  },
  {
    "name": "Load extend/application.js",
    "start": 1565153262771,
    "end": 1565153262862,
    "duration": 91,
    "pid": 18800,
    "index": 20
  },
  {
    "name": "Require(17) node_modules/egg-session/app/extend/application.js",
    "start": 1565153262775,
    "end": 1565153262777,
    "duration": 2,
    "pid": 18800,
    "index": 21
  },
  {
    "name": "Require(18) node_modules/egg-security/app/extend/application.js",
    "start": 1565153262778,
    "end": 1565153262782,
    "duration": 4,
    "pid": 18800,
    "index": 22
  },
  {
    "name": "Require(19) node_modules/egg-jsonp/app/extend/application.js",
    "start": 1565153262784,
    "end": 1565153262795,
    "duration": 11,
    "pid": 18800,
    "index": 23
  },
  {
    "name": "Require(20) node_modules/egg-logrotator/app/extend/application.js",
    "start": 1565153262803,
    "end": 1565153262828,
    "duration": 25,
    "pid": 18800,
    "index": 24
  },
  {
    "name": "Require(21) node_modules/egg-view/app/extend/application.js",
    "start": 1565153262831,
    "end": 1565153262838,
    "duration": 7,
    "pid": 18800,
    "index": 25
  },
  {
    "name": "Load extend/request.js",
    "start": 1565153262862,
    "end": 1565153262898,
    "duration": 36,
    "pid": 18800,
    "index": 26
  },
  {
    "name": "Require(22) node_modules/egg/app/extend/request.js",
    "start": 1565153262877,
    "end": 1565153262883,
    "duration": 6,
    "pid": 18800,
    "index": 27
  },
  {
    "name": "Load extend/response.js",
    "start": 1565153262899,
    "end": 1565153262951,
    "duration": 52,
    "pid": 18800,
    "index": 28
  },
  {
    "name": "Require(23) node_modules/egg/app/extend/response.js",
    "start": 1565153262918,
    "end": 1565153262926,
    "duration": 8,
    "pid": 18800,
    "index": 29
  },
  {
    "name": "Load extend/context.js",
    "start": 1565153262951,
    "end": 1565153263222,
    "duration": 271,
    "pid": 18800,
    "index": 30
  },
  {
    "name": "Require(24) node_modules/egg-security/app/extend/context.js",
    "start": 1565153262954,
    "end": 1565153263032,
    "duration": 78,
    "pid": 18800,
    "index": 31
  },
  {
    "name": "Require(25) node_modules/egg-jsonp/app/extend/context.js",
    "start": 1565153263033,
    "end": 1565153263041,
    "duration": 8,
    "pid": 18800,
    "index": 32
  },
  {
    "name": "Require(26) node_modules/egg-i18n/app/extend/context.js",
    "start": 1565153263043,
    "end": 1565153263044,
    "duration": 1,
    "pid": 18800,
    "index": 33
  },
  {
    "name": "Require(27) node_modules/egg-multipart/app/extend/context.js",
    "start": 1565153263047,
    "end": 1565153263181,
    "duration": 134,
    "pid": 18800,
    "index": 34
  },
  {
    "name": "Require(28) node_modules/egg-view/app/extend/context.js",
    "start": 1565153263185,
    "end": 1565153263188,
    "duration": 3,
    "pid": 18800,
    "index": 35
  },
  {
    "name": "Require(29) node_modules/egg-validate/app/extend/context.js",
    "start": 1565153263189,
    "end": 1565153263190,
    "duration": 1,
    "pid": 18800,
    "index": 36
  },
  {
    "name": "Require(30) node_modules/egg/app/extend/context.js",
    "start": 1565153263192,
    "end": 1565153263208,
    "duration": 16,
    "pid": 18800,
    "index": 37
  },
  {
    "name": "Load extend/helper.js",
    "start": 1565153263222,
    "end": 1565153263304,
    "duration": 82,
    "pid": 18800,
    "index": 38
  },
  {
    "name": "Require(31) node_modules/egg-security/app/extend/helper.js",
    "start": 1565153263224,
    "end": 1565153263279,
    "duration": 55,
    "pid": 18800,
    "index": 39
  },
  {
    "name": "Require(32) node_modules/egg/app/extend/helper.js",
    "start": 1565153263290,
    "end": 1565153263291,
    "duration": 1,
    "pid": 18800,
    "index": 40
  },
  {
    "name": "Load app.js",
    "start": 1565153263304,
    "end": 1565153263524,
    "duration": 220,
    "pid": 18800,
    "index": 41
  },
  {
    "name": "Require(33) node_modules/egg-session/app.js",
    "start": 1565153263305,
    "end": 1565153263306,
    "duration": 1,
    "pid": 18800,
    "index": 42
  },
  {
    "name": "Require(34) node_modules/egg-security/app.js",
    "start": 1565153263308,
    "end": 1565153263315,
    "duration": 7,
    "pid": 18800,
    "index": 43
  },
  {
    "name": "Require(35) node_modules/egg-onerror/app.js",
    "start": 1565153263318,
    "end": 1565153263360,
    "duration": 42,
    "pid": 18800,
    "index": 44
  },
  {
    "name": "Require(36) node_modules/egg-i18n/app.js",
    "start": 1565153263366,
    "end": 1565153263411,
    "duration": 45,
    "pid": 18800,
    "index": 45
  },
  {
    "name": "Require(37) node_modules/egg-watcher/app.js",
    "start": 1565153263412,
    "end": 1565153263431,
    "duration": 19,
    "pid": 18800,
    "index": 46
  },
  {
    "name": "Require(38) node_modules/egg-schedule/app.js",
    "start": 1565153263432,
    "end": 1565153263438,
    "duration": 6,
    "pid": 18800,
    "index": 47
  },
  {
    "name": "Require(39) node_modules/egg-multipart/app.js",
    "start": 1565153263439,
    "end": 1565153263450,
    "duration": 11,
    "pid": 18800,
    "index": 48
  },
  {
    "name": "Require(40) node_modules/egg-logrotator/app.js",
    "start": 1565153263451,
    "end": 1565153263452,
    "duration": 1,
    "pid": 18800,
    "index": 49
  },
  {
    "name": "Require(41) node_modules/egg-static/app.js",
    "start": 1565153263453,
    "end": 1565153263454,
    "duration": 1,
    "pid": 18800,
    "index": 50
  },
  {
    "name": "Require(42) node_modules/egg-validate/app.js",
    "start": 1565153263457,
    "end": 1565153263462,
    "duration": 5,
    "pid": 18800,
    "index": 51
  },
  {
    "name": "Require(43) node_modules/egg-cors/app.js",
    "start": 1565153263463,
    "end": 1565153263464,
    "duration": 1,
    "pid": 18800,
    "index": 52
  },
  {
    "name": "Require(44) node_modules/egg-mysql/app.js",
    "start": 1565153263465,
    "end": 1565153263519,
    "duration": 54,
    "pid": 18800,
    "index": 53
  },
  {
    "name": "Before Start in node_modules/egg-watcher/lib/init.js:15:14",
    "start": 1565153263568,
    "end": 1565153265211,
    "duration": 1643,
    "pid": 18800,
    "index": 54
  },
  {
    "name": "Before Start in node_modules/egg-mysql/lib/mysql.js:20:7",
    "start": 1565153264108,
    "end": 1565153264741,
    "duration": 633,
    "pid": 18800,
    "index": 55
  },
  {
    "name": "Load Service",
    "start": 1565153264109,
    "end": 1565153264173,
    "duration": 64,
    "pid": 18800,
    "index": 56
  },
  {
    "name": "Load \"service\" to Context",
    "start": 1565153264109,
    "end": 1565153264173,
    "duration": 64,
    "pid": 18800,
    "index": 57
  },
  {
    "name": "Load Middleware",
    "start": 1565153264173,
    "end": 1565153264605,
    "duration": 432,
    "pid": 18800,
    "index": 58
  },
  {
    "name": "Load \"middlewares\" to Application",
    "start": 1565153264173,
    "end": 1565153264570,
    "duration": 397,
    "pid": 18800,
    "index": 59
  },
  {
    "name": "Load Controller",
    "start": 1565153264605,
    "end": 1565153264670,
    "duration": 65,
    "pid": 18800,
    "index": 60
  },
  {
    "name": "Load \"controller\" to Application",
    "start": 1565153264605,
    "end": 1565153264670,
    "duration": 65,
    "pid": 18800,
    "index": 61
  },
  {
    "name": "Load Router",
    "start": 1565153264670,
    "end": 1565153264680,
    "duration": 10,
    "pid": 18800,
    "index": 62
  },
  {
    "name": "Require(45) app/router.js",
    "start": 1565153264671,
    "end": 1565153264673,
    "duration": 2,
    "pid": 18800,
    "index": 63
  },
  {
    "name": "Before Start in node_modules/egg-core/lib/egg.js:303:10",
    "start": 1565153264674,
    "end": 1565153264714,
    "duration": 40,
    "pid": 18800,
    "index": 64
  }
]