[
  {
    "name": "Application Start",
    "start": 1565141994220,
    "end": 1565141996013,
    "duration": 1793,
    "pid": 5476,
    "index": 0
  },
  {
    "name": "Load Plugin",
    "start": 1565141994241,
    "end": 1565141994335,
    "duration": 94,
    "pid": 5476,
    "index": 1
  },
  {
    "name": "Load Config",
    "start": 1565141994336,
    "end": 1565141994429,
    "duration": 93,
    "pid": 5476,
    "index": 2
  },
  {
    "name": "Require(0) config/config.default.js",
    "start": 1565141994341,
    "end": 1565141994345,
    "duration": 4,
    "pid": 5476,
    "index": 3
  },
  {
    "name": "Require(1) node_modules/egg-session/config/config.default.js",
    "start": 1565141994352,
    "end": 1565141994353,
    "duration": 1,
    "pid": 5476,
    "index": 4
  },
  {
    "name": "Require(2) node_modules/egg-security/config/config.default.js",
    "start": 1565141994362,
    "end": 1565141994363,
    "duration": 1,
    "pid": 5476,
    "index": 5
  },
  {
    "name": "Require(3) node_modules/egg-jsonp/config/config.default.js",
    "start": 1565141994366,
    "end": 1565141994366,
    "duration": 0,
    "pid": 5476,
    "index": 6
  },
  {
    "name": "Require(4) node_modules/egg-onerror/config/config.default.js",
    "start": 1565141994368,
    "end": 1565141994369,
    "duration": 1,
    "pid": 5476,
    "index": 7
  },
  {
    "name": "Require(5) node_modules/egg-i18n/config/config.default.js",
    "start": 1565141994370,
    "end": 1565141994371,
    "duration": 1,
    "pid": 5476,
    "index": 8
  },
  {
    "name": "Require(6) node_modules/egg-watcher/config/config.default.js",
    "start": 1565141994373,
    "end": 1565141994374,
    "duration": 1,
    "pid": 5476,
    "index": 9
  },
  {
    "name": "Require(7) node_modules/egg-schedule/config/config.default.js",
    "start": 1565141994380,
    "end": 1565141994380,
    "duration": 0,
    "pid": 5476,
    "index": 10
  },
  {
    "name": "Require(8) node_modules/egg-multipart/config/config.default.js",
    "start": 1565141994383,
    "end": 1565141994384,
    "duration": 1,
    "pid": 5476,
    "index": 11
  },
  {
    "name": "Require(9) node_modules/egg-logrotator/config/config.default.js",
    "start": 1565141994387,
    "end": 1565141994387,
    "duration": 0,
    "pid": 5476,
    "index": 12
  },
  {
    "name": "Require(10) node_modules/egg-static/config/config.default.js",
    "start": 1565141994396,
    "end": 1565141994397,
    "duration": 1,
    "pid": 5476,
    "index": 13
  },
  {
    "name": "Require(11) node_modules/egg-view/config/config.default.js",
    "start": 1565141994399,
    "end": 1565141994400,
    "duration": 1,
    "pid": 5476,
    "index": 14
  },
  {
    "name": "Require(12) node_modules/egg-cors/config/config.default.js",
    "start": 1565141994403,
    "end": 1565141994404,
    "duration": 1,
    "pid": 5476,
    "index": 15
  },
  {
    "name": "Require(13) node_modules/egg-mysql/config/config.default.js",
    "start": 1565141994406,
    "end": 1565141994407,
    "duration": 1,
    "pid": 5476,
    "index": 16
  },
  {
    "name": "Require(14) node_modules/egg/config/config.default.js",
    "start": 1565141994409,
    "end": 1565141994410,
    "duration": 1,
    "pid": 5476,
    "index": 17
  },
  {
    "name": "Require(15) config/config.default.js",
    "start": 1565141994412,
    "end": 1565141994412,
    "duration": 0,
    "pid": 5476,
    "index": 18
  },
  {
    "name": "Require(16) node_modules/egg-static/config/config.prod.js",
    "start": 1565141994423,
    "end": 1565141994423,
    "duration": 0,
    "pid": 5476,
    "index": 19
  },
  {
    "name": "Load extend/application.js",
    "start": 1565141994431,
    "end": 1565141994509,
    "duration": 78,
    "pid": 5476,
    "index": 20
  },
  {
    "name": "Require(17) node_modules/egg-session/app/extend/application.js",
    "start": 1565141994434,
    "end": 1565141994435,
    "duration": 1,
    "pid": 5476,
    "index": 21
  },
  {
    "name": "Require(18) node_modules/egg-security/app/extend/application.js",
    "start": 1565141994437,
    "end": 1565141994442,
    "duration": 5,
    "pid": 5476,
    "index": 22
  },
  {
    "name": "Require(19) node_modules/egg-jsonp/app/extend/application.js",
    "start": 1565141994445,
    "end": 1565141994451,
    "duration": 6,
    "pid": 5476,
    "index": 23
  },
  {
    "name": "Require(20) node_modules/egg-logrotator/app/extend/application.js",
    "start": 1565141994457,
    "end": 1565141994483,
    "duration": 26,
    "pid": 5476,
    "index": 24
  },
  {
    "name": "Require(21) node_modules/egg-view/app/extend/application.js",
    "start": 1565141994485,
    "end": 1565141994490,
    "duration": 5,
    "pid": 5476,
    "index": 25
  },
  {
    "name": "Load extend/request.js",
    "start": 1565141994509,
    "end": 1565141994543,
    "duration": 34,
    "pid": 5476,
    "index": 26
  },
  {
    "name": "Require(22) node_modules/egg/app/extend/request.js",
    "start": 1565141994522,
    "end": 1565141994528,
    "duration": 6,
    "pid": 5476,
    "index": 27
  },
  {
    "name": "Load extend/response.js",
    "start": 1565141994543,
    "end": 1565141994577,
    "duration": 34,
    "pid": 5476,
    "index": 28
  },
  {
    "name": "Require(23) node_modules/egg/app/extend/response.js",
    "start": 1565141994555,
    "end": 1565141994563,
    "duration": 8,
    "pid": 5476,
    "index": 29
  },
  {
    "name": "Load extend/context.js",
    "start": 1565141994577,
    "end": 1565141994794,
    "duration": 217,
    "pid": 5476,
    "index": 30
  },
  {
    "name": "Require(24) node_modules/egg-security/app/extend/context.js",
    "start": 1565141994581,
    "end": 1565141994639,
    "duration": 58,
    "pid": 5476,
    "index": 31
  },
  {
    "name": "Require(25) node_modules/egg-jsonp/app/extend/context.js",
    "start": 1565141994640,
    "end": 1565141994646,
    "duration": 6,
    "pid": 5476,
    "index": 32
  },
  {
    "name": "Require(26) node_modules/egg-i18n/app/extend/context.js",
    "start": 1565141994648,
    "end": 1565141994649,
    "duration": 1,
    "pid": 5476,
    "index": 33
  },
  {
    "name": "Require(27) node_modules/egg-multipart/app/extend/context.js",
    "start": 1565141994652,
    "end": 1565141994759,
    "duration": 107,
    "pid": 5476,
    "index": 34
  },
  {
    "name": "Require(28) node_modules/egg-view/app/extend/context.js",
    "start": 1565141994761,
    "end": 1565141994764,
    "duration": 3,
    "pid": 5476,
    "index": 35
  },
  {
    "name": "Require(29) node_modules/egg-validate/app/extend/context.js",
    "start": 1565141994766,
    "end": 1565141994767,
    "duration": 1,
    "pid": 5476,
    "index": 36
  },
  {
    "name": "Require(30) node_modules/egg/app/extend/context.js",
    "start": 1565141994769,
    "end": 1565141994779,
    "duration": 10,
    "pid": 5476,
    "index": 37
  },
  {
    "name": "Load extend/helper.js",
    "start": 1565141994794,
    "end": 1565141994878,
    "duration": 84,
    "pid": 5476,
    "index": 38
  },
  {
    "name": "Require(31) node_modules/egg-security/app/extend/helper.js",
    "start": 1565141994796,
    "end": 1565141994852,
    "duration": 56,
    "pid": 5476,
    "index": 39
  },
  {
    "name": "Require(32) node_modules/egg/app/extend/helper.js",
    "start": 1565141994863,
    "end": 1565141994864,
    "duration": 1,
    "pid": 5476,
    "index": 40
  },
  {
    "name": "Load app.js",
    "start": 1565141994879,
    "end": 1565141995069,
    "duration": 190,
    "pid": 5476,
    "index": 41
  },
  {
    "name": "Require(33) node_modules/egg-session/app.js",
    "start": 1565141994880,
    "end": 1565141994881,
    "duration": 1,
    "pid": 5476,
    "index": 42
  },
  {
    "name": "Require(34) node_modules/egg-security/app.js",
    "start": 1565141994882,
    "end": 1565141994891,
    "duration": 9,
    "pid": 5476,
    "index": 43
  },
  {
    "name": "Require(35) node_modules/egg-onerror/app.js",
    "start": 1565141994894,
    "end": 1565141994929,
    "duration": 35,
    "pid": 5476,
    "index": 44
  },
  {
    "name": "Require(36) node_modules/egg-i18n/app.js",
    "start": 1565141994931,
    "end": 1565141994968,
    "duration": 37,
    "pid": 5476,
    "index": 45
  },
  {
    "name": "Require(37) node_modules/egg-watcher/app.js",
    "start": 1565141994969,
    "end": 1565141994985,
    "duration": 16,
    "pid": 5476,
    "index": 46
  },
  {
    "name": "Require(38) node_modules/egg-schedule/app.js",
    "start": 1565141994986,
    "end": 1565141994992,
    "duration": 6,
    "pid": 5476,
    "index": 47
  },
  {
    "name": "Require(39) node_modules/egg-multipart/app.js",
    "start": 1565141994993,
    "end": 1565141995003,
    "duration": 10,
    "pid": 5476,
    "index": 48
  },
  {
    "name": "Require(40) node_modules/egg-logrotator/app.js",
    "start": 1565141995005,
    "end": 1565141995005,
    "duration": 0,
    "pid": 5476,
    "index": 49
  },
  {
    "name": "Require(41) node_modules/egg-static/app.js",
    "start": 1565141995006,
    "end": 1565141995007,
    "duration": 1,
    "pid": 5476,
    "index": 50
  },
  {
    "name": "Require(42) node_modules/egg-validate/app.js",
    "start": 1565141995011,
    "end": 1565141995016,
    "duration": 5,
    "pid": 5476,
    "index": 51
  },
  {
    "name": "Require(43) node_modules/egg-cors/app.js",
    "start": 1565141995018,
    "end": 1565141995019,
    "duration": 1,
    "pid": 5476,
    "index": 52
  },
  {
    "name": "Require(44) node_modules/egg-mysql/app.js",
    "start": 1565141995020,
    "end": 1565141995065,
    "duration": 45,
    "pid": 5476,
    "index": 53
  },
  {
    "name": "Before Start in node_modules/egg-watcher/lib/init.js:15:14",
    "start": 1565141995110,
    "end": 1565141995995,
    "duration": 885,
    "pid": 5476,
    "index": 54
  },
  {
    "name": "Before Start in node_modules/egg-mysql/lib/mysql.js:20:7",
    "start": 1565141995456,
    "end": 1565141996013,
    "duration": 557,
    "pid": 5476,
    "index": 55
  },
  {
    "name": "Load Service",
    "start": 1565141995457,
    "end": 1565141995546,
    "duration": 89,
    "pid": 5476,
    "index": 56
  },
  {
    "name": "Load \"service\" to Context",
    "start": 1565141995457,
    "end": 1565141995546,
    "duration": 89,
    "pid": 5476,
    "index": 57
  },
  {
    "name": "Load Middleware",
    "start": 1565141995546,
    "end": 1565141995919,
    "duration": 373,
    "pid": 5476,
    "index": 58
  },
  {
    "name": "Load \"middlewares\" to Application",
    "start": 1565141995546,
    "end": 1565141995896,
    "duration": 350,
    "pid": 5476,
    "index": 59
  },
  {
    "name": "Load Controller",
    "start": 1565141995919,
    "end": 1565141995961,
    "duration": 42,
    "pid": 5476,
    "index": 60
  },
  {
    "name": "Load \"controller\" to Application",
    "start": 1565141995919,
    "end": 1565141995961,
    "duration": 42,
    "pid": 5476,
    "index": 61
  },
  {
    "name": "Load Router",
    "start": 1565141995961,
    "end": 1565141995966,
    "duration": 5,
    "pid": 5476,
    "index": 62
  },
  {
    "name": "Require(45) app/router.js",
    "start": 1565141995962,
    "end": 1565141995963,
    "duration": 1,
    "pid": 5476,
    "index": 63
  },
  {
    "name": "Before Start in node_modules/egg-core/lib/egg.js:303:10",
    "start": 1565141995963,
    "end": 1565141995980,
    "duration": 17,
    "pid": 5476,
    "index": 64
  }
]