[
  {
    "name": "Application Start",
    "start": 1565169133217,
    "end": 1565169135668,
    "duration": 2451,
    "pid": 21724,
    "index": 0
  },
  {
    "name": "Load Plugin",
    "start": 1565169133235,
    "end": 1565169133329,
    "duration": 94,
    "pid": 21724,
    "index": 1
  },
  {
    "name": "Load Config",
    "start": 1565169133330,
    "end": 1565169133393,
    "duration": 63,
    "pid": 21724,
    "index": 2
  },
  {
    "name": "Require(0) config/config.default.js",
    "start": 1565169133332,
    "end": 1565169133332,
    "duration": 0,
    "pid": 21724,
    "index": 3
  },
  {
    "name": "Require(1) node_modules/egg-session/config/config.default.js",
    "start": 1565169133337,
    "end": 1565169133338,
    "duration": 1,
    "pid": 21724,
    "index": 4
  },
  {
    "name": "Require(2) node_modules/egg-security/config/config.default.js",
    "start": 1565169133339,
    "end": 1565169133340,
    "duration": 1,
    "pid": 21724,
    "index": 5
  },
  {
    "name": "Require(3) node_modules/egg-jsonp/config/config.default.js",
    "start": 1565169133343,
    "end": 1565169133344,
    "duration": 1,
    "pid": 21724,
    "index": 6
  },
  {
    "name": "Require(4) node_modules/egg-onerror/config/config.default.js",
    "start": 1565169133345,
    "end": 1565169133346,
    "duration": 1,
    "pid": 21724,
    "index": 7
  },
  {
    "name": "Require(5) node_modules/egg-i18n/config/config.default.js",
    "start": 1565169133348,
    "end": 1565169133348,
    "duration": 0,
    "pid": 21724,
    "index": 8
  },
  {
    "name": "Require(6) node_modules/egg-watcher/config/config.default.js",
    "start": 1565169133350,
    "end": 1565169133351,
    "duration": 1,
    "pid": 21724,
    "index": 9
  },
  {
    "name": "Require(7) node_modules/egg-schedule/config/config.default.js",
    "start": 1565169133352,
    "end": 1565169133353,
    "duration": 1,
    "pid": 21724,
    "index": 10
  },
  {
    "name": "Require(8) node_modules/egg-multipart/config/config.default.js",
    "start": 1565169133355,
    "end": 1565169133356,
    "duration": 1,
    "pid": 21724,
    "index": 11
  },
  {
    "name": "Require(9) node_modules/egg-logrotator/config/config.default.js",
    "start": 1565169133358,
    "end": 1565169133359,
    "duration": 1,
    "pid": 21724,
    "index": 12
  },
  {
    "name": "Require(10) node_modules/egg-static/config/config.default.js",
    "start": 1565169133361,
    "end": 1565169133361,
    "duration": 0,
    "pid": 21724,
    "index": 13
  },
  {
    "name": "Require(11) node_modules/egg-view/config/config.default.js",
    "start": 1565169133363,
    "end": 1565169133364,
    "duration": 1,
    "pid": 21724,
    "index": 14
  },
  {
    "name": "Require(12) node_modules/egg-cors/config/config.default.js",
    "start": 1565169133367,
    "end": 1565169133368,
    "duration": 1,
    "pid": 21724,
    "index": 15
  },
  {
    "name": "Require(13) node_modules/egg-mysql/config/config.default.js",
    "start": 1565169133370,
    "end": 1565169133370,
    "duration": 0,
    "pid": 21724,
    "index": 16
  },
  {
    "name": "Require(14) node_modules/egg/config/config.default.js",
    "start": 1565169133372,
    "end": 1565169133373,
    "duration": 1,
    "pid": 21724,
    "index": 17
  },
  {
    "name": "Require(15) config/config.default.js",
    "start": 1565169133375,
    "end": 1565169133375,
    "duration": 0,
    "pid": 21724,
    "index": 18
  },
  {
    "name": "Require(16) node_modules/egg-static/config/config.prod.js",
    "start": 1565169133386,
    "end": 1565169133387,
    "duration": 1,
    "pid": 21724,
    "index": 19
  },
  {
    "name": "Load extend/application.js",
    "start": 1565169133395,
    "end": 1565169133492,
    "duration": 97,
    "pid": 21724,
    "index": 20
  },
  {
    "name": "Require(17) node_modules/egg-session/app/extend/application.js",
    "start": 1565169133397,
    "end": 1565169133398,
    "duration": 1,
    "pid": 21724,
    "index": 21
  },
  {
    "name": "Require(18) node_modules/egg-security/app/extend/application.js",
    "start": 1565169133400,
    "end": 1565169133406,
    "duration": 6,
    "pid": 21724,
    "index": 22
  },
  {
    "name": "Require(19) node_modules/egg-jsonp/app/extend/application.js",
    "start": 1565169133410,
    "end": 1565169133422,
    "duration": 12,
    "pid": 21724,
    "index": 23
  },
  {
    "name": "Require(20) node_modules/egg-logrotator/app/extend/application.js",
    "start": 1565169133428,
    "end": 1565169133457,
    "duration": 29,
    "pid": 21724,
    "index": 24
  },
  {
    "name": "Require(21) node_modules/egg-view/app/extend/application.js",
    "start": 1565169133459,
    "end": 1565169133465,
    "duration": 6,
    "pid": 21724,
    "index": 25
  },
  {
    "name": "Load extend/request.js",
    "start": 1565169133492,
    "end": 1565169133535,
    "duration": 43,
    "pid": 21724,
    "index": 26
  },
  {
    "name": "Require(22) node_modules/egg/app/extend/request.js",
    "start": 1565169133515,
    "end": 1565169133520,
    "duration": 5,
    "pid": 21724,
    "index": 27
  },
  {
    "name": "Load extend/response.js",
    "start": 1565169133535,
    "end": 1565169133575,
    "duration": 40,
    "pid": 21724,
    "index": 28
  },
  {
    "name": "Require(23) node_modules/egg/app/extend/response.js",
    "start": 1565169133551,
    "end": 1565169133562,
    "duration": 11,
    "pid": 21724,
    "index": 29
  },
  {
    "name": "Load extend/context.js",
    "start": 1565169133575,
    "end": 1565169133800,
    "duration": 225,
    "pid": 21724,
    "index": 30
  },
  {
    "name": "Require(24) node_modules/egg-security/app/extend/context.js",
    "start": 1565169133578,
    "end": 1565169133641,
    "duration": 63,
    "pid": 21724,
    "index": 31
  },
  {
    "name": "Require(25) node_modules/egg-jsonp/app/extend/context.js",
    "start": 1565169133642,
    "end": 1565169133647,
    "duration": 5,
    "pid": 21724,
    "index": 32
  },
  {
    "name": "Require(26) node_modules/egg-i18n/app/extend/context.js",
    "start": 1565169133650,
    "end": 1565169133651,
    "duration": 1,
    "pid": 21724,
    "index": 33
  },
  {
    "name": "Require(27) node_modules/egg-multipart/app/extend/context.js",
    "start": 1565169133654,
    "end": 1565169133764,
    "duration": 110,
    "pid": 21724,
    "index": 34
  },
  {
    "name": "Require(28) node_modules/egg-view/app/extend/context.js",
    "start": 1565169133767,
    "end": 1565169133770,
    "duration": 3,
    "pid": 21724,
    "index": 35
  },
  {
    "name": "Require(29) node_modules/egg-validate/app/extend/context.js",
    "start": 1565169133771,
    "end": 1565169133772,
    "duration": 1,
    "pid": 21724,
    "index": 36
  },
  {
    "name": "Require(30) node_modules/egg/app/extend/context.js",
    "start": 1565169133775,
    "end": 1565169133786,
    "duration": 11,
    "pid": 21724,
    "index": 37
  },
  {
    "name": "Load extend/helper.js",
    "start": 1565169133800,
    "end": 1565169133931,
    "duration": 131,
    "pid": 21724,
    "index": 38
  },
  {
    "name": "Require(31) node_modules/egg-security/app/extend/helper.js",
    "start": 1565169133802,
    "end": 1565169133884,
    "duration": 82,
    "pid": 21724,
    "index": 39
  },
  {
    "name": "Require(32) node_modules/egg/app/extend/helper.js",
    "start": 1565169133906,
    "end": 1565169133908,
    "duration": 2,
    "pid": 21724,
    "index": 40
  },
  {
    "name": "Load app.js",
    "start": 1565169133931,
    "end": 1565169134203,
    "duration": 272,
    "pid": 21724,
    "index": 41
  },
  {
    "name": "Require(33) node_modules/egg-session/app.js",
    "start": 1565169133932,
    "end": 1565169133933,
    "duration": 1,
    "pid": 21724,
    "index": 42
  },
  {
    "name": "Require(34) node_modules/egg-security/app.js",
    "start": 1565169133935,
    "end": 1565169133943,
    "duration": 8,
    "pid": 21724,
    "index": 43
  },
  {
    "name": "Require(35) node_modules/egg-onerror/app.js",
    "start": 1565169133947,
    "end": 1565169134003,
    "duration": 56,
    "pid": 21724,
    "index": 44
  },
  {
    "name": "Require(36) node_modules/egg-i18n/app.js",
    "start": 1565169134008,
    "end": 1565169134056,
    "duration": 48,
    "pid": 21724,
    "index": 45
  },
  {
    "name": "Require(37) node_modules/egg-watcher/app.js",
    "start": 1565169134057,
    "end": 1565169134081,
    "duration": 24,
    "pid": 21724,
    "index": 46
  },
  {
    "name": "Require(38) node_modules/egg-schedule/app.js",
    "start": 1565169134088,
    "end": 1565169134096,
    "duration": 8,
    "pid": 21724,
    "index": 47
  },
  {
    "name": "Require(39) node_modules/egg-multipart/app.js",
    "start": 1565169134101,
    "end": 1565169134123,
    "duration": 22,
    "pid": 21724,
    "index": 48
  },
  {
    "name": "Require(40) node_modules/egg-logrotator/app.js",
    "start": 1565169134124,
    "end": 1565169134125,
    "duration": 1,
    "pid": 21724,
    "index": 49
  },
  {
    "name": "Require(41) node_modules/egg-static/app.js",
    "start": 1565169134127,
    "end": 1565169134127,
    "duration": 0,
    "pid": 21724,
    "index": 50
  },
  {
    "name": "Require(42) node_modules/egg-validate/app.js",
    "start": 1565169134133,
    "end": 1565169134139,
    "duration": 6,
    "pid": 21724,
    "index": 51
  },
  {
    "name": "Require(43) node_modules/egg-cors/app.js",
    "start": 1565169134141,
    "end": 1565169134142,
    "duration": 1,
    "pid": 21724,
    "index": 52
  },
  {
    "name": "Require(44) node_modules/egg-mysql/app.js",
    "start": 1565169134143,
    "end": 1565169134198,
    "duration": 55,
    "pid": 21724,
    "index": 53
  },
  {
    "name": "Before Start in node_modules/egg-watcher/lib/init.js:15:14",
    "start": 1565169134255,
    "end": 1565169135659,
    "duration": 1404,
    "pid": 21724,
    "index": 54
  },
  {
    "name": "Before Start in node_modules/egg-mysql/lib/mysql.js:20:7",
    "start": 1565169134725,
    "end": 1565169135664,
    "duration": 939,
    "pid": 21724,
    "index": 55
  },
  {
    "name": "Load Service",
    "start": 1565169134726,
    "end": 1565169134827,
    "duration": 101,
    "pid": 21724,
    "index": 56
  },
  {
    "name": "Load \"service\" to Context",
    "start": 1565169134726,
    "end": 1565169134827,
    "duration": 101,
    "pid": 21724,
    "index": 57
  },
  {
    "name": "Load Middleware",
    "start": 1565169134828,
    "end": 1565169135502,
    "duration": 674,
    "pid": 21724,
    "index": 58
  },
  {
    "name": "Load \"middlewares\" to Application",
    "start": 1565169134828,
    "end": 1565169135456,
    "duration": 628,
    "pid": 21724,
    "index": 59
  },
  {
    "name": "Load Controller",
    "start": 1565169135502,
    "end": 1565169135565,
    "duration": 63,
    "pid": 21724,
    "index": 60
  },
  {
    "name": "Load \"controller\" to Application",
    "start": 1565169135502,
    "end": 1565169135565,
    "duration": 63,
    "pid": 21724,
    "index": 61
  },
  {
    "name": "Load Router",
    "start": 1565169135565,
    "end": 1565169135574,
    "duration": 9,
    "pid": 21724,
    "index": 62
  },
  {
    "name": "Require(45) app/router.js",
    "start": 1565169135566,
    "end": 1565169135567,
    "duration": 1,
    "pid": 21724,
    "index": 63
  },
  {
    "name": "Before Start in node_modules/egg-core/lib/egg.js:303:10",
    "start": 1565169135570,
    "end": 1565169135613,
    "duration": 43,
    "pid": 21724,
    "index": 64
  }
]