[
  {
    "name": "Application Start",
    "start": 1565170181567,
    "end": 1565170183512,
    "duration": 1945,
    "pid": 4180,
    "index": 0
  },
  {
    "name": "Load Plugin",
    "start": 1565170181583,
    "end": 1565170181678,
    "duration": 95,
    "pid": 4180,
    "index": 1
  },
  {
    "name": "Load Config",
    "start": 1565170181678,
    "end": 1565170181750,
    "duration": 72,
    "pid": 4180,
    "index": 2
  },
  {
    "name": "Require(0) config/config.default.js",
    "start": 1565170181680,
    "end": 1565170181681,
    "duration": 1,
    "pid": 4180,
    "index": 3
  },
  {
    "name": "Require(1) node_modules/egg-session/config/config.default.js",
    "start": 1565170181686,
    "end": 1565170181687,
    "duration": 1,
    "pid": 4180,
    "index": 4
  },
  {
    "name": "Require(2) node_modules/egg-security/config/config.default.js",
    "start": 1565170181688,
    "end": 1565170181689,
    "duration": 1,
    "pid": 4180,
    "index": 5
  },
  {
    "name": "Require(3) node_modules/egg-jsonp/config/config.default.js",
    "start": 1565170181692,
    "end": 1565170181693,
    "duration": 1,
    "pid": 4180,
    "index": 6
  },
  {
    "name": "Require(4) node_modules/egg-onerror/config/config.default.js",
    "start": 1565170181695,
    "end": 1565170181696,
    "duration": 1,
    "pid": 4180,
    "index": 7
  },
  {
    "name": "Require(5) node_modules/egg-i18n/config/config.default.js",
    "start": 1565170181698,
    "end": 1565170181698,
    "duration": 0,
    "pid": 4180,
    "index": 8
  },
  {
    "name": "Require(6) node_modules/egg-watcher/config/config.default.js",
    "start": 1565170181701,
    "end": 1565170181701,
    "duration": 0,
    "pid": 4180,
    "index": 9
  },
  {
    "name": "Require(7) node_modules/egg-schedule/config/config.default.js",
    "start": 1565170181703,
    "end": 1565170181704,
    "duration": 1,
    "pid": 4180,
    "index": 10
  },
  {
    "name": "Require(8) node_modules/egg-multipart/config/config.default.js",
    "start": 1565170181706,
    "end": 1565170181706,
    "duration": 0,
    "pid": 4180,
    "index": 11
  },
  {
    "name": "Require(9) node_modules/egg-logrotator/config/config.default.js",
    "start": 1565170181708,
    "end": 1565170181709,
    "duration": 1,
    "pid": 4180,
    "index": 12
  },
  {
    "name": "Require(10) node_modules/egg-static/config/config.default.js",
    "start": 1565170181711,
    "end": 1565170181712,
    "duration": 1,
    "pid": 4180,
    "index": 13
  },
  {
    "name": "Require(11) node_modules/egg-view/config/config.default.js",
    "start": 1565170181714,
    "end": 1565170181714,
    "duration": 0,
    "pid": 4180,
    "index": 14
  },
  {
    "name": "Require(12) node_modules/egg-cors/config/config.default.js",
    "start": 1565170181718,
    "end": 1565170181718,
    "duration": 0,
    "pid": 4180,
    "index": 15
  },
  {
    "name": "Require(13) node_modules/egg-mysql/config/config.default.js",
    "start": 1565170181720,
    "end": 1565170181721,
    "duration": 1,
    "pid": 4180,
    "index": 16
  },
  {
    "name": "Require(14) node_modules/egg/config/config.default.js",
    "start": 1565170181723,
    "end": 1565170181724,
    "duration": 1,
    "pid": 4180,
    "index": 17
  },
  {
    "name": "Require(15) config/config.default.js",
    "start": 1565170181726,
    "end": 1565170181726,
    "duration": 0,
    "pid": 4180,
    "index": 18
  },
  {
    "name": "Require(16) node_modules/egg-static/config/config.prod.js",
    "start": 1565170181741,
    "end": 1565170181745,
    "duration": 4,
    "pid": 4180,
    "index": 19
  },
  {
    "name": "Load extend/application.js",
    "start": 1565170181752,
    "end": 1565170181825,
    "duration": 73,
    "pid": 4180,
    "index": 20
  },
  {
    "name": "Require(17) node_modules/egg-session/app/extend/application.js",
    "start": 1565170181754,
    "end": 1565170181755,
    "duration": 1,
    "pid": 4180,
    "index": 21
  },
  {
    "name": "Require(18) node_modules/egg-security/app/extend/application.js",
    "start": 1565170181757,
    "end": 1565170181761,
    "duration": 4,
    "pid": 4180,
    "index": 22
  },
  {
    "name": "Require(19) node_modules/egg-jsonp/app/extend/application.js",
    "start": 1565170181762,
    "end": 1565170181768,
    "duration": 6,
    "pid": 4180,
    "index": 23
  },
  {
    "name": "Require(20) node_modules/egg-logrotator/app/extend/application.js",
    "start": 1565170181774,
    "end": 1565170181799,
    "duration": 25,
    "pid": 4180,
    "index": 24
  },
  {
    "name": "Require(21) node_modules/egg-view/app/extend/application.js",
    "start": 1565170181801,
    "end": 1565170181806,
    "duration": 5,
    "pid": 4180,
    "index": 25
  },
  {
    "name": "Load extend/request.js",
    "start": 1565170181825,
    "end": 1565170181859,
    "duration": 34,
    "pid": 4180,
    "index": 26
  },
  {
    "name": "Require(22) node_modules/egg/app/extend/request.js",
    "start": 1565170181839,
    "end": 1565170181844,
    "duration": 5,
    "pid": 4180,
    "index": 27
  },
  {
    "name": "Load extend/response.js",
    "start": 1565170181859,
    "end": 1565170181898,
    "duration": 39,
    "pid": 4180,
    "index": 28
  },
  {
    "name": "Require(23) node_modules/egg/app/extend/response.js",
    "start": 1565170181873,
    "end": 1565170181882,
    "duration": 9,
    "pid": 4180,
    "index": 29
  },
  {
    "name": "Load extend/context.js",
    "start": 1565170181898,
    "end": 1565170182126,
    "duration": 228,
    "pid": 4180,
    "index": 30
  },
  {
    "name": "Require(24) node_modules/egg-security/app/extend/context.js",
    "start": 1565170181900,
    "end": 1565170181963,
    "duration": 63,
    "pid": 4180,
    "index": 31
  },
  {
    "name": "Require(25) node_modules/egg-jsonp/app/extend/context.js",
    "start": 1565170181965,
    "end": 1565170181970,
    "duration": 5,
    "pid": 4180,
    "index": 32
  },
  {
    "name": "Require(26) node_modules/egg-i18n/app/extend/context.js",
    "start": 1565170181973,
    "end": 1565170181974,
    "duration": 1,
    "pid": 4180,
    "index": 33
  },
  {
    "name": "Require(27) node_modules/egg-multipart/app/extend/context.js",
    "start": 1565170181977,
    "end": 1565170182089,
    "duration": 112,
    "pid": 4180,
    "index": 34
  },
  {
    "name": "Require(28) node_modules/egg-view/app/extend/context.js",
    "start": 1565170182092,
    "end": 1565170182096,
    "duration": 4,
    "pid": 4180,
    "index": 35
  },
  {
    "name": "Require(29) node_modules/egg-validate/app/extend/context.js",
    "start": 1565170182098,
    "end": 1565170182099,
    "duration": 1,
    "pid": 4180,
    "index": 36
  },
  {
    "name": "Require(30) node_modules/egg/app/extend/context.js",
    "start": 1565170182101,
    "end": 1565170182112,
    "duration": 11,
    "pid": 4180,
    "index": 37
  },
  {
    "name": "Load extend/helper.js",
    "start": 1565170182127,
    "end": 1565170182214,
    "duration": 87,
    "pid": 4180,
    "index": 38
  },
  {
    "name": "Require(31) node_modules/egg-security/app/extend/helper.js",
    "start": 1565170182129,
    "end": 1565170182185,
    "duration": 56,
    "pid": 4180,
    "index": 39
  },
  {
    "name": "Require(32) node_modules/egg/app/extend/helper.js",
    "start": 1565170182198,
    "end": 1565170182199,
    "duration": 1,
    "pid": 4180,
    "index": 40
  },
  {
    "name": "Load app.js",
    "start": 1565170182214,
    "end": 1565170182404,
    "duration": 190,
    "pid": 4180,
    "index": 41
  },
  {
    "name": "Require(33) node_modules/egg-session/app.js",
    "start": 1565170182215,
    "end": 1565170182216,
    "duration": 1,
    "pid": 4180,
    "index": 42
  },
  {
    "name": "Require(34) node_modules/egg-security/app.js",
    "start": 1565170182218,
    "end": 1565170182225,
    "duration": 7,
    "pid": 4180,
    "index": 43
  },
  {
    "name": "Require(35) node_modules/egg-onerror/app.js",
    "start": 1565170182229,
    "end": 1565170182266,
    "duration": 37,
    "pid": 4180,
    "index": 44
  },
  {
    "name": "Require(36) node_modules/egg-i18n/app.js",
    "start": 1565170182267,
    "end": 1565170182306,
    "duration": 39,
    "pid": 4180,
    "index": 45
  },
  {
    "name": "Require(37) node_modules/egg-watcher/app.js",
    "start": 1565170182307,
    "end": 1565170182321,
    "duration": 14,
    "pid": 4180,
    "index": 46
  },
  {
    "name": "Require(38) node_modules/egg-schedule/app.js",
    "start": 1565170182322,
    "end": 1565170182329,
    "duration": 7,
    "pid": 4180,
    "index": 47
  },
  {
    "name": "Require(39) node_modules/egg-multipart/app.js",
    "start": 1565170182330,
    "end": 1565170182340,
    "duration": 10,
    "pid": 4180,
    "index": 48
  },
  {
    "name": "Require(40) node_modules/egg-logrotator/app.js",
    "start": 1565170182341,
    "end": 1565170182342,
    "duration": 1,
    "pid": 4180,
    "index": 49
  },
  {
    "name": "Require(41) node_modules/egg-static/app.js",
    "start": 1565170182344,
    "end": 1565170182344,
    "duration": 0,
    "pid": 4180,
    "index": 50
  },
  {
    "name": "Require(42) node_modules/egg-validate/app.js",
    "start": 1565170182347,
    "end": 1565170182353,
    "duration": 6,
    "pid": 4180,
    "index": 51
  },
  {
    "name": "Require(43) node_modules/egg-cors/app.js",
    "start": 1565170182354,
    "end": 1565170182355,
    "duration": 1,
    "pid": 4180,
    "index": 52
  },
  {
    "name": "Require(44) node_modules/egg-mysql/app.js",
    "start": 1565170182356,
    "end": 1565170182400,
    "duration": 44,
    "pid": 4180,
    "index": 53
  },
  {
    "name": "Before Start in node_modules/egg-watcher/lib/init.js:15:14",
    "start": 1565170182441,
    "end": 1565170183487,
    "duration": 1046,
    "pid": 4180,
    "index": 54
  },
  {
    "name": "Before Start in node_modules/egg-mysql/lib/mysql.js:20:7",
    "start": 1565170182783,
    "end": 1565170183495,
    "duration": 712,
    "pid": 4180,
    "index": 55
  },
  {
    "name": "Load Service",
    "start": 1565170182783,
    "end": 1565170182848,
    "duration": 65,
    "pid": 4180,
    "index": 56
  },
  {
    "name": "Load \"service\" to Context",
    "start": 1565170182784,
    "end": 1565170182848,
    "duration": 64,
    "pid": 4180,
    "index": 57
  },
  {
    "name": "Load Middleware",
    "start": 1565170182848,
    "end": 1565170183347,
    "duration": 499,
    "pid": 4180,
    "index": 58
  },
  {
    "name": "Load \"middlewares\" to Application",
    "start": 1565170182849,
    "end": 1565170183308,
    "duration": 459,
    "pid": 4180,
    "index": 59
  },
  {
    "name": "Load Controller",
    "start": 1565170183347,
    "end": 1565170183417,
    "duration": 70,
    "pid": 4180,
    "index": 60
  },
  {
    "name": "Load \"controller\" to Application",
    "start": 1565170183347,
    "end": 1565170183417,
    "duration": 70,
    "pid": 4180,
    "index": 61
  },
  {
    "name": "Load Router",
    "start": 1565170183417,
    "end": 1565170183424,
    "duration": 7,
    "pid": 4180,
    "index": 62
  },
  {
    "name": "Require(45) app/router.js",
    "start": 1565170183418,
    "end": 1565170183419,
    "duration": 1,
    "pid": 4180,
    "index": 63
  },
  {
    "name": "Before Start in node_modules/egg-core/lib/egg.js:303:10",
    "start": 1565170183420,
    "end": 1565170183454,
    "duration": 34,
    "pid": 4180,
    "index": 64
  }
]