[
  {
    "name": "Application Start",
    "start": 1565169289578,
    "end": 1565169291618,
    "duration": 2040,
    "pid": 10108,
    "index": 0
  },
  {
    "name": "Load Plugin",
    "start": 1565169289597,
    "end": 1565169289694,
    "duration": 97,
    "pid": 10108,
    "index": 1
  },
  {
    "name": "Load Config",
    "start": 1565169289695,
    "end": 1565169289764,
    "duration": 69,
    "pid": 10108,
    "index": 2
  },
  {
    "name": "Require(0) config/config.default.js",
    "start": 1565169289696,
    "end": 1565169289697,
    "duration": 1,
    "pid": 10108,
    "index": 3
  },
  {
    "name": "Require(1) node_modules/egg-session/config/config.default.js",
    "start": 1565169289702,
    "end": 1565169289703,
    "duration": 1,
    "pid": 10108,
    "index": 4
  },
  {
    "name": "Require(2) node_modules/egg-security/config/config.default.js",
    "start": 1565169289705,
    "end": 1565169289705,
    "duration": 0,
    "pid": 10108,
    "index": 5
  },
  {
    "name": "Require(3) node_modules/egg-jsonp/config/config.default.js",
    "start": 1565169289708,
    "end": 1565169289709,
    "duration": 1,
    "pid": 10108,
    "index": 6
  },
  {
    "name": "Require(4) node_modules/egg-onerror/config/config.default.js",
    "start": 1565169289711,
    "end": 1565169289711,
    "duration": 0,
    "pid": 10108,
    "index": 7
  },
  {
    "name": "Require(5) node_modules/egg-i18n/config/config.default.js",
    "start": 1565169289713,
    "end": 1565169289714,
    "duration": 1,
    "pid": 10108,
    "index": 8
  },
  {
    "name": "Require(6) node_modules/egg-watcher/config/config.default.js",
    "start": 1565169289716,
    "end": 1565169289717,
    "duration": 1,
    "pid": 10108,
    "index": 9
  },
  {
    "name": "Require(7) node_modules/egg-schedule/config/config.default.js",
    "start": 1565169289719,
    "end": 1565169289719,
    "duration": 0,
    "pid": 10108,
    "index": 10
  },
  {
    "name": "Require(8) node_modules/egg-multipart/config/config.default.js",
    "start": 1565169289721,
    "end": 1565169289722,
    "duration": 1,
    "pid": 10108,
    "index": 11
  },
  {
    "name": "Require(9) node_modules/egg-logrotator/config/config.default.js",
    "start": 1565169289724,
    "end": 1565169289724,
    "duration": 0,
    "pid": 10108,
    "index": 12
  },
  {
    "name": "Require(10) node_modules/egg-static/config/config.default.js",
    "start": 1565169289726,
    "end": 1565169289727,
    "duration": 1,
    "pid": 10108,
    "index": 13
  },
  {
    "name": "Require(11) node_modules/egg-view/config/config.default.js",
    "start": 1565169289729,
    "end": 1565169289730,
    "duration": 1,
    "pid": 10108,
    "index": 14
  },
  {
    "name": "Require(12) node_modules/egg-cors/config/config.default.js",
    "start": 1565169289736,
    "end": 1565169289736,
    "duration": 0,
    "pid": 10108,
    "index": 15
  },
  {
    "name": "Require(13) node_modules/egg-mysql/config/config.default.js",
    "start": 1565169289738,
    "end": 1565169289739,
    "duration": 1,
    "pid": 10108,
    "index": 16
  },
  {
    "name": "Require(14) node_modules/egg/config/config.default.js",
    "start": 1565169289741,
    "end": 1565169289742,
    "duration": 1,
    "pid": 10108,
    "index": 17
  },
  {
    "name": "Require(15) config/config.default.js",
    "start": 1565169289745,
    "end": 1565169289745,
    "duration": 0,
    "pid": 10108,
    "index": 18
  },
  {
    "name": "Require(16) node_modules/egg-static/config/config.prod.js",
    "start": 1565169289757,
    "end": 1565169289758,
    "duration": 1,
    "pid": 10108,
    "index": 19
  },
  {
    "name": "Load extend/application.js",
    "start": 1565169289766,
    "end": 1565169289848,
    "duration": 82,
    "pid": 10108,
    "index": 20
  },
  {
    "name": "Require(17) node_modules/egg-session/app/extend/application.js",
    "start": 1565169289769,
    "end": 1565169289770,
    "duration": 1,
    "pid": 10108,
    "index": 21
  },
  {
    "name": "Require(18) node_modules/egg-security/app/extend/application.js",
    "start": 1565169289771,
    "end": 1565169289775,
    "duration": 4,
    "pid": 10108,
    "index": 22
  },
  {
    "name": "Require(19) node_modules/egg-jsonp/app/extend/application.js",
    "start": 1565169289777,
    "end": 1565169289784,
    "duration": 7,
    "pid": 10108,
    "index": 23
  },
  {
    "name": "Require(20) node_modules/egg-logrotator/app/extend/application.js",
    "start": 1565169289791,
    "end": 1565169289825,
    "duration": 34,
    "pid": 10108,
    "index": 24
  },
  {
    "name": "Require(21) node_modules/egg-view/app/extend/application.js",
    "start": 1565169289827,
    "end": 1565169289831,
    "duration": 4,
    "pid": 10108,
    "index": 25
  },
  {
    "name": "Load extend/request.js",
    "start": 1565169289848,
    "end": 1565169289893,
    "duration": 45,
    "pid": 10108,
    "index": 26
  },
  {
    "name": "Require(22) node_modules/egg/app/extend/request.js",
    "start": 1565169289864,
    "end": 1565169289873,
    "duration": 9,
    "pid": 10108,
    "index": 27
  },
  {
    "name": "Load extend/response.js",
    "start": 1565169289893,
    "end": 1565169289930,
    "duration": 37,
    "pid": 10108,
    "index": 28
  },
  {
    "name": "Require(23) node_modules/egg/app/extend/response.js",
    "start": 1565169289907,
    "end": 1565169289916,
    "duration": 9,
    "pid": 10108,
    "index": 29
  },
  {
    "name": "Load extend/context.js",
    "start": 1565169289930,
    "end": 1565169290176,
    "duration": 246,
    "pid": 10108,
    "index": 30
  },
  {
    "name": "Require(24) node_modules/egg-security/app/extend/context.js",
    "start": 1565169289938,
    "end": 1565169290002,
    "duration": 64,
    "pid": 10108,
    "index": 31
  },
  {
    "name": "Require(25) node_modules/egg-jsonp/app/extend/context.js",
    "start": 1565169290003,
    "end": 1565169290008,
    "duration": 5,
    "pid": 10108,
    "index": 32
  },
  {
    "name": "Require(26) node_modules/egg-i18n/app/extend/context.js",
    "start": 1565169290011,
    "end": 1565169290011,
    "duration": 0,
    "pid": 10108,
    "index": 33
  },
  {
    "name": "Require(27) node_modules/egg-multipart/app/extend/context.js",
    "start": 1565169290015,
    "end": 1565169290133,
    "duration": 118,
    "pid": 10108,
    "index": 34
  },
  {
    "name": "Require(28) node_modules/egg-view/app/extend/context.js",
    "start": 1565169290136,
    "end": 1565169290139,
    "duration": 3,
    "pid": 10108,
    "index": 35
  },
  {
    "name": "Require(29) node_modules/egg-validate/app/extend/context.js",
    "start": 1565169290142,
    "end": 1565169290143,
    "duration": 1,
    "pid": 10108,
    "index": 36
  },
  {
    "name": "Require(30) node_modules/egg/app/extend/context.js",
    "start": 1565169290145,
    "end": 1565169290159,
    "duration": 14,
    "pid": 10108,
    "index": 37
  },
  {
    "name": "Load extend/helper.js",
    "start": 1565169290176,
    "end": 1565169290263,
    "duration": 87,
    "pid": 10108,
    "index": 38
  },
  {
    "name": "Require(31) node_modules/egg-security/app/extend/helper.js",
    "start": 1565169290179,
    "end": 1565169290235,
    "duration": 56,
    "pid": 10108,
    "index": 39
  },
  {
    "name": "Require(32) node_modules/egg/app/extend/helper.js",
    "start": 1565169290246,
    "end": 1565169290247,
    "duration": 1,
    "pid": 10108,
    "index": 40
  },
  {
    "name": "Load app.js",
    "start": 1565169290263,
    "end": 1565169290468,
    "duration": 205,
    "pid": 10108,
    "index": 41
  },
  {
    "name": "Require(33) node_modules/egg-session/app.js",
    "start": 1565169290264,
    "end": 1565169290265,
    "duration": 1,
    "pid": 10108,
    "index": 42
  },
  {
    "name": "Require(34) node_modules/egg-security/app.js",
    "start": 1565169290267,
    "end": 1565169290276,
    "duration": 9,
    "pid": 10108,
    "index": 43
  },
  {
    "name": "Require(35) node_modules/egg-onerror/app.js",
    "start": 1565169290279,
    "end": 1565169290316,
    "duration": 37,
    "pid": 10108,
    "index": 44
  },
  {
    "name": "Require(36) node_modules/egg-i18n/app.js",
    "start": 1565169290317,
    "end": 1565169290359,
    "duration": 42,
    "pid": 10108,
    "index": 45
  },
  {
    "name": "Require(37) node_modules/egg-watcher/app.js",
    "start": 1565169290361,
    "end": 1565169290376,
    "duration": 15,
    "pid": 10108,
    "index": 46
  },
  {
    "name": "Require(38) node_modules/egg-schedule/app.js",
    "start": 1565169290377,
    "end": 1565169290383,
    "duration": 6,
    "pid": 10108,
    "index": 47
  },
  {
    "name": "Require(39) node_modules/egg-multipart/app.js",
    "start": 1565169290384,
    "end": 1565169290394,
    "duration": 10,
    "pid": 10108,
    "index": 48
  },
  {
    "name": "Require(40) node_modules/egg-logrotator/app.js",
    "start": 1565169290395,
    "end": 1565169290396,
    "duration": 1,
    "pid": 10108,
    "index": 49
  },
  {
    "name": "Require(41) node_modules/egg-static/app.js",
    "start": 1565169290397,
    "end": 1565169290398,
    "duration": 1,
    "pid": 10108,
    "index": 50
  },
  {
    "name": "Require(42) node_modules/egg-validate/app.js",
    "start": 1565169290405,
    "end": 1565169290410,
    "duration": 5,
    "pid": 10108,
    "index": 51
  },
  {
    "name": "Require(43) node_modules/egg-cors/app.js",
    "start": 1565169290412,
    "end": 1565169290413,
    "duration": 1,
    "pid": 10108,
    "index": 52
  },
  {
    "name": "Require(44) node_modules/egg-mysql/app.js",
    "start": 1565169290414,
    "end": 1565169290463,
    "duration": 49,
    "pid": 10108,
    "index": 53
  },
  {
    "name": "Before Start in node_modules/egg-watcher/lib/init.js:15:14",
    "start": 1565169290516,
    "end": 1565169291615,
    "duration": 1099,
    "pid": 10108,
    "index": 54
  },
  {
    "name": "Before Start in node_modules/egg-mysql/lib/mysql.js:20:7",
    "start": 1565169290860,
    "end": 1565169291611,
    "duration": 751,
    "pid": 10108,
    "index": 55
  },
  {
    "name": "Load Service",
    "start": 1565169290861,
    "end": 1565169290926,
    "duration": 65,
    "pid": 10108,
    "index": 56
  },
  {
    "name": "Load \"service\" to Context",
    "start": 1565169290861,
    "end": 1565169290926,
    "duration": 65,
    "pid": 10108,
    "index": 57
  },
  {
    "name": "Load Middleware",
    "start": 1565169290926,
    "end": 1565169291475,
    "duration": 549,
    "pid": 10108,
    "index": 58
  },
  {
    "name": "Load \"middlewares\" to Application",
    "start": 1565169290926,
    "end": 1565169291421,
    "duration": 495,
    "pid": 10108,
    "index": 59
  },
  {
    "name": "Load Controller",
    "start": 1565169291475,
    "end": 1565169291539,
    "duration": 64,
    "pid": 10108,
    "index": 60
  },
  {
    "name": "Load \"controller\" to Application",
    "start": 1565169291475,
    "end": 1565169291539,
    "duration": 64,
    "pid": 10108,
    "index": 61
  },
  {
    "name": "Load Router",
    "start": 1565169291539,
    "end": 1565169291547,
    "duration": 8,
    "pid": 10108,
    "index": 62
  },
  {
    "name": "Require(45) app/router.js",
    "start": 1565169291540,
    "end": 1565169291541,
    "duration": 1,
    "pid": 10108,
    "index": 63
  },
  {
    "name": "Before Start in node_modules/egg-core/lib/egg.js:303:10",
    "start": 1565169291542,
    "end": 1565169291574,
    "duration": 32,
    "pid": 10108,
    "index": 64
  }
]