[
  {
    "name": "Application Start",
    "start": 1565141993162,
    "end": 1565141995244,
    "duration": 2082,
    "pid": 11092,
    "index": 0
  },
  {
    "name": "Load Plugin",
    "start": 1565141993178,
    "end": 1565141993274,
    "duration": 96,
    "pid": 11092,
    "index": 1
  },
  {
    "name": "Load Config",
    "start": 1565141993274,
    "end": 1565141993338,
    "duration": 64,
    "pid": 11092,
    "index": 2
  },
  {
    "name": "Require(0) config/config.default.js",
    "start": 1565141993276,
    "end": 1565141993276,
    "duration": 0,
    "pid": 11092,
    "index": 3
  },
  {
    "name": "Require(1) node_modules/egg-session/config/config.default.js",
    "start": 1565141993282,
    "end": 1565141993282,
    "duration": 0,
    "pid": 11092,
    "index": 4
  },
  {
    "name": "Require(2) node_modules/egg-security/config/config.default.js",
    "start": 1565141993284,
    "end": 1565141993284,
    "duration": 0,
    "pid": 11092,
    "index": 5
  },
  {
    "name": "Require(3) node_modules/egg-jsonp/config/config.default.js",
    "start": 1565141993287,
    "end": 1565141993288,
    "duration": 1,
    "pid": 11092,
    "index": 6
  },
  {
    "name": "Require(4) node_modules/egg-onerror/config/config.default.js",
    "start": 1565141993290,
    "end": 1565141993291,
    "duration": 1,
    "pid": 11092,
    "index": 7
  },
  {
    "name": "Require(5) node_modules/egg-i18n/config/config.default.js",
    "start": 1565141993292,
    "end": 1565141993293,
    "duration": 1,
    "pid": 11092,
    "index": 8
  },
  {
    "name": "Require(6) node_modules/egg-watcher/config/config.default.js",
    "start": 1565141993295,
    "end": 1565141993296,
    "duration": 1,
    "pid": 11092,
    "index": 9
  },
  {
    "name": "Require(7) node_modules/egg-schedule/config/config.default.js",
    "start": 1565141993298,
    "end": 1565141993299,
    "duration": 1,
    "pid": 11092,
    "index": 10
  },
  {
    "name": "Require(8) node_modules/egg-multipart/config/config.default.js",
    "start": 1565141993301,
    "end": 1565141993302,
    "duration": 1,
    "pid": 11092,
    "index": 11
  },
  {
    "name": "Require(9) node_modules/egg-logrotator/config/config.default.js",
    "start": 1565141993304,
    "end": 1565141993304,
    "duration": 0,
    "pid": 11092,
    "index": 12
  },
  {
    "name": "Require(10) node_modules/egg-static/config/config.default.js",
    "start": 1565141993306,
    "end": 1565141993307,
    "duration": 1,
    "pid": 11092,
    "index": 13
  },
  {
    "name": "Require(11) node_modules/egg-view/config/config.default.js",
    "start": 1565141993309,
    "end": 1565141993309,
    "duration": 0,
    "pid": 11092,
    "index": 14
  },
  {
    "name": "Require(12) node_modules/egg-cors/config/config.default.js",
    "start": 1565141993313,
    "end": 1565141993313,
    "duration": 0,
    "pid": 11092,
    "index": 15
  },
  {
    "name": "Require(13) node_modules/egg-mysql/config/config.default.js",
    "start": 1565141993315,
    "end": 1565141993316,
    "duration": 1,
    "pid": 11092,
    "index": 16
  },
  {
    "name": "Require(14) node_modules/egg/config/config.default.js",
    "start": 1565141993317,
    "end": 1565141993318,
    "duration": 1,
    "pid": 11092,
    "index": 17
  },
  {
    "name": "Require(15) config/config.default.js",
    "start": 1565141993320,
    "end": 1565141993321,
    "duration": 1,
    "pid": 11092,
    "index": 18
  },
  {
    "name": "Require(16) node_modules/egg-static/config/config.prod.js",
    "start": 1565141993331,
    "end": 1565141993332,
    "duration": 1,
    "pid": 11092,
    "index": 19
  },
  {
    "name": "Load extend/application.js",
    "start": 1565141993340,
    "end": 1565141993418,
    "duration": 78,
    "pid": 11092,
    "index": 20
  },
  {
    "name": "Require(17) node_modules/egg-session/app/extend/application.js",
    "start": 1565141993343,
    "end": 1565141993346,
    "duration": 3,
    "pid": 11092,
    "index": 21
  },
  {
    "name": "Require(18) node_modules/egg-security/app/extend/application.js",
    "start": 1565141993347,
    "end": 1565141993351,
    "duration": 4,
    "pid": 11092,
    "index": 22
  },
  {
    "name": "Require(19) node_modules/egg-jsonp/app/extend/application.js",
    "start": 1565141993353,
    "end": 1565141993359,
    "duration": 6,
    "pid": 11092,
    "index": 23
  },
  {
    "name": "Require(20) node_modules/egg-logrotator/app/extend/application.js",
    "start": 1565141993365,
    "end": 1565141993391,
    "duration": 26,
    "pid": 11092,
    "index": 24
  },
  {
    "name": "Require(21) node_modules/egg-view/app/extend/application.js",
    "start": 1565141993394,
    "end": 1565141993399,
    "duration": 5,
    "pid": 11092,
    "index": 25
  },
  {
    "name": "Load extend/request.js",
    "start": 1565141993418,
    "end": 1565141993455,
    "duration": 37,
    "pid": 11092,
    "index": 26
  },
  {
    "name": "Require(22) node_modules/egg/app/extend/request.js",
    "start": 1565141993432,
    "end": 1565141993438,
    "duration": 6,
    "pid": 11092,
    "index": 27
  },
  {
    "name": "Load extend/response.js",
    "start": 1565141993455,
    "end": 1565141993492,
    "duration": 37,
    "pid": 11092,
    "index": 28
  },
  {
    "name": "Require(23) node_modules/egg/app/extend/response.js",
    "start": 1565141993469,
    "end": 1565141993477,
    "duration": 8,
    "pid": 11092,
    "index": 29
  },
  {
    "name": "Load extend/context.js",
    "start": 1565141993492,
    "end": 1565141993714,
    "duration": 222,
    "pid": 11092,
    "index": 30
  },
  {
    "name": "Require(24) node_modules/egg-security/app/extend/context.js",
    "start": 1565141993494,
    "end": 1565141993558,
    "duration": 64,
    "pid": 11092,
    "index": 31
  },
  {
    "name": "Require(25) node_modules/egg-jsonp/app/extend/context.js",
    "start": 1565141993559,
    "end": 1565141993564,
    "duration": 5,
    "pid": 11092,
    "index": 32
  },
  {
    "name": "Require(26) node_modules/egg-i18n/app/extend/context.js",
    "start": 1565141993567,
    "end": 1565141993568,
    "duration": 1,
    "pid": 11092,
    "index": 33
  },
  {
    "name": "Require(27) node_modules/egg-multipart/app/extend/context.js",
    "start": 1565141993571,
    "end": 1565141993678,
    "duration": 107,
    "pid": 11092,
    "index": 34
  },
  {
    "name": "Require(28) node_modules/egg-view/app/extend/context.js",
    "start": 1565141993680,
    "end": 1565141993683,
    "duration": 3,
    "pid": 11092,
    "index": 35
  },
  {
    "name": "Require(29) node_modules/egg-validate/app/extend/context.js",
    "start": 1565141993685,
    "end": 1565141993686,
    "duration": 1,
    "pid": 11092,
    "index": 36
  },
  {
    "name": "Require(30) node_modules/egg/app/extend/context.js",
    "start": 1565141993689,
    "end": 1565141993700,
    "duration": 11,
    "pid": 11092,
    "index": 37
  },
  {
    "name": "Load extend/helper.js",
    "start": 1565141993715,
    "end": 1565141993807,
    "duration": 92,
    "pid": 11092,
    "index": 38
  },
  {
    "name": "Require(31) node_modules/egg-security/app/extend/helper.js",
    "start": 1565141993717,
    "end": 1565141993778,
    "duration": 61,
    "pid": 11092,
    "index": 39
  },
  {
    "name": "Require(32) node_modules/egg/app/extend/helper.js",
    "start": 1565141993790,
    "end": 1565141993793,
    "duration": 3,
    "pid": 11092,
    "index": 40
  },
  {
    "name": "Load app.js",
    "start": 1565141993808,
    "end": 1565141994052,
    "duration": 244,
    "pid": 11092,
    "index": 41
  },
  {
    "name": "Require(33) node_modules/egg-session/app.js",
    "start": 1565141993809,
    "end": 1565141993810,
    "duration": 1,
    "pid": 11092,
    "index": 42
  },
  {
    "name": "Require(34) node_modules/egg-security/app.js",
    "start": 1565141993811,
    "end": 1565141993819,
    "duration": 8,
    "pid": 11092,
    "index": 43
  },
  {
    "name": "Require(35) node_modules/egg-onerror/app.js",
    "start": 1565141993825,
    "end": 1565141993884,
    "duration": 59,
    "pid": 11092,
    "index": 44
  },
  {
    "name": "Require(36) node_modules/egg-i18n/app.js",
    "start": 1565141993885,
    "end": 1565141993932,
    "duration": 47,
    "pid": 11092,
    "index": 45
  },
  {
    "name": "Require(37) node_modules/egg-watcher/app.js",
    "start": 1565141993934,
    "end": 1565141993965,
    "duration": 31,
    "pid": 11092,
    "index": 46
  },
  {
    "name": "Require(38) node_modules/egg-schedule/app.js",
    "start": 1565141993966,
    "end": 1565141993972,
    "duration": 6,
    "pid": 11092,
    "index": 47
  },
  {
    "name": "Require(39) node_modules/egg-multipart/app.js",
    "start": 1565141993973,
    "end": 1565141993985,
    "duration": 12,
    "pid": 11092,
    "index": 48
  },
  {
    "name": "Require(40) node_modules/egg-logrotator/app.js",
    "start": 1565141993986,
    "end": 1565141993987,
    "duration": 1,
    "pid": 11092,
    "index": 49
  },
  {
    "name": "Require(41) node_modules/egg-static/app.js",
    "start": 1565141993988,
    "end": 1565141993989,
    "duration": 1,
    "pid": 11092,
    "index": 50
  },
  {
    "name": "Require(42) node_modules/egg-validate/app.js",
    "start": 1565141993992,
    "end": 1565141993998,
    "duration": 6,
    "pid": 11092,
    "index": 51
  },
  {
    "name": "Require(43) node_modules/egg-cors/app.js",
    "start": 1565141994000,
    "end": 1565141994001,
    "duration": 1,
    "pid": 11092,
    "index": 52
  },
  {
    "name": "Require(44) node_modules/egg-mysql/app.js",
    "start": 1565141994002,
    "end": 1565141994048,
    "duration": 46,
    "pid": 11092,
    "index": 53
  },
  {
    "name": "Before Start in node_modules/egg-watcher/lib/init.js:15:14",
    "start": 1565141994088,
    "end": 1565141995200,
    "duration": 1112,
    "pid": 11092,
    "index": 54
  },
  {
    "name": "Before Start in node_modules/egg-mysql/lib/mysql.js:20:7",
    "start": 1565141994455,
    "end": 1565141995243,
    "duration": 788,
    "pid": 11092,
    "index": 55
  },
  {
    "name": "Load Service",
    "start": 1565141994455,
    "end": 1565141994523,
    "duration": 68,
    "pid": 11092,
    "index": 56
  },
  {
    "name": "Load \"service\" to Context",
    "start": 1565141994456,
    "end": 1565141994523,
    "duration": 67,
    "pid": 11092,
    "index": 57
  },
  {
    "name": "Load Middleware",
    "start": 1565141994524,
    "end": 1565141995047,
    "duration": 523,
    "pid": 11092,
    "index": 58
  },
  {
    "name": "Load \"middlewares\" to Application",
    "start": 1565141994524,
    "end": 1565141995009,
    "duration": 485,
    "pid": 11092,
    "index": 59
  },
  {
    "name": "Load Controller",
    "start": 1565141995048,
    "end": 1565141995115,
    "duration": 67,
    "pid": 11092,
    "index": 60
  },
  {
    "name": "Load \"controller\" to Application",
    "start": 1565141995048,
    "end": 1565141995115,
    "duration": 67,
    "pid": 11092,
    "index": 61
  },
  {
    "name": "Load Router",
    "start": 1565141995115,
    "end": 1565141995125,
    "duration": 10,
    "pid": 11092,
    "index": 62
  },
  {
    "name": "Require(45) app/router.js",
    "start": 1565141995117,
    "end": 1565141995118,
    "duration": 1,
    "pid": 11092,
    "index": 63
  },
  {
    "name": "Before Start in node_modules/egg-core/lib/egg.js:303:10",
    "start": 1565141995119,
    "end": 1565141995160,
    "duration": 41,
    "pid": 11092,
    "index": 64
  }
]