[
  {
    "name": "Application Start",
    "start": 1561425482873,
    "end": 1561425483887,
    "duration": 1014,
    "pid": 5584,
    "index": 0
  },
  {
    "name": "Load Plugin",
    "start": 1561425482884,
    "end": 1561425482942,
    "duration": 58,
    "pid": 5584,
    "index": 1
  },
  {
    "name": "Load Config",
    "start": 1561425482942,
    "end": 1561425482979,
    "duration": 37,
    "pid": 5584,
    "index": 2
  },
  {
    "name": "Require(0) config/config.default.js",
    "start": 1561425482943,
    "end": 1561425482944,
    "duration": 1,
    "pid": 5584,
    "index": 3
  },
  {
    "name": "Require(1) node_modules/egg-session/config/config.default.js",
    "start": 1561425482947,
    "end": 1561425482947,
    "duration": 0,
    "pid": 5584,
    "index": 4
  },
  {
    "name": "Require(2) node_modules/egg-security/config/config.default.js",
    "start": 1561425482948,
    "end": 1561425482948,
    "duration": 0,
    "pid": 5584,
    "index": 5
  },
  {
    "name": "Require(3) node_modules/egg-jsonp/config/config.default.js",
    "start": 1561425482950,
    "end": 1561425482950,
    "duration": 0,
    "pid": 5584,
    "index": 6
  },
  {
    "name": "Require(4) node_modules/egg-onerror/config/config.default.js",
    "start": 1561425482952,
    "end": 1561425482952,
    "duration": 0,
    "pid": 5584,
    "index": 7
  },
  {
    "name": "Require(5) node_modules/egg-i18n/config/config.default.js",
    "start": 1561425482953,
    "end": 1561425482953,
    "duration": 0,
    "pid": 5584,
    "index": 8
  },
  {
    "name": "Require(6) node_modules/egg-watcher/config/config.default.js",
    "start": 1561425482954,
    "end": 1561425482955,
    "duration": 1,
    "pid": 5584,
    "index": 9
  },
  {
    "name": "Require(7) node_modules/egg-schedule/config/config.default.js",
    "start": 1561425482956,
    "end": 1561425482956,
    "duration": 0,
    "pid": 5584,
    "index": 10
  },
  {
    "name": "Require(8) node_modules/egg-multipart/config/config.default.js",
    "start": 1561425482957,
    "end": 1561425482957,
    "duration": 0,
    "pid": 5584,
    "index": 11
  },
  {
    "name": "Require(9) node_modules/egg-logrotator/config/config.default.js",
    "start": 1561425482957,
    "end": 1561425482957,
    "duration": 0,
    "pid": 5584,
    "index": 12
  },
  {
    "name": "Require(10) node_modules/egg-static/config/config.default.js",
    "start": 1561425482957,
    "end": 1561425482957,
    "duration": 0,
    "pid": 5584,
    "index": 13
  },
  {
    "name": "Require(11) node_modules/egg-view/config/config.default.js",
    "start": 1561425482967,
    "end": 1561425482968,
    "duration": 1,
    "pid": 5584,
    "index": 14
  },
  {
    "name": "Require(12) node_modules/egg-cors/config/config.default.js",
    "start": 1561425482969,
    "end": 1561425482970,
    "duration": 1,
    "pid": 5584,
    "index": 15
  },
  {
    "name": "Require(13) node_modules/egg-mysql/config/config.default.js",
    "start": 1561425482970,
    "end": 1561425482970,
    "duration": 0,
    "pid": 5584,
    "index": 16
  },
  {
    "name": "Require(14) node_modules/egg/config/config.default.js",
    "start": 1561425482971,
    "end": 1561425482972,
    "duration": 1,
    "pid": 5584,
    "index": 17
  },
  {
    "name": "Require(15) config/config.default.js",
    "start": 1561425482974,
    "end": 1561425482974,
    "duration": 0,
    "pid": 5584,
    "index": 18
  },
  {
    "name": "Require(16) node_modules/egg-static/config/config.prod.js",
    "start": 1561425482977,
    "end": 1561425482977,
    "duration": 0,
    "pid": 5584,
    "index": 19
  },
  {
    "name": "Load extend/application.js",
    "start": 1561425482981,
    "end": 1561425482997,
    "duration": 16,
    "pid": 5584,
    "index": 20
  },
  {
    "name": "Require(17) node_modules/egg-session/app/extend/application.js",
    "start": 1561425482982,
    "end": 1561425482983,
    "duration": 1,
    "pid": 5584,
    "index": 21
  },
  {
    "name": "Require(18) node_modules/egg-security/app/extend/application.js",
    "start": 1561425482983,
    "end": 1561425482985,
    "duration": 2,
    "pid": 5584,
    "index": 22
  },
  {
    "name": "Require(19) node_modules/egg-jsonp/app/extend/application.js",
    "start": 1561425482985,
    "end": 1561425482987,
    "duration": 2,
    "pid": 5584,
    "index": 23
  },
  {
    "name": "Require(20) node_modules/egg-logrotator/app/extend/application.js",
    "start": 1561425482989,
    "end": 1561425482990,
    "duration": 1,
    "pid": 5584,
    "index": 24
  },
  {
    "name": "Require(21) node_modules/egg-view/app/extend/application.js",
    "start": 1561425482991,
    "end": 1561425482993,
    "duration": 2,
    "pid": 5584,
    "index": 25
  },
  {
    "name": "Load extend/request.js",
    "start": 1561425482997,
    "end": 1561425483008,
    "duration": 11,
    "pid": 5584,
    "index": 26
  },
  {
    "name": "Require(22) node_modules/egg/app/extend/request.js",
    "start": 1561425483001,
    "end": 1561425483004,
    "duration": 3,
    "pid": 5584,
    "index": 27
  },
  {
    "name": "Load extend/response.js",
    "start": 1561425483008,
    "end": 1561425483016,
    "duration": 8,
    "pid": 5584,
    "index": 28
  },
  {
    "name": "Require(23) node_modules/egg/app/extend/response.js",
    "start": 1561425483011,
    "end": 1561425483012,
    "duration": 1,
    "pid": 5584,
    "index": 29
  },
  {
    "name": "Load extend/context.js",
    "start": 1561425483016,
    "end": 1561425483168,
    "duration": 152,
    "pid": 5584,
    "index": 30
  },
  {
    "name": "Require(24) node_modules/egg-security/app/extend/context.js",
    "start": 1561425483017,
    "end": 1561425483042,
    "duration": 25,
    "pid": 5584,
    "index": 31
  },
  {
    "name": "Require(25) node_modules/egg-jsonp/app/extend/context.js",
    "start": 1561425483043,
    "end": 1561425483045,
    "duration": 2,
    "pid": 5584,
    "index": 32
  },
  {
    "name": "Require(26) node_modules/egg-i18n/app/extend/context.js",
    "start": 1561425483046,
    "end": 1561425483047,
    "duration": 1,
    "pid": 5584,
    "index": 33
  },
  {
    "name": "Require(27) node_modules/egg-multipart/app/extend/context.js",
    "start": 1561425483048,
    "end": 1561425483151,
    "duration": 103,
    "pid": 5584,
    "index": 34
  },
  {
    "name": "Require(28) node_modules/egg-view/app/extend/context.js",
    "start": 1561425483151,
    "end": 1561425483161,
    "duration": 10,
    "pid": 5584,
    "index": 35
  },
  {
    "name": "Require(29) node_modules/egg-validate/app/extend/context.js",
    "start": 1561425483162,
    "end": 1561425483162,
    "duration": 0,
    "pid": 5584,
    "index": 36
  },
  {
    "name": "Require(30) node_modules/egg/app/extend/context.js",
    "start": 1561425483163,
    "end": 1561425483165,
    "duration": 2,
    "pid": 5584,
    "index": 37
  },
  {
    "name": "Load extend/helper.js",
    "start": 1561425483168,
    "end": 1561425483228,
    "duration": 60,
    "pid": 5584,
    "index": 38
  },
  {
    "name": "Require(31) node_modules/egg-security/app/extend/helper.js",
    "start": 1561425483169,
    "end": 1561425483214,
    "duration": 45,
    "pid": 5584,
    "index": 39
  },
  {
    "name": "Require(32) node_modules/egg/app/extend/helper.js",
    "start": 1561425483217,
    "end": 1561425483218,
    "duration": 1,
    "pid": 5584,
    "index": 40
  },
  {
    "name": "Load app.js",
    "start": 1561425483229,
    "end": 1561425483328,
    "duration": 99,
    "pid": 5584,
    "index": 41
  },
  {
    "name": "Require(33) node_modules/egg-session/app.js",
    "start": 1561425483229,
    "end": 1561425483230,
    "duration": 1,
    "pid": 5584,
    "index": 42
  },
  {
    "name": "Require(34) node_modules/egg-security/app.js",
    "start": 1561425483230,
    "end": 1561425483232,
    "duration": 2,
    "pid": 5584,
    "index": 43
  },
  {
    "name": "Require(35) node_modules/egg-onerror/app.js",
    "start": 1561425483233,
    "end": 1561425483259,
    "duration": 26,
    "pid": 5584,
    "index": 44
  },
  {
    "name": "Require(36) node_modules/egg-i18n/app.js",
    "start": 1561425483268,
    "end": 1561425483288,
    "duration": 20,
    "pid": 5584,
    "index": 45
  },
  {
    "name": "Require(37) node_modules/egg-watcher/app.js",
    "start": 1561425483289,
    "end": 1561425483297,
    "duration": 8,
    "pid": 5584,
    "index": 46
  },
  {
    "name": "Require(38) node_modules/egg-schedule/app.js",
    "start": 1561425483297,
    "end": 1561425483299,
    "duration": 2,
    "pid": 5584,
    "index": 47
  },
  {
    "name": "Require(39) node_modules/egg-multipart/app.js",
    "start": 1561425483300,
    "end": 1561425483303,
    "duration": 3,
    "pid": 5584,
    "index": 48
  },
  {
    "name": "Require(40) node_modules/egg-logrotator/app.js",
    "start": 1561425483303,
    "end": 1561425483304,
    "duration": 1,
    "pid": 5584,
    "index": 49
  },
  {
    "name": "Require(41) node_modules/egg-static/app.js",
    "start": 1561425483304,
    "end": 1561425483305,
    "duration": 1,
    "pid": 5584,
    "index": 50
  },
  {
    "name": "Require(42) node_modules/egg-validate/app.js",
    "start": 1561425483306,
    "end": 1561425483308,
    "duration": 2,
    "pid": 5584,
    "index": 51
  },
  {
    "name": "Require(43) node_modules/egg-cors/app.js",
    "start": 1561425483309,
    "end": 1561425483309,
    "duration": 0,
    "pid": 5584,
    "index": 52
  },
  {
    "name": "Require(44) node_modules/egg-mysql/app.js",
    "start": 1561425483309,
    "end": 1561425483328,
    "duration": 19,
    "pid": 5584,
    "index": 53
  },
  {
    "name": "Before Start in node_modules/egg-watcher/lib/init.js:15:14",
    "start": 1561425483362,
    "end": 1561425483885,
    "duration": 523,
    "pid": 5584,
    "index": 54
  },
  {
    "name": "Before Start in node_modules/egg-mysql/lib/mysql.js:20:7",
    "start": 1561425483578,
    "end": 1561425483887,
    "duration": 309,
    "pid": 5584,
    "index": 55
  },
  {
    "name": "Load Service",
    "start": 1561425483578,
    "end": 1561425483609,
    "duration": 31,
    "pid": 5584,
    "index": 56
  },
  {
    "name": "Load \"service\" to Context",
    "start": 1561425483578,
    "end": 1561425483609,
    "duration": 31,
    "pid": 5584,
    "index": 57
  },
  {
    "name": "Load Middleware",
    "start": 1561425483609,
    "end": 1561425483798,
    "duration": 189,
    "pid": 5584,
    "index": 58
  },
  {
    "name": "Load \"middlewares\" to Application",
    "start": 1561425483609,
    "end": 1561425483781,
    "duration": 172,
    "pid": 5584,
    "index": 59
  },
  {
    "name": "Load Controller",
    "start": 1561425483798,
    "end": 1561425483817,
    "duration": 19,
    "pid": 5584,
    "index": 60
  },
  {
    "name": "Load \"controller\" to Application",
    "start": 1561425483798,
    "end": 1561425483817,
    "duration": 19,
    "pid": 5584,
    "index": 61
  },
  {
    "name": "Load Router",
    "start": 1561425483817,
    "end": 1561425483822,
    "duration": 5,
    "pid": 5584,
    "index": 62
  },
  {
    "name": "Require(45) app/router.js",
    "start": 1561425483817,
    "end": 1561425483818,
    "duration": 1,
    "pid": 5584,
    "index": 63
  },
  {
    "name": "Before Start in node_modules/egg-core/lib/egg.js:303:10",
    "start": 1561425483819,
    "end": 1561425483842,
    "duration": 23,
    "pid": 5584,
    "index": 64
  }
]