[
  {
    "name": "Application Start",
    "start": 1565156599553,
    "end": 1565156601243,
    "duration": 1690,
    "pid": 17436,
    "index": 0
  },
  {
    "name": "Load Plugin",
    "start": 1565156599567,
    "end": 1565156599654,
    "duration": 87,
    "pid": 17436,
    "index": 1
  },
  {
    "name": "Load Config",
    "start": 1565156599655,
    "end": 1565156599716,
    "duration": 61,
    "pid": 17436,
    "index": 2
  },
  {
    "name": "Require(0) config/config.default.js",
    "start": 1565156599657,
    "end": 1565156599657,
    "duration": 0,
    "pid": 17436,
    "index": 3
  },
  {
    "name": "Require(1) node_modules/egg-session/config/config.default.js",
    "start": 1565156599662,
    "end": 1565156599662,
    "duration": 0,
    "pid": 17436,
    "index": 4
  },
  {
    "name": "Require(2) node_modules/egg-security/config/config.default.js",
    "start": 1565156599664,
    "end": 1565156599664,
    "duration": 0,
    "pid": 17436,
    "index": 5
  },
  {
    "name": "Require(3) node_modules/egg-jsonp/config/config.default.js",
    "start": 1565156599667,
    "end": 1565156599668,
    "duration": 1,
    "pid": 17436,
    "index": 6
  },
  {
    "name": "Require(4) node_modules/egg-onerror/config/config.default.js",
    "start": 1565156599669,
    "end": 1565156599670,
    "duration": 1,
    "pid": 17436,
    "index": 7
  },
  {
    "name": "Require(5) node_modules/egg-i18n/config/config.default.js",
    "start": 1565156599672,
    "end": 1565156599672,
    "duration": 0,
    "pid": 17436,
    "index": 8
  },
  {
    "name": "Require(6) node_modules/egg-watcher/config/config.default.js",
    "start": 1565156599674,
    "end": 1565156599675,
    "duration": 1,
    "pid": 17436,
    "index": 9
  },
  {
    "name": "Require(7) node_modules/egg-schedule/config/config.default.js",
    "start": 1565156599676,
    "end": 1565156599677,
    "duration": 1,
    "pid": 17436,
    "index": 10
  },
  {
    "name": "Require(8) node_modules/egg-multipart/config/config.default.js",
    "start": 1565156599679,
    "end": 1565156599679,
    "duration": 0,
    "pid": 17436,
    "index": 11
  },
  {
    "name": "Require(9) node_modules/egg-logrotator/config/config.default.js",
    "start": 1565156599683,
    "end": 1565156599684,
    "duration": 1,
    "pid": 17436,
    "index": 12
  },
  {
    "name": "Require(10) node_modules/egg-static/config/config.default.js",
    "start": 1565156599686,
    "end": 1565156599687,
    "duration": 1,
    "pid": 17436,
    "index": 13
  },
  {
    "name": "Require(11) node_modules/egg-view/config/config.default.js",
    "start": 1565156599689,
    "end": 1565156599689,
    "duration": 0,
    "pid": 17436,
    "index": 14
  },
  {
    "name": "Require(12) node_modules/egg-cors/config/config.default.js",
    "start": 1565156599692,
    "end": 1565156599693,
    "duration": 1,
    "pid": 17436,
    "index": 15
  },
  {
    "name": "Require(13) node_modules/egg-mysql/config/config.default.js",
    "start": 1565156599694,
    "end": 1565156599695,
    "duration": 1,
    "pid": 17436,
    "index": 16
  },
  {
    "name": "Require(14) node_modules/egg/config/config.default.js",
    "start": 1565156599696,
    "end": 1565156599697,
    "duration": 1,
    "pid": 17436,
    "index": 17
  },
  {
    "name": "Require(15) config/config.default.js",
    "start": 1565156599699,
    "end": 1565156599699,
    "duration": 0,
    "pid": 17436,
    "index": 18
  },
  {
    "name": "Require(16) node_modules/egg-static/config/config.prod.js",
    "start": 1565156599710,
    "end": 1565156599710,
    "duration": 0,
    "pid": 17436,
    "index": 19
  },
  {
    "name": "Load extend/application.js",
    "start": 1565156599718,
    "end": 1565156599788,
    "duration": 70,
    "pid": 17436,
    "index": 20
  },
  {
    "name": "Require(17) node_modules/egg-session/app/extend/application.js",
    "start": 1565156599720,
    "end": 1565156599721,
    "duration": 1,
    "pid": 17436,
    "index": 21
  },
  {
    "name": "Require(18) node_modules/egg-security/app/extend/application.js",
    "start": 1565156599722,
    "end": 1565156599726,
    "duration": 4,
    "pid": 17436,
    "index": 22
  },
  {
    "name": "Require(19) node_modules/egg-jsonp/app/extend/application.js",
    "start": 1565156599728,
    "end": 1565156599733,
    "duration": 5,
    "pid": 17436,
    "index": 23
  },
  {
    "name": "Require(20) node_modules/egg-logrotator/app/extend/application.js",
    "start": 1565156599739,
    "end": 1565156599763,
    "duration": 24,
    "pid": 17436,
    "index": 24
  },
  {
    "name": "Require(21) node_modules/egg-view/app/extend/application.js",
    "start": 1565156599765,
    "end": 1565156599769,
    "duration": 4,
    "pid": 17436,
    "index": 25
  },
  {
    "name": "Load extend/request.js",
    "start": 1565156599788,
    "end": 1565156599821,
    "duration": 33,
    "pid": 17436,
    "index": 26
  },
  {
    "name": "Require(22) node_modules/egg/app/extend/request.js",
    "start": 1565156599801,
    "end": 1565156599806,
    "duration": 5,
    "pid": 17436,
    "index": 27
  },
  {
    "name": "Load extend/response.js",
    "start": 1565156599821,
    "end": 1565156599855,
    "duration": 34,
    "pid": 17436,
    "index": 28
  },
  {
    "name": "Require(23) node_modules/egg/app/extend/response.js",
    "start": 1565156599834,
    "end": 1565156599841,
    "duration": 7,
    "pid": 17436,
    "index": 29
  },
  {
    "name": "Load extend/context.js",
    "start": 1565156599855,
    "end": 1565156600060,
    "duration": 205,
    "pid": 17436,
    "index": 30
  },
  {
    "name": "Require(24) node_modules/egg-security/app/extend/context.js",
    "start": 1565156599857,
    "end": 1565156599914,
    "duration": 57,
    "pid": 17436,
    "index": 31
  },
  {
    "name": "Require(25) node_modules/egg-jsonp/app/extend/context.js",
    "start": 1565156599915,
    "end": 1565156599920,
    "duration": 5,
    "pid": 17436,
    "index": 32
  },
  {
    "name": "Require(26) node_modules/egg-i18n/app/extend/context.js",
    "start": 1565156599922,
    "end": 1565156599923,
    "duration": 1,
    "pid": 17436,
    "index": 33
  },
  {
    "name": "Require(27) node_modules/egg-multipart/app/extend/context.js",
    "start": 1565156599926,
    "end": 1565156600028,
    "duration": 102,
    "pid": 17436,
    "index": 34
  },
  {
    "name": "Require(28) node_modules/egg-view/app/extend/context.js",
    "start": 1565156600030,
    "end": 1565156600033,
    "duration": 3,
    "pid": 17436,
    "index": 35
  },
  {
    "name": "Require(29) node_modules/egg-validate/app/extend/context.js",
    "start": 1565156600035,
    "end": 1565156600036,
    "duration": 1,
    "pid": 17436,
    "index": 36
  },
  {
    "name": "Require(30) node_modules/egg/app/extend/context.js",
    "start": 1565156600038,
    "end": 1565156600047,
    "duration": 9,
    "pid": 17436,
    "index": 37
  },
  {
    "name": "Load extend/helper.js",
    "start": 1565156600061,
    "end": 1565156600137,
    "duration": 76,
    "pid": 17436,
    "index": 38
  },
  {
    "name": "Require(31) node_modules/egg-security/app/extend/helper.js",
    "start": 1565156600063,
    "end": 1565156600111,
    "duration": 48,
    "pid": 17436,
    "index": 39
  },
  {
    "name": "Require(32) node_modules/egg/app/extend/helper.js",
    "start": 1565156600122,
    "end": 1565156600123,
    "duration": 1,
    "pid": 17436,
    "index": 40
  },
  {
    "name": "Load app.js",
    "start": 1565156600137,
    "end": 1565156600322,
    "duration": 185,
    "pid": 17436,
    "index": 41
  },
  {
    "name": "Require(33) node_modules/egg-session/app.js",
    "start": 1565156600138,
    "end": 1565156600139,
    "duration": 1,
    "pid": 17436,
    "index": 42
  },
  {
    "name": "Require(34) node_modules/egg-security/app.js",
    "start": 1565156600140,
    "end": 1565156600148,
    "duration": 8,
    "pid": 17436,
    "index": 43
  },
  {
    "name": "Require(35) node_modules/egg-onerror/app.js",
    "start": 1565156600151,
    "end": 1565156600189,
    "duration": 38,
    "pid": 17436,
    "index": 44
  },
  {
    "name": "Require(36) node_modules/egg-i18n/app.js",
    "start": 1565156600190,
    "end": 1565156600226,
    "duration": 36,
    "pid": 17436,
    "index": 45
  },
  {
    "name": "Require(37) node_modules/egg-watcher/app.js",
    "start": 1565156600227,
    "end": 1565156600241,
    "duration": 14,
    "pid": 17436,
    "index": 46
  },
  {
    "name": "Require(38) node_modules/egg-schedule/app.js",
    "start": 1565156600242,
    "end": 1565156600247,
    "duration": 5,
    "pid": 17436,
    "index": 47
  },
  {
    "name": "Require(39) node_modules/egg-multipart/app.js",
    "start": 1565156600248,
    "end": 1565156600259,
    "duration": 11,
    "pid": 17436,
    "index": 48
  },
  {
    "name": "Require(40) node_modules/egg-logrotator/app.js",
    "start": 1565156600260,
    "end": 1565156600261,
    "duration": 1,
    "pid": 17436,
    "index": 49
  },
  {
    "name": "Require(41) node_modules/egg-static/app.js",
    "start": 1565156600262,
    "end": 1565156600263,
    "duration": 1,
    "pid": 17436,
    "index": 50
  },
  {
    "name": "Require(42) node_modules/egg-validate/app.js",
    "start": 1565156600266,
    "end": 1565156600271,
    "duration": 5,
    "pid": 17436,
    "index": 51
  },
  {
    "name": "Require(43) node_modules/egg-cors/app.js",
    "start": 1565156600272,
    "end": 1565156600273,
    "duration": 1,
    "pid": 17436,
    "index": 52
  },
  {
    "name": "Require(44) node_modules/egg-mysql/app.js",
    "start": 1565156600274,
    "end": 1565156600318,
    "duration": 44,
    "pid": 17436,
    "index": 53
  },
  {
    "name": "Before Start in node_modules/egg-watcher/lib/init.js:15:14",
    "start": 1565156600361,
    "end": 1565156601238,
    "duration": 877,
    "pid": 17436,
    "index": 54
  },
  {
    "name": "Before Start in node_modules/egg-mysql/lib/mysql.js:20:7",
    "start": 1565156600668,
    "end": 1565156601241,
    "duration": 573,
    "pid": 17436,
    "index": 55
  },
  {
    "name": "Load Service",
    "start": 1565156600669,
    "end": 1565156600727,
    "duration": 58,
    "pid": 17436,
    "index": 56
  },
  {
    "name": "Load \"service\" to Context",
    "start": 1565156600669,
    "end": 1565156600727,
    "duration": 58,
    "pid": 17436,
    "index": 57
  },
  {
    "name": "Load Middleware",
    "start": 1565156600728,
    "end": 1565156601165,
    "duration": 437,
    "pid": 17436,
    "index": 58
  },
  {
    "name": "Load \"middlewares\" to Application",
    "start": 1565156600728,
    "end": 1565156601141,
    "duration": 413,
    "pid": 17436,
    "index": 59
  },
  {
    "name": "Load Controller",
    "start": 1565156601165,
    "end": 1565156601203,
    "duration": 38,
    "pid": 17436,
    "index": 60
  },
  {
    "name": "Load \"controller\" to Application",
    "start": 1565156601165,
    "end": 1565156601203,
    "duration": 38,
    "pid": 17436,
    "index": 61
  },
  {
    "name": "Load Router",
    "start": 1565156601203,
    "end": 1565156601207,
    "duration": 4,
    "pid": 17436,
    "index": 62
  },
  {
    "name": "Require(45) app/router.js",
    "start": 1565156601204,
    "end": 1565156601204,
    "duration": 0,
    "pid": 17436,
    "index": 63
  },
  {
    "name": "Before Start in node_modules/egg-core/lib/egg.js:303:10",
    "start": 1565156601205,
    "end": 1565156601221,
    "duration": 16,
    "pid": 17436,
    "index": 64
  }
]