[
  {
    "name": "Application Start",
    "start": 1565170181963,
    "end": 1565170183868,
    "duration": 1905,
    "pid": 19588,
    "index": 0
  },
  {
    "name": "Load Plugin",
    "start": 1565170181979,
    "end": 1565170182067,
    "duration": 88,
    "pid": 19588,
    "index": 1
  },
  {
    "name": "Load Config",
    "start": 1565170182067,
    "end": 1565170182132,
    "duration": 65,
    "pid": 19588,
    "index": 2
  },
  {
    "name": "Require(0) config/config.default.js",
    "start": 1565170182069,
    "end": 1565170182070,
    "duration": 1,
    "pid": 19588,
    "index": 3
  },
  {
    "name": "Require(1) node_modules/egg-session/config/config.default.js",
    "start": 1565170182074,
    "end": 1565170182075,
    "duration": 1,
    "pid": 19588,
    "index": 4
  },
  {
    "name": "Require(2) node_modules/egg-security/config/config.default.js",
    "start": 1565170182077,
    "end": 1565170182078,
    "duration": 1,
    "pid": 19588,
    "index": 5
  },
  {
    "name": "Require(3) node_modules/egg-jsonp/config/config.default.js",
    "start": 1565170182080,
    "end": 1565170182081,
    "duration": 1,
    "pid": 19588,
    "index": 6
  },
  {
    "name": "Require(4) node_modules/egg-onerror/config/config.default.js",
    "start": 1565170182083,
    "end": 1565170182083,
    "duration": 0,
    "pid": 19588,
    "index": 7
  },
  {
    "name": "Require(5) node_modules/egg-i18n/config/config.default.js",
    "start": 1565170182085,
    "end": 1565170182086,
    "duration": 1,
    "pid": 19588,
    "index": 8
  },
  {
    "name": "Require(6) node_modules/egg-watcher/config/config.default.js",
    "start": 1565170182087,
    "end": 1565170182088,
    "duration": 1,
    "pid": 19588,
    "index": 9
  },
  {
    "name": "Require(7) node_modules/egg-schedule/config/config.default.js",
    "start": 1565170182090,
    "end": 1565170182090,
    "duration": 0,
    "pid": 19588,
    "index": 10
  },
  {
    "name": "Require(8) node_modules/egg-multipart/config/config.default.js",
    "start": 1565170182092,
    "end": 1565170182093,
    "duration": 1,
    "pid": 19588,
    "index": 11
  },
  {
    "name": "Require(9) node_modules/egg-logrotator/config/config.default.js",
    "start": 1565170182095,
    "end": 1565170182096,
    "duration": 1,
    "pid": 19588,
    "index": 12
  },
  {
    "name": "Require(10) node_modules/egg-static/config/config.default.js",
    "start": 1565170182098,
    "end": 1565170182098,
    "duration": 0,
    "pid": 19588,
    "index": 13
  },
  {
    "name": "Require(11) node_modules/egg-view/config/config.default.js",
    "start": 1565170182100,
    "end": 1565170182101,
    "duration": 1,
    "pid": 19588,
    "index": 14
  },
  {
    "name": "Require(12) node_modules/egg-cors/config/config.default.js",
    "start": 1565170182104,
    "end": 1565170182104,
    "duration": 0,
    "pid": 19588,
    "index": 15
  },
  {
    "name": "Require(13) node_modules/egg-mysql/config/config.default.js",
    "start": 1565170182106,
    "end": 1565170182107,
    "duration": 1,
    "pid": 19588,
    "index": 16
  },
  {
    "name": "Require(14) node_modules/egg/config/config.default.js",
    "start": 1565170182108,
    "end": 1565170182109,
    "duration": 1,
    "pid": 19588,
    "index": 17
  },
  {
    "name": "Require(15) config/config.default.js",
    "start": 1565170182112,
    "end": 1565170182112,
    "duration": 0,
    "pid": 19588,
    "index": 18
  },
  {
    "name": "Require(16) node_modules/egg-static/config/config.prod.js",
    "start": 1565170182123,
    "end": 1565170182126,
    "duration": 3,
    "pid": 19588,
    "index": 19
  },
  {
    "name": "Load extend/application.js",
    "start": 1565170182134,
    "end": 1565170182208,
    "duration": 74,
    "pid": 19588,
    "index": 20
  },
  {
    "name": "Require(17) node_modules/egg-session/app/extend/application.js",
    "start": 1565170182136,
    "end": 1565170182137,
    "duration": 1,
    "pid": 19588,
    "index": 21
  },
  {
    "name": "Require(18) node_modules/egg-security/app/extend/application.js",
    "start": 1565170182139,
    "end": 1565170182142,
    "duration": 3,
    "pid": 19588,
    "index": 22
  },
  {
    "name": "Require(19) node_modules/egg-jsonp/app/extend/application.js",
    "start": 1565170182144,
    "end": 1565170182149,
    "duration": 5,
    "pid": 19588,
    "index": 23
  },
  {
    "name": "Require(20) node_modules/egg-logrotator/app/extend/application.js",
    "start": 1565170182155,
    "end": 1565170182180,
    "duration": 25,
    "pid": 19588,
    "index": 24
  },
  {
    "name": "Require(21) node_modules/egg-view/app/extend/application.js",
    "start": 1565170182184,
    "end": 1565170182189,
    "duration": 5,
    "pid": 19588,
    "index": 25
  },
  {
    "name": "Load extend/request.js",
    "start": 1565170182208,
    "end": 1565170182242,
    "duration": 34,
    "pid": 19588,
    "index": 26
  },
  {
    "name": "Require(22) node_modules/egg/app/extend/request.js",
    "start": 1565170182221,
    "end": 1565170182227,
    "duration": 6,
    "pid": 19588,
    "index": 27
  },
  {
    "name": "Load extend/response.js",
    "start": 1565170182242,
    "end": 1565170182278,
    "duration": 36,
    "pid": 19588,
    "index": 28
  },
  {
    "name": "Require(23) node_modules/egg/app/extend/response.js",
    "start": 1565170182256,
    "end": 1565170182263,
    "duration": 7,
    "pid": 19588,
    "index": 29
  },
  {
    "name": "Load extend/context.js",
    "start": 1565170182278,
    "end": 1565170182499,
    "duration": 221,
    "pid": 19588,
    "index": 30
  },
  {
    "name": "Require(24) node_modules/egg-security/app/extend/context.js",
    "start": 1565170182281,
    "end": 1565170182340,
    "duration": 59,
    "pid": 19588,
    "index": 31
  },
  {
    "name": "Require(25) node_modules/egg-jsonp/app/extend/context.js",
    "start": 1565170182341,
    "end": 1565170182347,
    "duration": 6,
    "pid": 19588,
    "index": 32
  },
  {
    "name": "Require(26) node_modules/egg-i18n/app/extend/context.js",
    "start": 1565170182349,
    "end": 1565170182350,
    "duration": 1,
    "pid": 19588,
    "index": 33
  },
  {
    "name": "Require(27) node_modules/egg-multipart/app/extend/context.js",
    "start": 1565170182354,
    "end": 1565170182465,
    "duration": 111,
    "pid": 19588,
    "index": 34
  },
  {
    "name": "Require(28) node_modules/egg-view/app/extend/context.js",
    "start": 1565170182468,
    "end": 1565170182471,
    "duration": 3,
    "pid": 19588,
    "index": 35
  },
  {
    "name": "Require(29) node_modules/egg-validate/app/extend/context.js",
    "start": 1565170182473,
    "end": 1565170182474,
    "duration": 1,
    "pid": 19588,
    "index": 36
  },
  {
    "name": "Require(30) node_modules/egg/app/extend/context.js",
    "start": 1565170182477,
    "end": 1565170182486,
    "duration": 9,
    "pid": 19588,
    "index": 37
  },
  {
    "name": "Load extend/helper.js",
    "start": 1565170182499,
    "end": 1565170182583,
    "duration": 84,
    "pid": 19588,
    "index": 38
  },
  {
    "name": "Require(31) node_modules/egg-security/app/extend/helper.js",
    "start": 1565170182501,
    "end": 1565170182556,
    "duration": 55,
    "pid": 19588,
    "index": 39
  },
  {
    "name": "Require(32) node_modules/egg/app/extend/helper.js",
    "start": 1565170182566,
    "end": 1565170182567,
    "duration": 1,
    "pid": 19588,
    "index": 40
  },
  {
    "name": "Load app.js",
    "start": 1565170182583,
    "end": 1565170182777,
    "duration": 194,
    "pid": 19588,
    "index": 41
  },
  {
    "name": "Require(33) node_modules/egg-session/app.js",
    "start": 1565170182584,
    "end": 1565170182585,
    "duration": 1,
    "pid": 19588,
    "index": 42
  },
  {
    "name": "Require(34) node_modules/egg-security/app.js",
    "start": 1565170182586,
    "end": 1565170182594,
    "duration": 8,
    "pid": 19588,
    "index": 43
  },
  {
    "name": "Require(35) node_modules/egg-onerror/app.js",
    "start": 1565170182598,
    "end": 1565170182638,
    "duration": 40,
    "pid": 19588,
    "index": 44
  },
  {
    "name": "Require(36) node_modules/egg-i18n/app.js",
    "start": 1565170182639,
    "end": 1565170182676,
    "duration": 37,
    "pid": 19588,
    "index": 45
  },
  {
    "name": "Require(37) node_modules/egg-watcher/app.js",
    "start": 1565170182678,
    "end": 1565170182691,
    "duration": 13,
    "pid": 19588,
    "index": 46
  },
  {
    "name": "Require(38) node_modules/egg-schedule/app.js",
    "start": 1565170182692,
    "end": 1565170182698,
    "duration": 6,
    "pid": 19588,
    "index": 47
  },
  {
    "name": "Require(39) node_modules/egg-multipart/app.js",
    "start": 1565170182699,
    "end": 1565170182709,
    "duration": 10,
    "pid": 19588,
    "index": 48
  },
  {
    "name": "Require(40) node_modules/egg-logrotator/app.js",
    "start": 1565170182710,
    "end": 1565170182711,
    "duration": 1,
    "pid": 19588,
    "index": 49
  },
  {
    "name": "Require(41) node_modules/egg-static/app.js",
    "start": 1565170182712,
    "end": 1565170182713,
    "duration": 1,
    "pid": 19588,
    "index": 50
  },
  {
    "name": "Require(42) node_modules/egg-validate/app.js",
    "start": 1565170182717,
    "end": 1565170182723,
    "duration": 6,
    "pid": 19588,
    "index": 51
  },
  {
    "name": "Require(43) node_modules/egg-cors/app.js",
    "start": 1565170182724,
    "end": 1565170182726,
    "duration": 2,
    "pid": 19588,
    "index": 52
  },
  {
    "name": "Require(44) node_modules/egg-mysql/app.js",
    "start": 1565170182727,
    "end": 1565170182773,
    "duration": 46,
    "pid": 19588,
    "index": 53
  },
  {
    "name": "Before Start in node_modules/egg-watcher/lib/init.js:15:14",
    "start": 1565170182822,
    "end": 1565170183861,
    "duration": 1039,
    "pid": 19588,
    "index": 54
  },
  {
    "name": "Before Start in node_modules/egg-mysql/lib/mysql.js:20:7",
    "start": 1565170183216,
    "end": 1565170183865,
    "duration": 649,
    "pid": 19588,
    "index": 55
  },
  {
    "name": "Load Service",
    "start": 1565170183216,
    "end": 1565170183281,
    "duration": 65,
    "pid": 19588,
    "index": 56
  },
  {
    "name": "Load \"service\" to Context",
    "start": 1565170183217,
    "end": 1565170183281,
    "duration": 64,
    "pid": 19588,
    "index": 57
  },
  {
    "name": "Load Middleware",
    "start": 1565170183282,
    "end": 1565170183760,
    "duration": 478,
    "pid": 19588,
    "index": 58
  },
  {
    "name": "Load \"middlewares\" to Application",
    "start": 1565170183282,
    "end": 1565170183732,
    "duration": 450,
    "pid": 19588,
    "index": 59
  },
  {
    "name": "Load Controller",
    "start": 1565170183761,
    "end": 1565170183805,
    "duration": 44,
    "pid": 19588,
    "index": 60
  },
  {
    "name": "Load \"controller\" to Application",
    "start": 1565170183761,
    "end": 1565170183805,
    "duration": 44,
    "pid": 19588,
    "index": 61
  },
  {
    "name": "Load Router",
    "start": 1565170183805,
    "end": 1565170183810,
    "duration": 5,
    "pid": 19588,
    "index": 62
  },
  {
    "name": "Require(45) app/router.js",
    "start": 1565170183806,
    "end": 1565170183807,
    "duration": 1,
    "pid": 19588,
    "index": 63
  },
  {
    "name": "Before Start in node_modules/egg-core/lib/egg.js:303:10",
    "start": 1565170183808,
    "end": 1565170183831,
    "duration": 23,
    "pid": 19588,
    "index": 64
  }
]