[
  {
    "name": "Application Start",
    "start": 1565156599694,
    "end": 1565156601335,
    "duration": 1641,
    "pid": 8796,
    "index": 0
  },
  {
    "name": "Load Plugin",
    "start": 1565156599709,
    "end": 1565156599798,
    "duration": 89,
    "pid": 8796,
    "index": 1
  },
  {
    "name": "Load Config",
    "start": 1565156599798,
    "end": 1565156599859,
    "duration": 61,
    "pid": 8796,
    "index": 2
  },
  {
    "name": "Require(0) config/config.default.js",
    "start": 1565156599800,
    "end": 1565156599801,
    "duration": 1,
    "pid": 8796,
    "index": 3
  },
  {
    "name": "Require(1) node_modules/egg-session/config/config.default.js",
    "start": 1565156599805,
    "end": 1565156599806,
    "duration": 1,
    "pid": 8796,
    "index": 4
  },
  {
    "name": "Require(2) node_modules/egg-security/config/config.default.js",
    "start": 1565156599808,
    "end": 1565156599808,
    "duration": 0,
    "pid": 8796,
    "index": 5
  },
  {
    "name": "Require(3) node_modules/egg-jsonp/config/config.default.js",
    "start": 1565156599811,
    "end": 1565156599812,
    "duration": 1,
    "pid": 8796,
    "index": 6
  },
  {
    "name": "Require(4) node_modules/egg-onerror/config/config.default.js",
    "start": 1565156599814,
    "end": 1565156599814,
    "duration": 0,
    "pid": 8796,
    "index": 7
  },
  {
    "name": "Require(5) node_modules/egg-i18n/config/config.default.js",
    "start": 1565156599816,
    "end": 1565156599817,
    "duration": 1,
    "pid": 8796,
    "index": 8
  },
  {
    "name": "Require(6) node_modules/egg-watcher/config/config.default.js",
    "start": 1565156599819,
    "end": 1565156599819,
    "duration": 0,
    "pid": 8796,
    "index": 9
  },
  {
    "name": "Require(7) node_modules/egg-schedule/config/config.default.js",
    "start": 1565156599821,
    "end": 1565156599822,
    "duration": 1,
    "pid": 8796,
    "index": 10
  },
  {
    "name": "Require(8) node_modules/egg-multipart/config/config.default.js",
    "start": 1565156599823,
    "end": 1565156599824,
    "duration": 1,
    "pid": 8796,
    "index": 11
  },
  {
    "name": "Require(9) node_modules/egg-logrotator/config/config.default.js",
    "start": 1565156599826,
    "end": 1565156599827,
    "duration": 1,
    "pid": 8796,
    "index": 12
  },
  {
    "name": "Require(10) node_modules/egg-static/config/config.default.js",
    "start": 1565156599828,
    "end": 1565156599830,
    "duration": 2,
    "pid": 8796,
    "index": 13
  },
  {
    "name": "Require(11) node_modules/egg-view/config/config.default.js",
    "start": 1565156599832,
    "end": 1565156599832,
    "duration": 0,
    "pid": 8796,
    "index": 14
  },
  {
    "name": "Require(12) node_modules/egg-cors/config/config.default.js",
    "start": 1565156599835,
    "end": 1565156599836,
    "duration": 1,
    "pid": 8796,
    "index": 15
  },
  {
    "name": "Require(13) node_modules/egg-mysql/config/config.default.js",
    "start": 1565156599838,
    "end": 1565156599839,
    "duration": 1,
    "pid": 8796,
    "index": 16
  },
  {
    "name": "Require(14) node_modules/egg/config/config.default.js",
    "start": 1565156599840,
    "end": 1565156599841,
    "duration": 1,
    "pid": 8796,
    "index": 17
  },
  {
    "name": "Require(15) config/config.default.js",
    "start": 1565156599843,
    "end": 1565156599843,
    "duration": 0,
    "pid": 8796,
    "index": 18
  },
  {
    "name": "Require(16) node_modules/egg-static/config/config.prod.js",
    "start": 1565156599854,
    "end": 1565156599854,
    "duration": 0,
    "pid": 8796,
    "index": 19
  },
  {
    "name": "Load extend/application.js",
    "start": 1565156599861,
    "end": 1565156599928,
    "duration": 67,
    "pid": 8796,
    "index": 20
  },
  {
    "name": "Require(17) node_modules/egg-session/app/extend/application.js",
    "start": 1565156599863,
    "end": 1565156599864,
    "duration": 1,
    "pid": 8796,
    "index": 21
  },
  {
    "name": "Require(18) node_modules/egg-security/app/extend/application.js",
    "start": 1565156599866,
    "end": 1565156599870,
    "duration": 4,
    "pid": 8796,
    "index": 22
  },
  {
    "name": "Require(19) node_modules/egg-jsonp/app/extend/application.js",
    "start": 1565156599871,
    "end": 1565156599877,
    "duration": 6,
    "pid": 8796,
    "index": 23
  },
  {
    "name": "Require(20) node_modules/egg-logrotator/app/extend/application.js",
    "start": 1565156599882,
    "end": 1565156599906,
    "duration": 24,
    "pid": 8796,
    "index": 24
  },
  {
    "name": "Require(21) node_modules/egg-view/app/extend/application.js",
    "start": 1565156599908,
    "end": 1565156599912,
    "duration": 4,
    "pid": 8796,
    "index": 25
  },
  {
    "name": "Load extend/request.js",
    "start": 1565156599928,
    "end": 1565156599958,
    "duration": 30,
    "pid": 8796,
    "index": 26
  },
  {
    "name": "Require(22) node_modules/egg/app/extend/request.js",
    "start": 1565156599941,
    "end": 1565156599946,
    "duration": 5,
    "pid": 8796,
    "index": 27
  },
  {
    "name": "Load extend/response.js",
    "start": 1565156599958,
    "end": 1565156599994,
    "duration": 36,
    "pid": 8796,
    "index": 28
  },
  {
    "name": "Require(23) node_modules/egg/app/extend/response.js",
    "start": 1565156599970,
    "end": 1565156599978,
    "duration": 8,
    "pid": 8796,
    "index": 29
  },
  {
    "name": "Load extend/context.js",
    "start": 1565156599994,
    "end": 1565156600203,
    "duration": 209,
    "pid": 8796,
    "index": 30
  },
  {
    "name": "Require(24) node_modules/egg-security/app/extend/context.js",
    "start": 1565156599996,
    "end": 1565156600052,
    "duration": 56,
    "pid": 8796,
    "index": 31
  },
  {
    "name": "Require(25) node_modules/egg-jsonp/app/extend/context.js",
    "start": 1565156600053,
    "end": 1565156600057,
    "duration": 4,
    "pid": 8796,
    "index": 32
  },
  {
    "name": "Require(26) node_modules/egg-i18n/app/extend/context.js",
    "start": 1565156600060,
    "end": 1565156600061,
    "duration": 1,
    "pid": 8796,
    "index": 33
  },
  {
    "name": "Require(27) node_modules/egg-multipart/app/extend/context.js",
    "start": 1565156600064,
    "end": 1565156600170,
    "duration": 106,
    "pid": 8796,
    "index": 34
  },
  {
    "name": "Require(28) node_modules/egg-view/app/extend/context.js",
    "start": 1565156600173,
    "end": 1565156600176,
    "duration": 3,
    "pid": 8796,
    "index": 35
  },
  {
    "name": "Require(29) node_modules/egg-validate/app/extend/context.js",
    "start": 1565156600178,
    "end": 1565156600179,
    "duration": 1,
    "pid": 8796,
    "index": 36
  },
  {
    "name": "Require(30) node_modules/egg/app/extend/context.js",
    "start": 1565156600181,
    "end": 1565156600190,
    "duration": 9,
    "pid": 8796,
    "index": 37
  },
  {
    "name": "Load extend/helper.js",
    "start": 1565156600203,
    "end": 1565156600280,
    "duration": 77,
    "pid": 8796,
    "index": 38
  },
  {
    "name": "Require(31) node_modules/egg-security/app/extend/helper.js",
    "start": 1565156600205,
    "end": 1565156600255,
    "duration": 50,
    "pid": 8796,
    "index": 39
  },
  {
    "name": "Require(32) node_modules/egg/app/extend/helper.js",
    "start": 1565156600266,
    "end": 1565156600267,
    "duration": 1,
    "pid": 8796,
    "index": 40
  },
  {
    "name": "Load app.js",
    "start": 1565156600280,
    "end": 1565156600473,
    "duration": 193,
    "pid": 8796,
    "index": 41
  },
  {
    "name": "Require(33) node_modules/egg-session/app.js",
    "start": 1565156600281,
    "end": 1565156600282,
    "duration": 1,
    "pid": 8796,
    "index": 42
  },
  {
    "name": "Require(34) node_modules/egg-security/app.js",
    "start": 1565156600283,
    "end": 1565156600290,
    "duration": 7,
    "pid": 8796,
    "index": 43
  },
  {
    "name": "Require(35) node_modules/egg-onerror/app.js",
    "start": 1565156600293,
    "end": 1565156600327,
    "duration": 34,
    "pid": 8796,
    "index": 44
  },
  {
    "name": "Require(36) node_modules/egg-i18n/app.js",
    "start": 1565156600328,
    "end": 1565156600370,
    "duration": 42,
    "pid": 8796,
    "index": 45
  },
  {
    "name": "Require(37) node_modules/egg-watcher/app.js",
    "start": 1565156600372,
    "end": 1565156600385,
    "duration": 13,
    "pid": 8796,
    "index": 46
  },
  {
    "name": "Require(38) node_modules/egg-schedule/app.js",
    "start": 1565156600386,
    "end": 1565156600392,
    "duration": 6,
    "pid": 8796,
    "index": 47
  },
  {
    "name": "Require(39) node_modules/egg-multipart/app.js",
    "start": 1565156600393,
    "end": 1565156600405,
    "duration": 12,
    "pid": 8796,
    "index": 48
  },
  {
    "name": "Require(40) node_modules/egg-logrotator/app.js",
    "start": 1565156600406,
    "end": 1565156600407,
    "duration": 1,
    "pid": 8796,
    "index": 49
  },
  {
    "name": "Require(41) node_modules/egg-static/app.js",
    "start": 1565156600408,
    "end": 1565156600410,
    "duration": 2,
    "pid": 8796,
    "index": 50
  },
  {
    "name": "Require(42) node_modules/egg-validate/app.js",
    "start": 1565156600413,
    "end": 1565156600418,
    "duration": 5,
    "pid": 8796,
    "index": 51
  },
  {
    "name": "Require(43) node_modules/egg-cors/app.js",
    "start": 1565156600419,
    "end": 1565156600420,
    "duration": 1,
    "pid": 8796,
    "index": 52
  },
  {
    "name": "Require(44) node_modules/egg-mysql/app.js",
    "start": 1565156600421,
    "end": 1565156600469,
    "duration": 48,
    "pid": 8796,
    "index": 53
  },
  {
    "name": "Before Start in node_modules/egg-watcher/lib/init.js:15:14",
    "start": 1565156600509,
    "end": 1565156601330,
    "duration": 821,
    "pid": 8796,
    "index": 54
  },
  {
    "name": "Before Start in node_modules/egg-mysql/lib/mysql.js:20:7",
    "start": 1565156600819,
    "end": 1565156601333,
    "duration": 514,
    "pid": 8796,
    "index": 55
  },
  {
    "name": "Load Service",
    "start": 1565156600819,
    "end": 1565156600882,
    "duration": 63,
    "pid": 8796,
    "index": 56
  },
  {
    "name": "Load \"service\" to Context",
    "start": 1565156600820,
    "end": 1565156600882,
    "duration": 62,
    "pid": 8796,
    "index": 57
  },
  {
    "name": "Load Middleware",
    "start": 1565156600882,
    "end": 1565156601257,
    "duration": 375,
    "pid": 8796,
    "index": 58
  },
  {
    "name": "Load \"middlewares\" to Application",
    "start": 1565156600882,
    "end": 1565156601233,
    "duration": 351,
    "pid": 8796,
    "index": 59
  },
  {
    "name": "Load Controller",
    "start": 1565156601257,
    "end": 1565156601294,
    "duration": 37,
    "pid": 8796,
    "index": 60
  },
  {
    "name": "Load \"controller\" to Application",
    "start": 1565156601257,
    "end": 1565156601294,
    "duration": 37,
    "pid": 8796,
    "index": 61
  },
  {
    "name": "Load Router",
    "start": 1565156601294,
    "end": 1565156601298,
    "duration": 4,
    "pid": 8796,
    "index": 62
  },
  {
    "name": "Require(45) app/router.js",
    "start": 1565156601294,
    "end": 1565156601295,
    "duration": 1,
    "pid": 8796,
    "index": 63
  },
  {
    "name": "Before Start in node_modules/egg-core/lib/egg.js:303:10",
    "start": 1565156601296,
    "end": 1565156601312,
    "duration": 16,
    "pid": 8796,
    "index": 64
  }
]