[
  {
    "name": "Application Start",
    "start": 1561426277758,
    "end": 1561426278601,
    "duration": 843,
    "pid": 6096,
    "index": 0
  },
  {
    "name": "Load Plugin",
    "start": 1561426277758,
    "end": 1561426277803,
    "duration": 45,
    "pid": 6096,
    "index": 1
  },
  {
    "name": "Load Config",
    "start": 1561426277803,
    "end": 1561426277829,
    "duration": 26,
    "pid": 6096,
    "index": 2
  },
  {
    "name": "Require(0) config/config.default.js",
    "start": 1561426277804,
    "end": 1561426277804,
    "duration": 0,
    "pid": 6096,
    "index": 3
  },
  {
    "name": "Require(1) node_modules/egg-session/config/config.default.js",
    "start": 1561426277804,
    "end": 1561426277804,
    "duration": 0,
    "pid": 6096,
    "index": 4
  },
  {
    "name": "Require(2) node_modules/egg-security/config/config.default.js",
    "start": 1561426277804,
    "end": 1561426277804,
    "duration": 0,
    "pid": 6096,
    "index": 5
  },
  {
    "name": "Require(3) node_modules/egg-jsonp/config/config.default.js",
    "start": 1561426277804,
    "end": 1561426277804,
    "duration": 0,
    "pid": 6096,
    "index": 6
  },
  {
    "name": "Require(4) node_modules/egg-onerror/config/config.default.js",
    "start": 1561426277804,
    "end": 1561426277804,
    "duration": 0,
    "pid": 6096,
    "index": 7
  },
  {
    "name": "Require(5) node_modules/egg-i18n/config/config.default.js",
    "start": 1561426277804,
    "end": 1561426277804,
    "duration": 0,
    "pid": 6096,
    "index": 8
  },
  {
    "name": "Require(6) node_modules/egg-watcher/config/config.default.js",
    "start": 1561426277804,
    "end": 1561426277814,
    "duration": 10,
    "pid": 6096,
    "index": 9
  },
  {
    "name": "Require(7) node_modules/egg-schedule/config/config.default.js",
    "start": 1561426277814,
    "end": 1561426277814,
    "duration": 0,
    "pid": 6096,
    "index": 10
  },
  {
    "name": "Require(8) node_modules/egg-multipart/config/config.default.js",
    "start": 1561426277814,
    "end": 1561426277814,
    "duration": 0,
    "pid": 6096,
    "index": 11
  },
  {
    "name": "Require(9) node_modules/egg-logrotator/config/config.default.js",
    "start": 1561426277814,
    "end": 1561426277814,
    "duration": 0,
    "pid": 6096,
    "index": 12
  },
  {
    "name": "Require(10) node_modules/egg-static/config/config.default.js",
    "start": 1561426277814,
    "end": 1561426277814,
    "duration": 0,
    "pid": 6096,
    "index": 13
  },
  {
    "name": "Require(11) node_modules/egg-view/config/config.default.js",
    "start": 1561426277814,
    "end": 1561426277814,
    "duration": 0,
    "pid": 6096,
    "index": 14
  },
  {
    "name": "Require(12) node_modules/egg-cors/config/config.default.js",
    "start": 1561426277814,
    "end": 1561426277814,
    "duration": 0,
    "pid": 6096,
    "index": 15
  },
  {
    "name": "Require(13) node_modules/egg-mysql/config/config.default.js",
    "start": 1561426277814,
    "end": 1561426277814,
    "duration": 0,
    "pid": 6096,
    "index": 16
  },
  {
    "name": "Require(14) node_modules/egg/config/config.default.js",
    "start": 1561426277814,
    "end": 1561426277814,
    "duration": 0,
    "pid": 6096,
    "index": 17
  },
  {
    "name": "Require(15) config/config.default.js",
    "start": 1561426277825,
    "end": 1561426277825,
    "duration": 0,
    "pid": 6096,
    "index": 18
  },
  {
    "name": "Require(16) node_modules/egg-static/config/config.prod.js",
    "start": 1561426277828,
    "end": 1561426277828,
    "duration": 0,
    "pid": 6096,
    "index": 19
  },
  {
    "name": "Load extend/application.js",
    "start": 1561426277832,
    "end": 1561426277847,
    "duration": 15,
    "pid": 6096,
    "index": 20
  },
  {
    "name": "Require(17) node_modules/egg-session/app/extend/application.js",
    "start": 1561426277833,
    "end": 1561426277833,
    "duration": 0,
    "pid": 6096,
    "index": 21
  },
  {
    "name": "Require(18) node_modules/egg-security/app/extend/application.js",
    "start": 1561426277834,
    "end": 1561426277835,
    "duration": 1,
    "pid": 6096,
    "index": 22
  },
  {
    "name": "Require(19) node_modules/egg-jsonp/app/extend/application.js",
    "start": 1561426277836,
    "end": 1561426277837,
    "duration": 1,
    "pid": 6096,
    "index": 23
  },
  {
    "name": "Require(20) node_modules/egg-logrotator/app/extend/application.js",
    "start": 1561426277839,
    "end": 1561426277840,
    "duration": 1,
    "pid": 6096,
    "index": 24
  },
  {
    "name": "Require(21) node_modules/egg-view/app/extend/application.js",
    "start": 1561426277841,
    "end": 1561426277843,
    "duration": 2,
    "pid": 6096,
    "index": 25
  },
  {
    "name": "Load extend/request.js",
    "start": 1561426277847,
    "end": 1561426277850,
    "duration": 3,
    "pid": 6096,
    "index": 26
  },
  {
    "name": "Require(22) node_modules/egg/app/extend/request.js",
    "start": 1561426277850,
    "end": 1561426277850,
    "duration": 0,
    "pid": 6096,
    "index": 27
  },
  {
    "name": "Load extend/response.js",
    "start": 1561426277850,
    "end": 1561426277860,
    "duration": 10,
    "pid": 6096,
    "index": 28
  },
  {
    "name": "Require(23) node_modules/egg/app/extend/response.js",
    "start": 1561426277850,
    "end": 1561426277860,
    "duration": 10,
    "pid": 6096,
    "index": 29
  },
  {
    "name": "Load extend/context.js",
    "start": 1561426277860,
    "end": 1561426277968,
    "duration": 108,
    "pid": 6096,
    "index": 30
  },
  {
    "name": "Require(24) node_modules/egg-security/app/extend/context.js",
    "start": 1561426277860,
    "end": 1561426277878,
    "duration": 18,
    "pid": 6096,
    "index": 31
  },
  {
    "name": "Require(25) node_modules/egg-jsonp/app/extend/context.js",
    "start": 1561426277878,
    "end": 1561426277880,
    "duration": 2,
    "pid": 6096,
    "index": 32
  },
  {
    "name": "Require(26) node_modules/egg-i18n/app/extend/context.js",
    "start": 1561426277880,
    "end": 1561426277881,
    "duration": 1,
    "pid": 6096,
    "index": 33
  },
  {
    "name": "Require(27) node_modules/egg-multipart/app/extend/context.js",
    "start": 1561426277882,
    "end": 1561426277956,
    "duration": 74,
    "pid": 6096,
    "index": 34
  },
  {
    "name": "Require(28) node_modules/egg-view/app/extend/context.js",
    "start": 1561426277957,
    "end": 1561426277961,
    "duration": 4,
    "pid": 6096,
    "index": 35
  },
  {
    "name": "Require(29) node_modules/egg-validate/app/extend/context.js",
    "start": 1561426277961,
    "end": 1561426277962,
    "duration": 1,
    "pid": 6096,
    "index": 36
  },
  {
    "name": "Require(30) node_modules/egg/app/extend/context.js",
    "start": 1561426277963,
    "end": 1561426277964,
    "duration": 1,
    "pid": 6096,
    "index": 37
  },
  {
    "name": "Load extend/helper.js",
    "start": 1561426277968,
    "end": 1561426277998,
    "duration": 30,
    "pid": 6096,
    "index": 38
  },
  {
    "name": "Require(31) node_modules/egg-security/app/extend/helper.js",
    "start": 1561426277969,
    "end": 1561426277990,
    "duration": 21,
    "pid": 6096,
    "index": 39
  },
  {
    "name": "Require(32) node_modules/egg/app/extend/helper.js",
    "start": 1561426277993,
    "end": 1561426277994,
    "duration": 1,
    "pid": 6096,
    "index": 40
  },
  {
    "name": "Load app.js",
    "start": 1561426277998,
    "end": 1561426278073,
    "duration": 75,
    "pid": 6096,
    "index": 41
  },
  {
    "name": "Require(33) node_modules/egg-session/app.js",
    "start": 1561426277999,
    "end": 1561426277999,
    "duration": 0,
    "pid": 6096,
    "index": 42
  },
  {
    "name": "Require(34) node_modules/egg-security/app.js",
    "start": 1561426278000,
    "end": 1561426278000,
    "duration": 0,
    "pid": 6096,
    "index": 43
  },
  {
    "name": "Require(35) node_modules/egg-onerror/app.js",
    "start": 1561426278000,
    "end": 1561426278010,
    "duration": 10,
    "pid": 6096,
    "index": 44
  },
  {
    "name": "Require(36) node_modules/egg-i18n/app.js",
    "start": 1561426278010,
    "end": 1561426278033,
    "duration": 23,
    "pid": 6096,
    "index": 45
  },
  {
    "name": "Require(37) node_modules/egg-watcher/app.js",
    "start": 1561426278033,
    "end": 1561426278034,
    "duration": 1,
    "pid": 6096,
    "index": 46
  },
  {
    "name": "Require(38) node_modules/egg-schedule/app.js",
    "start": 1561426278034,
    "end": 1561426278034,
    "duration": 0,
    "pid": 6096,
    "index": 47
  },
  {
    "name": "Require(39) node_modules/egg-multipart/app.js",
    "start": 1561426278034,
    "end": 1561426278034,
    "duration": 0,
    "pid": 6096,
    "index": 48
  },
  {
    "name": "Require(40) node_modules/egg-logrotator/app.js",
    "start": 1561426278044,
    "end": 1561426278044,
    "duration": 0,
    "pid": 6096,
    "index": 49
  },
  {
    "name": "Require(41) node_modules/egg-static/app.js",
    "start": 1561426278045,
    "end": 1561426278045,
    "duration": 0,
    "pid": 6096,
    "index": 50
  },
  {
    "name": "Require(42) node_modules/egg-validate/app.js",
    "start": 1561426278046,
    "end": 1561426278046,
    "duration": 0,
    "pid": 6096,
    "index": 51
  },
  {
    "name": "Require(43) node_modules/egg-cors/app.js",
    "start": 1561426278046,
    "end": 1561426278046,
    "duration": 0,
    "pid": 6096,
    "index": 52
  },
  {
    "name": "Require(44) node_modules/egg-mysql/app.js",
    "start": 1561426278046,
    "end": 1561426278072,
    "duration": 26,
    "pid": 6096,
    "index": 53
  },
  {
    "name": "Before Start in node_modules/egg-watcher/lib/init.js:15:14",
    "start": 1561426278094,
    "end": 1561426278591,
    "duration": 497,
    "pid": 6096,
    "index": 54
  },
  {
    "name": "Before Start in node_modules/egg-mysql/lib/mysql.js:20:7",
    "start": 1561426278259,
    "end": 1561426278601,
    "duration": 342,
    "pid": 6096,
    "index": 55
  },
  {
    "name": "Load Service",
    "start": 1561426278259,
    "end": 1561426278300,
    "duration": 41,
    "pid": 6096,
    "index": 56
  },
  {
    "name": "Load \"service\" to Context",
    "start": 1561426278259,
    "end": 1561426278300,
    "duration": 41,
    "pid": 6096,
    "index": 57
  },
  {
    "name": "Load Middleware",
    "start": 1561426278300,
    "end": 1561426278463,
    "duration": 163,
    "pid": 6096,
    "index": 58
  },
  {
    "name": "Load \"middlewares\" to Application",
    "start": 1561426278300,
    "end": 1561426278452,
    "duration": 152,
    "pid": 6096,
    "index": 59
  },
  {
    "name": "Load Controller",
    "start": 1561426278463,
    "end": 1561426278494,
    "duration": 31,
    "pid": 6096,
    "index": 60
  },
  {
    "name": "Load \"controller\" to Application",
    "start": 1561426278463,
    "end": 1561426278494,
    "duration": 31,
    "pid": 6096,
    "index": 61
  },
  {
    "name": "Load Router",
    "start": 1561426278494,
    "end": 1561426278501,
    "duration": 7,
    "pid": 6096,
    "index": 62
  },
  {
    "name": "Require(45) app/router.js",
    "start": 1561426278494,
    "end": 1561426278495,
    "duration": 1,
    "pid": 6096,
    "index": 63
  },
  {
    "name": "Before Start in node_modules/egg-core/lib/egg.js:303:10",
    "start": 1561426278496,
    "end": 1561426278526,
    "duration": 30,
    "pid": 6096,
    "index": 64
  }
]