[
  {
    "name": "Application Start",
    "start": 1565169133554,
    "end": 1565169135606,
    "duration": 2052,
    "pid": 21616,
    "index": 0
  },
  {
    "name": "Load Plugin",
    "start": 1565169133571,
    "end": 1565169133663,
    "duration": 92,
    "pid": 21616,
    "index": 1
  },
  {
    "name": "Load Config",
    "start": 1565169133663,
    "end": 1565169133728,
    "duration": 65,
    "pid": 21616,
    "index": 2
  },
  {
    "name": "Require(0) config/config.default.js",
    "start": 1565169133665,
    "end": 1565169133666,
    "duration": 1,
    "pid": 21616,
    "index": 3
  },
  {
    "name": "Require(1) node_modules/egg-session/config/config.default.js",
    "start": 1565169133670,
    "end": 1565169133671,
    "duration": 1,
    "pid": 21616,
    "index": 4
  },
  {
    "name": "Require(2) node_modules/egg-security/config/config.default.js",
    "start": 1565169133673,
    "end": 1565169133673,
    "duration": 0,
    "pid": 21616,
    "index": 5
  },
  {
    "name": "Require(3) node_modules/egg-jsonp/config/config.default.js",
    "start": 1565169133677,
    "end": 1565169133677,
    "duration": 0,
    "pid": 21616,
    "index": 6
  },
  {
    "name": "Require(4) node_modules/egg-onerror/config/config.default.js",
    "start": 1565169133679,
    "end": 1565169133680,
    "duration": 1,
    "pid": 21616,
    "index": 7
  },
  {
    "name": "Require(5) node_modules/egg-i18n/config/config.default.js",
    "start": 1565169133682,
    "end": 1565169133682,
    "duration": 0,
    "pid": 21616,
    "index": 8
  },
  {
    "name": "Require(6) node_modules/egg-watcher/config/config.default.js",
    "start": 1565169133684,
    "end": 1565169133685,
    "duration": 1,
    "pid": 21616,
    "index": 9
  },
  {
    "name": "Require(7) node_modules/egg-schedule/config/config.default.js",
    "start": 1565169133687,
    "end": 1565169133688,
    "duration": 1,
    "pid": 21616,
    "index": 10
  },
  {
    "name": "Require(8) node_modules/egg-multipart/config/config.default.js",
    "start": 1565169133690,
    "end": 1565169133690,
    "duration": 0,
    "pid": 21616,
    "index": 11
  },
  {
    "name": "Require(9) node_modules/egg-logrotator/config/config.default.js",
    "start": 1565169133693,
    "end": 1565169133693,
    "duration": 0,
    "pid": 21616,
    "index": 12
  },
  {
    "name": "Require(10) node_modules/egg-static/config/config.default.js",
    "start": 1565169133696,
    "end": 1565169133696,
    "duration": 0,
    "pid": 21616,
    "index": 13
  },
  {
    "name": "Require(11) node_modules/egg-view/config/config.default.js",
    "start": 1565169133698,
    "end": 1565169133699,
    "duration": 1,
    "pid": 21616,
    "index": 14
  },
  {
    "name": "Require(12) node_modules/egg-cors/config/config.default.js",
    "start": 1565169133702,
    "end": 1565169133703,
    "duration": 1,
    "pid": 21616,
    "index": 15
  },
  {
    "name": "Require(13) node_modules/egg-mysql/config/config.default.js",
    "start": 1565169133705,
    "end": 1565169133705,
    "duration": 0,
    "pid": 21616,
    "index": 16
  },
  {
    "name": "Require(14) node_modules/egg/config/config.default.js",
    "start": 1565169133707,
    "end": 1565169133708,
    "duration": 1,
    "pid": 21616,
    "index": 17
  },
  {
    "name": "Require(15) config/config.default.js",
    "start": 1565169133711,
    "end": 1565169133711,
    "duration": 0,
    "pid": 21616,
    "index": 18
  },
  {
    "name": "Require(16) node_modules/egg-static/config/config.prod.js",
    "start": 1565169133721,
    "end": 1565169133722,
    "duration": 1,
    "pid": 21616,
    "index": 19
  },
  {
    "name": "Load extend/application.js",
    "start": 1565169133730,
    "end": 1565169133803,
    "duration": 73,
    "pid": 21616,
    "index": 20
  },
  {
    "name": "Require(17) node_modules/egg-session/app/extend/application.js",
    "start": 1565169133732,
    "end": 1565169133733,
    "duration": 1,
    "pid": 21616,
    "index": 21
  },
  {
    "name": "Require(18) node_modules/egg-security/app/extend/application.js",
    "start": 1565169133735,
    "end": 1565169133738,
    "duration": 3,
    "pid": 21616,
    "index": 22
  },
  {
    "name": "Require(19) node_modules/egg-jsonp/app/extend/application.js",
    "start": 1565169133740,
    "end": 1565169133746,
    "duration": 6,
    "pid": 21616,
    "index": 23
  },
  {
    "name": "Require(20) node_modules/egg-logrotator/app/extend/application.js",
    "start": 1565169133752,
    "end": 1565169133778,
    "duration": 26,
    "pid": 21616,
    "index": 24
  },
  {
    "name": "Require(21) node_modules/egg-view/app/extend/application.js",
    "start": 1565169133780,
    "end": 1565169133785,
    "duration": 5,
    "pid": 21616,
    "index": 25
  },
  {
    "name": "Load extend/request.js",
    "start": 1565169133803,
    "end": 1565169133841,
    "duration": 38,
    "pid": 21616,
    "index": 26
  },
  {
    "name": "Require(22) node_modules/egg/app/extend/request.js",
    "start": 1565169133819,
    "end": 1565169133825,
    "duration": 6,
    "pid": 21616,
    "index": 27
  },
  {
    "name": "Load extend/response.js",
    "start": 1565169133841,
    "end": 1565169133881,
    "duration": 40,
    "pid": 21616,
    "index": 28
  },
  {
    "name": "Require(23) node_modules/egg/app/extend/response.js",
    "start": 1565169133855,
    "end": 1565169133865,
    "duration": 10,
    "pid": 21616,
    "index": 29
  },
  {
    "name": "Load extend/context.js",
    "start": 1565169133881,
    "end": 1565169134127,
    "duration": 246,
    "pid": 21616,
    "index": 30
  },
  {
    "name": "Require(24) node_modules/egg-security/app/extend/context.js",
    "start": 1565169133883,
    "end": 1565169133950,
    "duration": 67,
    "pid": 21616,
    "index": 31
  },
  {
    "name": "Require(25) node_modules/egg-jsonp/app/extend/context.js",
    "start": 1565169133952,
    "end": 1565169133961,
    "duration": 9,
    "pid": 21616,
    "index": 32
  },
  {
    "name": "Require(26) node_modules/egg-i18n/app/extend/context.js",
    "start": 1565169133963,
    "end": 1565169133964,
    "duration": 1,
    "pid": 21616,
    "index": 33
  },
  {
    "name": "Require(27) node_modules/egg-multipart/app/extend/context.js",
    "start": 1565169133967,
    "end": 1565169134086,
    "duration": 119,
    "pid": 21616,
    "index": 34
  },
  {
    "name": "Require(28) node_modules/egg-view/app/extend/context.js",
    "start": 1565169134088,
    "end": 1565169134092,
    "duration": 4,
    "pid": 21616,
    "index": 35
  },
  {
    "name": "Require(29) node_modules/egg-validate/app/extend/context.js",
    "start": 1565169134093,
    "end": 1565169134094,
    "duration": 1,
    "pid": 21616,
    "index": 36
  },
  {
    "name": "Require(30) node_modules/egg/app/extend/context.js",
    "start": 1565169134098,
    "end": 1565169134110,
    "duration": 12,
    "pid": 21616,
    "index": 37
  },
  {
    "name": "Load extend/helper.js",
    "start": 1565169134127,
    "end": 1565169134221,
    "duration": 94,
    "pid": 21616,
    "index": 38
  },
  {
    "name": "Require(31) node_modules/egg-security/app/extend/helper.js",
    "start": 1565169134130,
    "end": 1565169134190,
    "duration": 60,
    "pid": 21616,
    "index": 39
  },
  {
    "name": "Require(32) node_modules/egg/app/extend/helper.js",
    "start": 1565169134203,
    "end": 1565169134204,
    "duration": 1,
    "pid": 21616,
    "index": 40
  },
  {
    "name": "Load app.js",
    "start": 1565169134221,
    "end": 1565169134427,
    "duration": 206,
    "pid": 21616,
    "index": 41
  },
  {
    "name": "Require(33) node_modules/egg-session/app.js",
    "start": 1565169134222,
    "end": 1565169134223,
    "duration": 1,
    "pid": 21616,
    "index": 42
  },
  {
    "name": "Require(34) node_modules/egg-security/app.js",
    "start": 1565169134224,
    "end": 1565169134232,
    "duration": 8,
    "pid": 21616,
    "index": 43
  },
  {
    "name": "Require(35) node_modules/egg-onerror/app.js",
    "start": 1565169134235,
    "end": 1565169134274,
    "duration": 39,
    "pid": 21616,
    "index": 44
  },
  {
    "name": "Require(36) node_modules/egg-i18n/app.js",
    "start": 1565169134276,
    "end": 1565169134318,
    "duration": 42,
    "pid": 21616,
    "index": 45
  },
  {
    "name": "Require(37) node_modules/egg-watcher/app.js",
    "start": 1565169134319,
    "end": 1565169134334,
    "duration": 15,
    "pid": 21616,
    "index": 46
  },
  {
    "name": "Require(38) node_modules/egg-schedule/app.js",
    "start": 1565169134335,
    "end": 1565169134341,
    "duration": 6,
    "pid": 21616,
    "index": 47
  },
  {
    "name": "Require(39) node_modules/egg-multipart/app.js",
    "start": 1565169134342,
    "end": 1565169134354,
    "duration": 12,
    "pid": 21616,
    "index": 48
  },
  {
    "name": "Require(40) node_modules/egg-logrotator/app.js",
    "start": 1565169134355,
    "end": 1565169134356,
    "duration": 1,
    "pid": 21616,
    "index": 49
  },
  {
    "name": "Require(41) node_modules/egg-static/app.js",
    "start": 1565169134357,
    "end": 1565169134358,
    "duration": 1,
    "pid": 21616,
    "index": 50
  },
  {
    "name": "Require(42) node_modules/egg-validate/app.js",
    "start": 1565169134362,
    "end": 1565169134368,
    "duration": 6,
    "pid": 21616,
    "index": 51
  },
  {
    "name": "Require(43) node_modules/egg-cors/app.js",
    "start": 1565169134370,
    "end": 1565169134370,
    "duration": 0,
    "pid": 21616,
    "index": 52
  },
  {
    "name": "Require(44) node_modules/egg-mysql/app.js",
    "start": 1565169134372,
    "end": 1565169134422,
    "duration": 50,
    "pid": 21616,
    "index": 53
  },
  {
    "name": "Before Start in node_modules/egg-watcher/lib/init.js:15:14",
    "start": 1565169134469,
    "end": 1565169135603,
    "duration": 1134,
    "pid": 21616,
    "index": 54
  },
  {
    "name": "Before Start in node_modules/egg-mysql/lib/mysql.js:20:7",
    "start": 1565169134827,
    "end": 1565169135599,
    "duration": 772,
    "pid": 21616,
    "index": 55
  },
  {
    "name": "Load Service",
    "start": 1565169134828,
    "end": 1565169134892,
    "duration": 64,
    "pid": 21616,
    "index": 56
  },
  {
    "name": "Load \"service\" to Context",
    "start": 1565169134828,
    "end": 1565169134892,
    "duration": 64,
    "pid": 21616,
    "index": 57
  },
  {
    "name": "Load Middleware",
    "start": 1565169134893,
    "end": 1565169135463,
    "duration": 570,
    "pid": 21616,
    "index": 58
  },
  {
    "name": "Load \"middlewares\" to Application",
    "start": 1565169134893,
    "end": 1565169135422,
    "duration": 529,
    "pid": 21616,
    "index": 59
  },
  {
    "name": "Load Controller",
    "start": 1565169135463,
    "end": 1565169135528,
    "duration": 65,
    "pid": 21616,
    "index": 60
  },
  {
    "name": "Load \"controller\" to Application",
    "start": 1565169135463,
    "end": 1565169135528,
    "duration": 65,
    "pid": 21616,
    "index": 61
  },
  {
    "name": "Load Router",
    "start": 1565169135528,
    "end": 1565169135536,
    "duration": 8,
    "pid": 21616,
    "index": 62
  },
  {
    "name": "Require(45) app/router.js",
    "start": 1565169135530,
    "end": 1565169135531,
    "duration": 1,
    "pid": 21616,
    "index": 63
  },
  {
    "name": "Before Start in node_modules/egg-core/lib/egg.js:303:10",
    "start": 1565169135532,
    "end": 1565169135560,
    "duration": 28,
    "pid": 21616,
    "index": 64
  }
]