[
  {
    "name": "Application Start",
    "start": 1565002789288,
    "end": 1565002791194,
    "duration": 1906,
    "pid": 1388,
    "index": 0
  },
  {
    "name": "Load Plugin",
    "start": 1565002789304,
    "end": 1565002789395,
    "duration": 91,
    "pid": 1388,
    "index": 1
  },
  {
    "name": "Load Config",
    "start": 1565002789395,
    "end": 1565002789473,
    "duration": 78,
    "pid": 1388,
    "index": 2
  },
  {
    "name": "Require(0) config/config.default.js",
    "start": 1565002789397,
    "end": 1565002789398,
    "duration": 1,
    "pid": 1388,
    "index": 3
  },
  {
    "name": "Require(1) node_modules/egg-session/config/config.default.js",
    "start": 1565002789403,
    "end": 1565002789404,
    "duration": 1,
    "pid": 1388,
    "index": 4
  },
  {
    "name": "Require(2) node_modules/egg-security/config/config.default.js",
    "start": 1565002789406,
    "end": 1565002789406,
    "duration": 0,
    "pid": 1388,
    "index": 5
  },
  {
    "name": "Require(3) node_modules/egg-jsonp/config/config.default.js",
    "start": 1565002789409,
    "end": 1565002789410,
    "duration": 1,
    "pid": 1388,
    "index": 6
  },
  {
    "name": "Require(4) node_modules/egg-onerror/config/config.default.js",
    "start": 1565002789412,
    "end": 1565002789412,
    "duration": 0,
    "pid": 1388,
    "index": 7
  },
  {
    "name": "Require(5) node_modules/egg-i18n/config/config.default.js",
    "start": 1565002789414,
    "end": 1565002789415,
    "duration": 1,
    "pid": 1388,
    "index": 8
  },
  {
    "name": "Require(6) node_modules/egg-watcher/config/config.default.js",
    "start": 1565002789417,
    "end": 1565002789418,
    "duration": 1,
    "pid": 1388,
    "index": 9
  },
  {
    "name": "Require(7) node_modules/egg-schedule/config/config.default.js",
    "start": 1565002789419,
    "end": 1565002789420,
    "duration": 1,
    "pid": 1388,
    "index": 10
  },
  {
    "name": "Require(8) node_modules/egg-multipart/config/config.default.js",
    "start": 1565002789422,
    "end": 1565002789423,
    "duration": 1,
    "pid": 1388,
    "index": 11
  },
  {
    "name": "Require(9) node_modules/egg-logrotator/config/config.default.js",
    "start": 1565002789425,
    "end": 1565002789426,
    "duration": 1,
    "pid": 1388,
    "index": 12
  },
  {
    "name": "Require(10) node_modules/egg-static/config/config.default.js",
    "start": 1565002789428,
    "end": 1565002789429,
    "duration": 1,
    "pid": 1388,
    "index": 13
  },
  {
    "name": "Require(11) node_modules/egg-view/config/config.default.js",
    "start": 1565002789431,
    "end": 1565002789431,
    "duration": 0,
    "pid": 1388,
    "index": 14
  },
  {
    "name": "Require(12) node_modules/egg-cors/config/config.default.js",
    "start": 1565002789436,
    "end": 1565002789436,
    "duration": 0,
    "pid": 1388,
    "index": 15
  },
  {
    "name": "Require(13) node_modules/egg-mysql/config/config.default.js",
    "start": 1565002789440,
    "end": 1565002789441,
    "duration": 1,
    "pid": 1388,
    "index": 16
  },
  {
    "name": "Require(14) node_modules/egg/config/config.default.js",
    "start": 1565002789444,
    "end": 1565002789444,
    "duration": 0,
    "pid": 1388,
    "index": 17
  },
  {
    "name": "Require(15) config/config.default.js",
    "start": 1565002789450,
    "end": 1565002789450,
    "duration": 0,
    "pid": 1388,
    "index": 18
  },
  {
    "name": "Require(16) node_modules/egg-static/config/config.prod.js",
    "start": 1565002789467,
    "end": 1565002789468,
    "duration": 1,
    "pid": 1388,
    "index": 19
  },
  {
    "name": "Load extend/application.js",
    "start": 1565002789476,
    "end": 1565002789550,
    "duration": 74,
    "pid": 1388,
    "index": 20
  },
  {
    "name": "Require(17) node_modules/egg-session/app/extend/application.js",
    "start": 1565002789478,
    "end": 1565002789479,
    "duration": 1,
    "pid": 1388,
    "index": 21
  },
  {
    "name": "Require(18) node_modules/egg-security/app/extend/application.js",
    "start": 1565002789480,
    "end": 1565002789484,
    "duration": 4,
    "pid": 1388,
    "index": 22
  },
  {
    "name": "Require(19) node_modules/egg-jsonp/app/extend/application.js",
    "start": 1565002789486,
    "end": 1565002789492,
    "duration": 6,
    "pid": 1388,
    "index": 23
  },
  {
    "name": "Require(20) node_modules/egg-logrotator/app/extend/application.js",
    "start": 1565002789498,
    "end": 1565002789524,
    "duration": 26,
    "pid": 1388,
    "index": 24
  },
  {
    "name": "Require(21) node_modules/egg-view/app/extend/application.js",
    "start": 1565002789527,
    "end": 1565002789533,
    "duration": 6,
    "pid": 1388,
    "index": 25
  },
  {
    "name": "Load extend/request.js",
    "start": 1565002789550,
    "end": 1565002789584,
    "duration": 34,
    "pid": 1388,
    "index": 26
  },
  {
    "name": "Require(22) node_modules/egg/app/extend/request.js",
    "start": 1565002789565,
    "end": 1565002789570,
    "duration": 5,
    "pid": 1388,
    "index": 27
  },
  {
    "name": "Load extend/response.js",
    "start": 1565002789584,
    "end": 1565002789621,
    "duration": 37,
    "pid": 1388,
    "index": 28
  },
  {
    "name": "Require(23) node_modules/egg/app/extend/response.js",
    "start": 1565002789598,
    "end": 1565002789605,
    "duration": 7,
    "pid": 1388,
    "index": 29
  },
  {
    "name": "Load extend/context.js",
    "start": 1565002789621,
    "end": 1565002789842,
    "duration": 221,
    "pid": 1388,
    "index": 30
  },
  {
    "name": "Require(24) node_modules/egg-security/app/extend/context.js",
    "start": 1565002789623,
    "end": 1565002789684,
    "duration": 61,
    "pid": 1388,
    "index": 31
  },
  {
    "name": "Require(25) node_modules/egg-jsonp/app/extend/context.js",
    "start": 1565002789685,
    "end": 1565002789691,
    "duration": 6,
    "pid": 1388,
    "index": 32
  },
  {
    "name": "Require(26) node_modules/egg-i18n/app/extend/context.js",
    "start": 1565002789694,
    "end": 1565002789696,
    "duration": 2,
    "pid": 1388,
    "index": 33
  },
  {
    "name": "Require(27) node_modules/egg-multipart/app/extend/context.js",
    "start": 1565002789700,
    "end": 1565002789809,
    "duration": 109,
    "pid": 1388,
    "index": 34
  },
  {
    "name": "Require(28) node_modules/egg-view/app/extend/context.js",
    "start": 1565002789812,
    "end": 1565002789815,
    "duration": 3,
    "pid": 1388,
    "index": 35
  },
  {
    "name": "Require(29) node_modules/egg-validate/app/extend/context.js",
    "start": 1565002789817,
    "end": 1565002789818,
    "duration": 1,
    "pid": 1388,
    "index": 36
  },
  {
    "name": "Require(30) node_modules/egg/app/extend/context.js",
    "start": 1565002789820,
    "end": 1565002789829,
    "duration": 9,
    "pid": 1388,
    "index": 37
  },
  {
    "name": "Load extend/helper.js",
    "start": 1565002789842,
    "end": 1565002789925,
    "duration": 83,
    "pid": 1388,
    "index": 38
  },
  {
    "name": "Require(31) node_modules/egg-security/app/extend/helper.js",
    "start": 1565002789844,
    "end": 1565002789900,
    "duration": 56,
    "pid": 1388,
    "index": 39
  },
  {
    "name": "Require(32) node_modules/egg/app/extend/helper.js",
    "start": 1565002789910,
    "end": 1565002789911,
    "duration": 1,
    "pid": 1388,
    "index": 40
  },
  {
    "name": "Load app.js",
    "start": 1565002789925,
    "end": 1565002790123,
    "duration": 198,
    "pid": 1388,
    "index": 41
  },
  {
    "name": "Require(33) node_modules/egg-session/app.js",
    "start": 1565002789926,
    "end": 1565002789927,
    "duration": 1,
    "pid": 1388,
    "index": 42
  },
  {
    "name": "Require(34) node_modules/egg-security/app.js",
    "start": 1565002789928,
    "end": 1565002789936,
    "duration": 8,
    "pid": 1388,
    "index": 43
  },
  {
    "name": "Require(35) node_modules/egg-onerror/app.js",
    "start": 1565002789939,
    "end": 1565002789975,
    "duration": 36,
    "pid": 1388,
    "index": 44
  },
  {
    "name": "Require(36) node_modules/egg-i18n/app.js",
    "start": 1565002789976,
    "end": 1565002790013,
    "duration": 37,
    "pid": 1388,
    "index": 45
  },
  {
    "name": "Require(37) node_modules/egg-watcher/app.js",
    "start": 1565002790015,
    "end": 1565002790029,
    "duration": 14,
    "pid": 1388,
    "index": 46
  },
  {
    "name": "Require(38) node_modules/egg-schedule/app.js",
    "start": 1565002790030,
    "end": 1565002790036,
    "duration": 6,
    "pid": 1388,
    "index": 47
  },
  {
    "name": "Require(39) node_modules/egg-multipart/app.js",
    "start": 1565002790037,
    "end": 1565002790047,
    "duration": 10,
    "pid": 1388,
    "index": 48
  },
  {
    "name": "Require(40) node_modules/egg-logrotator/app.js",
    "start": 1565002790048,
    "end": 1565002790049,
    "duration": 1,
    "pid": 1388,
    "index": 49
  },
  {
    "name": "Require(41) node_modules/egg-static/app.js",
    "start": 1565002790050,
    "end": 1565002790051,
    "duration": 1,
    "pid": 1388,
    "index": 50
  },
  {
    "name": "Require(42) node_modules/egg-validate/app.js",
    "start": 1565002790055,
    "end": 1565002790061,
    "duration": 6,
    "pid": 1388,
    "index": 51
  },
  {
    "name": "Require(43) node_modules/egg-cors/app.js",
    "start": 1565002790063,
    "end": 1565002790064,
    "duration": 1,
    "pid": 1388,
    "index": 52
  },
  {
    "name": "Require(44) node_modules/egg-mysql/app.js",
    "start": 1565002790068,
    "end": 1565002790118,
    "duration": 50,
    "pid": 1388,
    "index": 53
  },
  {
    "name": "Before Start in node_modules/egg-watcher/lib/init.js:15:14",
    "start": 1565002790170,
    "end": 1565002791188,
    "duration": 1018,
    "pid": 1388,
    "index": 54
  },
  {
    "name": "Before Start in node_modules/egg-mysql/lib/mysql.js:20:7",
    "start": 1565002790556,
    "end": 1565002791191,
    "duration": 635,
    "pid": 1388,
    "index": 55
  },
  {
    "name": "Load Service",
    "start": 1565002790557,
    "end": 1565002790618,
    "duration": 61,
    "pid": 1388,
    "index": 56
  },
  {
    "name": "Load \"service\" to Context",
    "start": 1565002790557,
    "end": 1565002790618,
    "duration": 61,
    "pid": 1388,
    "index": 57
  },
  {
    "name": "Load Middleware",
    "start": 1565002790619,
    "end": 1565002791085,
    "duration": 466,
    "pid": 1388,
    "index": 58
  },
  {
    "name": "Load \"middlewares\" to Application",
    "start": 1565002790619,
    "end": 1565002791053,
    "duration": 434,
    "pid": 1388,
    "index": 59
  },
  {
    "name": "Load Controller",
    "start": 1565002791085,
    "end": 1565002791136,
    "duration": 51,
    "pid": 1388,
    "index": 60
  },
  {
    "name": "Load \"controller\" to Application",
    "start": 1565002791085,
    "end": 1565002791135,
    "duration": 50,
    "pid": 1388,
    "index": 61
  },
  {
    "name": "Load Router",
    "start": 1565002791136,
    "end": 1565002791143,
    "duration": 7,
    "pid": 1388,
    "index": 62
  },
  {
    "name": "Require(45) app/router.js",
    "start": 1565002791137,
    "end": 1565002791138,
    "duration": 1,
    "pid": 1388,
    "index": 63
  },
  {
    "name": "Before Start in node_modules/egg-core/lib/egg.js:303:10",
    "start": 1565002791139,
    "end": 1565002791163,
    "duration": 24,
    "pid": 1388,
    "index": 64
  }
]